Product_ID,Product_Name,Category,Subcategory,Supplier,Warehouse,Stock_Date,Stock_Month,Opening_Stock,Stock_Received,Units_Sold,Damaged_Units,Reorder_Level,Unit_Cost,Selling_Price,Total_Sale,Supplier_Rating,Lead_Time_Days,Stock_Status,Reorder_Required,Closing_Stock
50001,Product 2301,Home,Standard,Supplier E,Pune WH,01-10-2025,October,312,211,582,10,70,2333,13468,7838376,3.5,2,In Stock,Yes,-69
50002,Product 4283,Fashion,Standard,Supplier B,Pune WH,01-02-2025,February,97,48,696,10,31,1685,211,146856,3.4,6,Out of Stock,No,-561
50003,Product 1075,Beauty,Basic,Supplier A,Mumbai WH,03-09-2025,September,414,275,14,20,68,2163,8401,117614,3.3,19,In Stock,No,655
50004,Product 9461,Beauty,Standard,Supplier B,Delhi WH,17-03-2025,March,137,30,281,5,157,913,11709,3290229,3.7,14,In Stock,No,-119
50005,Product 1528,Fashion,Premium,Supplier A,Delhi WH,09-05-2025,May,718,128,47,43,108,2747,8771,412237,2.8,8,In Stock,No,756
50006,Product 6387,Electronics,Premium,Supplier A,Delhi WH,28-03-2025,March,681,225,79,5,166,3242,3234,255486,4.4,13,Low Stock,No,822
50007,Product 3003,Fashion,Special,Supplier C,Pune WH,22-05-2025,May,191,312,109,3,157,1263,12180,1327620,4.2,13,In Stock,No,391
50008,Product 4646,Home,Basic,Supplier B,Pune WH,11-11-2025,November,368,84,377,23,155,606,12737,4801849,2.8,1,Low Stock,Yes,52
50009,Product 5092,Sports,Special,Supplier B,Bengaluru WH,07-03-2025,March,215,413,589,17,178,1219,524,308636,3.7,20,In Stock,No,22
50010,Product 2894,Beauty,Basic,Supplier A,Bengaluru WH,16-02-2025,February,234,428,92,22,175,7739,6541,601772,2.8,6,Out of Stock,No,548
50011,Product 5153,Beauty,Basic,Supplier B,Bengaluru WH,30-06-2025,June,298,158,557,23,105,3733,5168,2878576,4.9,3,Low Stock,Yes,-124
50012,Product 8462,Beauty,Standard,Supplier C,Hyderabad WH,25-05-2025,May,198,269,534,23,138,9172,3118,1665012,2.7,3,In Stock,Yes,-90
50013,Product 9704,Fashion,Basic,Supplier D,Bengaluru WH,26-07-2025,July,805,356,658,29,52,9205,13130,8639540,5,6,In Stock,No,474
50014,Product 4356,Beauty,Standard,Supplier E,Bengaluru WH,30-03-2025,March,247,292,370,25,91,9261,11236,4157320,2.8,2,In Stock,No,144
50015,Product 3915,Grocery,Special,Supplier B,Delhi WH,29-07-2025,July,387,263,645,45,158,9544,12314,7942530,4.6,3,Low Stock,No,-40
50016,Product 3201,Grocery,Special,Supplier E,Mumbai WH,17-10-2025,October,292,438,76,17,116,4157,1634,124184,4.8,1,In Stock,No,637
50017,Product 8687,Electronics,Premium,Supplier A,Hyderabad WH,22-10-2025,October,241,150,391,16,57,2218,2093,818363,3.6,1,In Stock,No,-16
50018,Product 7219,Beauty,Basic,Supplier D,Delhi WH,28-06-2025,June,497,267,582,9,152,4783,6197,3606654,4.4,11,Low Stock,No,173
50019,Product 4961,Home,Standard,Supplier A,Pune WH,01-03-2025,March,697,456,118,47,154,8536,6696,790128,4.9,9,In Stock,Yes,988
50020,Product 8544,Sports,Premium,Supplier B,Bengaluru WH,22-09-2025,September,780,71,206,34,120,7907,12724,2621144,4.5,2,Low Stock,No,611
50021,Product 3189,Sports,Basic,Supplier C,Mumbai WH,05-02-2025,February,823,496,607,1,133,7323,5329,3234703,3.3,16,In Stock,Yes,711
50022,Product 8121,Grocery,Premium,Supplier A,Delhi WH,21-06-2025,June,237,210,393,39,23,1381,7138,2805234,2.6,4,In Stock,No,15
50023,Product 2817,Fashion,Standard,Supplier A,Mumbai WH,02-06-2025,June,574,336,150,26,114,9602,11744,1761600,3.1,11,In Stock,No,734
50024,Product 7590,Home,Special,Supplier A,Hyderabad WH,18-06-2025,June,988,229,514,11,116,6728,7377,3791778,4.4,19,Low Stock,No,692
50025,Product 8307,Fashion,Premium,Supplier E,Hyderabad WH,26-08-2025,August,895,409,561,13,126,9965,2912,1633632,4.6,15,Low Stock,No,730
50026,Product 2846,Electronics,Premium,Supplier D,Hyderabad WH,22-01-2025,January,84,80,458,0,122,1951,9264,4242912,4.4,18,Low Stock,No,-294
50027,Product 6953,Grocery,Premium,Supplier A,Hyderabad WH,21-02-2025,February,424,190,398,42,114,4722,9491,3777418,2.5,5,In Stock,No,174
50028,Product 4645,Fashion,Premium,Supplier D,Pune WH,03-10-2025,October,884,21,546,48,106,3183,11987,6544902,3.3,10,In Stock,No,311
50029,Product 1471,Beauty,Special,Supplier B,Delhi WH,13-08-2025,August,480,206,43,16,49,1944,12361,531523,2.9,12,In Stock,No,627
50030,Product 5940,Sports,Standard,Supplier E,Mumbai WH,18-05-2025,May,54,389,633,50,69,4289,250,158250,4,12,In Stock,Yes,-240
50031,Product 5941,Electronics,Standard,Supplier B,Bengaluru WH,22-03-2025,March,986,155,564,34,199,4768,10686,6026904,3,8,In Stock,Yes,543
50032,Product 1606,Beauty,Basic,Supplier E,Bengaluru WH,19-03-2025,March,891,442,54,48,125,577,5350,288900,3,20,Low Stock,Yes,1231
50033,Product 3306,Electronics,Premium,Supplier C,Pune WH,05-12-2025,December,58,489,412,20,108,9044,3269,1346828,4.3,8,In Stock,No,115
50034,Product 2565,Fashion,Special,Supplier D,Hyderabad WH,07-03-2025,March,490,74,158,33,144,2714,9805,1549190,4.1,18,In Stock,No,373
50035,Product 5018,Fashion,Basic,Supplier D,Pune WH,20-11-2025,November,997,187,156,39,158,1530,655,102180,3.1,1,Low Stock,No,989
50036,Product 1531,Fashion,Standard,Supplier D,Hyderabad WH,09-02-2025,February,289,435,227,20,20,4166,14494,3290138,3.6,10,In Stock,No,477
50037,Product 5952,Fashion,Premium,Supplier E,Bengaluru WH,30-08-2025,August,723,110,411,30,125,1253,10231,4204941,3.8,16,Low Stock,No,392
50038,Product 6375,Fashion,Special,Supplier D,Hyderabad WH,30-08-2025,August,67,281,494,39,70,4528,6615,3267810,4.1,11,In Stock,No,-185
50039,Product 1430,Home,Basic,Supplier D,Hyderabad WH,26-01-2025,January,662,216,674,38,186,5712,5753,3877522,3,20,Low Stock,No,166
50040,Product 4473,Sports,Special,Supplier A,Delhi WH,23-08-2025,August,102,102,244,40,61,1450,4828,1178032,4.3,15,In Stock,No,-80
50041,Product 9257,Beauty,Premium,Supplier A,Mumbai WH,01-07-2025,July,745,291,522,27,81,8432,11941,6233202,2.8,20,In Stock,Yes,487
50042,Product 8476,Home,Basic,Supplier E,Hyderabad WH,10-10-2025,October,893,290,502,15,41,8287,13875,6965250,4.6,3,Low Stock,No,666
50043,Product 5355,Beauty,Special,Supplier E,Hyderabad WH,06-05-2025,May,254,124,42,35,182,2702,5313,223146,3.4,14,Low Stock,Yes,301
50044,Product 5314,Sports,Basic,Supplier A,Bengaluru WH,01-05-2025,May,583,467,352,23,165,9425,10920,3843840,4.6,10,In Stock,No,675
50045,Product 9424,Grocery,Premium,Supplier A,Pune WH,18-09-2025,September,803,376,493,8,53,532,9670,4767310,3.6,19,In Stock,Yes,678
50046,Product 6395,Fashion,Special,Supplier E,Bengaluru WH,16-07-2025,July,483,110,449,7,144,6784,14209,6379841,4.6,4,In Stock,No,137
50047,Product 5660,Grocery,Special,Supplier C,Mumbai WH,10-03-2025,March,127,208,602,29,46,1710,11563,6960926,3.7,20,In Stock,No,-296
50048,Product 5928,Beauty,Standard,Supplier D,Delhi WH,20-08-2025,August,657,385,532,0,124,6267,1397,743204,4.9,4,In Stock,Yes,510
50049,Product 7474,Sports,Special,Supplier C,Delhi WH,28-01-2025,January,232,297,389,18,131,6142,11065,4304285,3.1,3,Low Stock,Yes,122
50050,Product 9729,Sports,Basic,Supplier D,Bengaluru WH,08-10-2025,October,869,60,214,1,145,4747,11052,2365128,2.7,3,Low Stock,Yes,714
50051,Product 9495,Home,Standard,Supplier B,Mumbai WH,08-06-2025,June,113,225,20,35,56,8352,8839,176780,4.5,19,In Stock,No,283
50052,Product 9940,Grocery,Premium,Supplier E,Hyderabad WH,16-12-2025,December,903,200,137,37,31,7793,14057,1925809,4.3,4,In Stock,No,929
50053,Product 3377,Home,Special,Supplier D,Delhi WH,18-09-2025,September,295,438,259,24,179,1027,4250,1100750,3.6,10,In Stock,No,450
50054,Product 5602,Beauty,Premium,Supplier D,Delhi WH,21-03-2025,March,904,10,42,13,111,7268,5454,229068,4.4,4,In Stock,No,859
50055,Product 8608,Beauty,Standard,Supplier E,Delhi WH,01-11-2025,November,763,110,108,48,142,2540,13548,1463184,3.6,18,In Stock,No,717
50056,Product 9596,Beauty,Premium,Supplier B,Delhi WH,12-12-2025,December,91,30,688,9,160,1522,3641,2505008,3.9,13,In Stock,No,-576
50057,Product 2618,Grocery,Standard,Supplier E,Delhi WH,25-08-2025,August,241,404,8,33,78,5261,14799,118392,4.4,20,In Stock,No,604
50058,Product 8198,Home,Standard,Supplier C,Hyderabad WH,22-10-2025,October,908,230,254,3,28,7588,2434,618236,4.5,6,Low Stock,Yes,881
50059,Product 5728,Grocery,Premium,Supplier E,Mumbai WH,17-11-2025,November,748,58,464,27,149,8096,4740,2199360,3.1,19,Out of Stock,No,315
50060,Product 2879,Grocery,Standard,Supplier D,Mumbai WH,01-05-2025,May,834,229,289,12,52,579,5931,1714059,4.5,2,Low Stock,Yes,762
50061,Product 8547,Home,Standard,Supplier A,Pune WH,18-01-2025,January,919,323,157,41,116,5420,11852,1860764,4.1,16,In Stock,Yes,1044
50062,Product 1427,Beauty,Special,Supplier E,Hyderabad WH,26-07-2025,July,334,467,347,8,65,8743,10138,3517886,4.7,4,Out of Stock,No,446
50063,Product 4561,Home,Basic,Supplier A,Pune WH,10-10-2025,October,473,94,539,9,93,2073,3516,1895124,4.9,4,In Stock,No,19
50064,Product 4308,Home,Special,Supplier D,Pune WH,04-12-2025,December,120,412,50,6,80,6980,457,22850,3,10,Low Stock,No,476
50065,Product 4767,Electronics,Standard,Supplier D,Hyderabad WH,31-08-2025,August,95,465,119,4,106,8748,14184,1687896,3.7,2,In Stock,No,437
50066,Product 5904,Grocery,Basic,Supplier A,Mumbai WH,11-01-2025,January,580,322,668,45,28,658,4156,2776208,3.7,11,Out of Stock,No,189
50067,Product 4417,Electronics,Basic,Supplier A,Mumbai WH,05-06-2025,June,928,24,360,37,191,4473,5276,1899360,2.6,6,In Stock,No,555
50068,Product 6319,Home,Premium,Supplier A,Bengaluru WH,25-07-2025,July,27,18,353,27,138,5242,7224,2550072,3,5,In Stock,Yes,-335
50069,Product 8976,Electronics,Premium,Supplier E,Hyderabad WH,15-11-2025,November,327,286,655,5,123,6752,4711,3085705,2.5,1,In Stock,Yes,-47
50070,Product 1212,Beauty,Standard,Supplier B,Hyderabad WH,16-10-2025,October,191,290,616,30,113,7331,6938,4273808,5,9,In Stock,Yes,-165
50071,Product 6586,Beauty,Standard,Supplier E,Hyderabad WH,23-01-2025,January,444,482,560,8,128,2943,2926,1638560,3.2,3,Low Stock,No,358
50072,Product 4647,Home,Standard,Supplier C,Mumbai WH,19-12-2025,December,465,266,181,2,54,7500,7671,1388451,3.1,3,In Stock,No,548
50073,Product 7578,Sports,Special,Supplier A,Hyderabad WH,06-03-2025,March,75,377,11,32,146,1649,4527,49797,3.9,17,In Stock,No,409
50074,Product 9960,Fashion,Standard,Supplier C,Pune WH,10-02-2025,February,109,283,372,0,97,5076,967,359724,2.5,1,In Stock,Yes,20
50075,Product 7106,Grocery,Special,Supplier D,Delhi WH,20-06-2025,June,265,26,433,23,54,8749,6729,2913657,4,20,Low Stock,No,-165
50076,Product 9189,Grocery,Premium,Supplier C,Mumbai WH,19-11-2025,November,979,30,681,35,172,8979,5628,3832668,2.8,5,In Stock,No,293
50077,Product 8398,Sports,Basic,Supplier B,Mumbai WH,29-07-2025,July,430,135,93,26,180,5425,4918,457374,4.2,15,In Stock,No,446
50078,Product 4259,Grocery,Basic,Supplier B,Pune WH,31-05-2025,May,232,297,470,8,136,3147,12834,6031980,4.3,8,In Stock,No,51
50079,Product 6140,Fashion,Standard,Supplier A,Bengaluru WH,26-04-2025,April,777,371,241,50,166,3849,10070,2426870,4.2,7,In Stock,No,857
50080,Product 6081,Fashion,Special,Supplier E,Bengaluru WH,16-03-2025,March,900,24,502,35,37,8805,3300,1656600,3.1,11,In Stock,No,387
50081,Product 8023,Fashion,Standard,Supplier B,Pune WH,08-05-2025,May,124,166,259,41,55,8493,3812,987308,4.4,12,Out of Stock,No,-10
50082,Product 6696,Sports,Basic,Supplier D,Hyderabad WH,03-01-2025,January,373,263,626,29,131,5419,10919,6835294,3.6,13,Low Stock,No,-19
50083,Product 5063,Beauty,Premium,Supplier B,Delhi WH,28-08-2025,August,728,440,40,45,118,2870,12484,499360,4,18,Out of Stock,No,1083
50084,Product 1585,Grocery,Standard,Supplier E,Delhi WH,22-05-2025,May,219,378,7,29,127,252,1249,8743,3.2,18,In Stock,Yes,561
50085,Product 3092,Beauty,Standard,Supplier B,Pune WH,16-04-2025,April,941,363,315,8,96,8841,5929,1867635,4.9,14,In Stock,No,981
50086,Product 4160,Home,Premium,Supplier C,Bengaluru WH,22-01-2025,January,894,226,126,50,140,9565,13009,1639134,4.9,11,Low Stock,No,944
50087,Product 5038,Electronics,Standard,Supplier A,Mumbai WH,14-02-2025,February,185,452,65,16,184,5771,5198,337870,2.7,10,In Stock,Yes,556
50088,Product 6021,Beauty,Standard,Supplier D,Mumbai WH,28-11-2025,November,385,404,466,39,62,2585,12550,5848300,2.9,9,In Stock,Yes,284
50089,Product 2429,Home,Basic,Supplier E,Bengaluru WH,12-09-2025,September,719,495,613,40,133,2659,11296,6924448,4.8,11,Low Stock,No,561
50090,Product 3306,Grocery,Premium,Supplier A,Delhi WH,27-08-2025,August,669,283,577,27,172,5014,2972,1714844,3.4,1,In Stock,No,348
50091,Product 7734,Grocery,Basic,Supplier E,Mumbai WH,26-02-2025,February,35,413,308,14,184,9139,7738,2383304,4.8,5,Low Stock,Yes,126
50092,Product 8510,Beauty,Standard,Supplier A,Hyderabad WH,07-10-2025,October,223,38,67,40,176,5860,3021,202407,3.1,5,In Stock,No,154
50093,Product 6115,Grocery,Premium,Supplier D,Delhi WH,15-05-2025,May,647,231,415,16,86,9956,9843,4084845,4.1,15,In Stock,No,447
50094,Product 1522,Sports,Special,Supplier C,Delhi WH,23-02-2025,February,586,255,556,21,105,8747,6113,3398828,3.9,12,In Stock,No,264
50095,Product 4145,Grocery,Special,Supplier A,Hyderabad WH,16-12-2025,December,528,430,468,48,191,8879,11610,5433480,4.3,12,In Stock,No,442
50096,Product 7219,Home,Basic,Supplier B,Bengaluru WH,01-02-2025,February,901,251,166,2,102,9371,12079,2005114,3.3,17,In Stock,No,984
50097,Product 1201,Fashion,Premium,Supplier C,Hyderabad WH,12-09-2025,September,130,78,642,14,147,9786,13541,8693322,2.9,1,Low Stock,No,-448
50098,Product 5150,Fashion,Standard,Supplier A,Mumbai WH,28-09-2025,September,292,183,321,5,98,9528,5943,1907703,3,13,In Stock,No,149
50099,Product 1429,Electronics,Special,Supplier A,Mumbai WH,15-09-2025,September,377,141,424,11,194,3631,6858,2907792,3.5,1,In Stock,No,83
50100,Product 4831,Sports,Premium,Supplier E,Pune WH,15-01-2025,January,97,305,466,41,177,5421,1283,597878,3.4,1,In Stock,No,-105
50101,Product 9871,Sports,Special,Supplier D,Bengaluru WH,09-12-2025,December,356,400,147,33,198,4540,8678,1275666,3.8,13,In Stock,No,576
50102,Product 3659,Home,Premium,Supplier B,Mumbai WH,05-03-2025,March,938,199,10,33,143,6947,3114,31140,4.7,9,In Stock,Yes,1094
50103,Product 1873,Electronics,Basic,Supplier E,Delhi WH,18-10-2025,October,951,338,139,2,171,6400,659,91601,3.5,3,In Stock,Yes,1148
50104,Product 2177,Sports,Premium,Supplier C,Hyderabad WH,28-07-2025,July,619,427,658,24,26,7037,2763,1818054,3.7,6,Out of Stock,No,364
50105,Product 3002,Grocery,Premium,Supplier B,Hyderabad WH,12-03-2025,March,737,1,390,46,126,7636,2563,999570,4.9,9,Out of Stock,Yes,302
50106,Product 6385,Sports,Premium,Supplier D,Mumbai WH,20-08-2025,August,493,58,261,21,199,7842,11812,3082932,2.8,9,In Stock,No,269
50107,Product 8189,Grocery,Basic,Supplier B,Delhi WH,31-12-2025,December,463,216,559,16,162,8740,9852,5507268,4.1,13,Low Stock,No,104
50108,Product 4382,Grocery,Basic,Supplier E,Bengaluru WH,10-04-2025,April,595,142,123,28,113,4102,3557,437511,5,11,In Stock,No,586
50109,Product 2961,Sports,Special,Supplier B,Pune WH,07-02-2025,February,986,355,587,34,52,7230,5629,3304223,3.3,16,Low Stock,No,720
50110,Product 1899,Fashion,Premium,Supplier C,Delhi WH,19-08-2025,August,715,168,466,14,102,804,10322,4810052,2.6,9,In Stock,No,403
50111,Product 5575,Sports,Standard,Supplier D,Mumbai WH,30-11-2025,November,740,383,627,26,93,312,9404,5896308,4.7,14,In Stock,No,470
50112,Product 4514,Sports,Special,Supplier E,Hyderabad WH,29-07-2025,July,205,138,573,3,183,1293,14181,8125713,4.1,1,In Stock,Yes,-233
50113,Product 2325,Electronics,Basic,Supplier E,Hyderabad WH,30-01-2025,January,690,191,26,21,141,9660,2266,58916,2.6,6,In Stock,No,834
50114,Product 9912,Electronics,Special,Supplier E,Delhi WH,25-09-2025,September,450,114,661,24,54,2515,10019,6622559,4.2,13,Out of Stock,Yes,-121
50115,Product 4259,Grocery,Standard,Supplier C,Mumbai WH,29-09-2025,September,746,241,65,44,109,4339,2184,141960,3.7,9,In Stock,No,878
50116,Product 4107,Beauty,Standard,Supplier E,Delhi WH,24-04-2025,April,730,149,37,12,165,6407,10913,403781,2.6,13,In Stock,No,830
50117,Product 6529,Beauty,Premium,Supplier A,Bengaluru WH,07-01-2025,January,759,63,131,43,140,8294,14355,1880505,3,13,In Stock,No,648
50118,Product 3957,Sports,Standard,Supplier C,Pune WH,11-02-2025,February,288,373,576,41,143,2107,1505,866880,3.2,19,In Stock,Yes,44
50119,Product 6666,Sports,Standard,Supplier C,Bengaluru WH,17-07-2025,July,473,135,375,48,69,434,1725,646875,3.7,5,Low Stock,Yes,185
50120,Product 4131,Grocery,Standard,Supplier A,Mumbai WH,19-10-2025,October,865,143,379,24,44,7861,1570,595030,4.1,15,Low Stock,No,605
50121,Product 1787,Home,Special,Supplier C,Delhi WH,01-05-2025,May,752,439,655,0,111,8567,13859,9077645,3.6,15,Out of Stock,Yes,536
50122,Product 3057,Fashion,Standard,Supplier A,Bengaluru WH,25-07-2025,July,841,471,272,43,146,4943,3969,1079568,4.5,7,In Stock,No,997
50123,Product 5172,Grocery,Special,Supplier D,Mumbai WH,19-03-2025,March,49,165,415,26,172,2904,741,307515,4.2,20,In Stock,No,-227
50124,Product 9480,Electronics,Basic,Supplier E,Bengaluru WH,25-04-2025,April,800,339,391,15,175,6117,14789,5782499,3,5,In Stock,No,733
50125,Product 4545,Grocery,Special,Supplier C,Pune WH,09-01-2025,January,518,480,562,8,158,5035,11482,6452884,4,15,In Stock,No,428
50126,Product 2547,Electronics,Basic,Supplier A,Delhi WH,15-06-2025,June,649,103,348,2,30,7215,1623,564804,3.5,8,Low Stock,Yes,402
50127,Product 3082,Fashion,Standard,Supplier A,Delhi WH,20-03-2025,March,596,353,135,32,142,4644,4829,651915,4.8,14,Low Stock,No,782
50128,Product 1945,Home,Basic,Supplier B,Delhi WH,29-12-2025,December,966,77,616,44,99,7622,8830,5439280,3.4,1,In Stock,No,383
50129,Product 3914,Home,Basic,Supplier C,Bengaluru WH,11-05-2025,May,387,270,335,0,73,4962,568,190280,3.9,2,In Stock,No,322
50130,Product 7148,Fashion,Special,Supplier C,Pune WH,17-10-2025,October,134,265,67,29,117,8086,364,24388,3.4,9,Low Stock,No,303
50131,Product 6048,Grocery,Premium,Supplier A,Pune WH,12-06-2025,June,278,410,433,16,118,2777,1660,718780,4.7,5,In Stock,Yes,239
50132,Product 7257,Home,Standard,Supplier B,Mumbai WH,27-06-2025,June,357,184,506,34,135,7273,6169,3121514,4.6,7,In Stock,No,1
50133,Product 7387,Sports,Standard,Supplier B,Delhi WH,19-03-2025,March,448,270,333,15,152,4092,3317,1104561,3.1,14,In Stock,No,370
50134,Product 5094,Grocery,Premium,Supplier C,Hyderabad WH,29-07-2025,July,705,181,95,37,167,5787,11752,1116440,4.9,10,In Stock,No,754
50135,Product 7560,Beauty,Premium,Supplier C,Pune WH,04-10-2025,October,243,498,201,0,67,3036,2196,441396,3.2,11,Out of Stock,No,540
50136,Product 7864,Electronics,Standard,Supplier B,Delhi WH,19-03-2025,March,454,125,5,22,72,8946,2832,14160,4.3,20,Out of Stock,No,552
50137,Product 2342,Sports,Basic,Supplier D,Hyderabad WH,01-01-2025,January,255,387,384,32,180,6913,14784,5677056,4.4,15,In Stock,No,226
50138,Product 4113,Beauty,Basic,Supplier E,Bengaluru WH,11-06-2025,June,476,166,139,8,77,9723,5332,741148,3.5,2,Low Stock,No,495
50139,Product 1799,Fashion,Special,Supplier B,Mumbai WH,14-07-2025,July,789,428,535,27,45,7776,9563,5116205,3.9,6,In Stock,No,655
50140,Product 9138,Home,Basic,Supplier A,Hyderabad WH,18-11-2025,November,138,74,118,2,138,2290,8253,973854,3,20,In Stock,No,92
50141,Product 4960,Electronics,Standard,Supplier A,Hyderabad WH,21-12-2025,December,275,152,587,38,119,525,4765,2797055,3.2,9,In Stock,Yes,-198
50142,Product 6685,Electronics,Special,Supplier A,Mumbai WH,03-02-2025,February,279,418,165,1,20,344,1859,306735,4.8,1,Low Stock,Yes,531
50143,Product 9394,Grocery,Special,Supplier C,Delhi WH,22-07-2025,July,349,371,652,3,119,8012,2423,1579796,3.8,12,Low Stock,No,65
50144,Product 9572,Fashion,Standard,Supplier B,Pune WH,18-07-2025,July,272,160,501,28,52,5583,14290,7159290,2.6,20,In Stock,No,-97
50145,Product 1622,Grocery,Standard,Supplier B,Pune WH,20-09-2025,September,856,352,563,41,59,6189,8765,4934695,3.6,18,In Stock,Yes,604
50146,Product 8166,Grocery,Basic,Supplier E,Bengaluru WH,03-04-2025,April,341,405,262,45,59,6605,1998,523476,3,18,Out of Stock,No,439
50147,Product 3271,Sports,Standard,Supplier E,Pune WH,15-02-2025,February,211,17,574,6,128,7154,9045,5191830,4.1,20,In Stock,No,-352
50148,Product 3862,Grocery,Basic,Supplier E,Hyderabad WH,31-10-2025,October,398,267,280,37,74,6863,2734,765520,4.9,19,Out of Stock,Yes,348
50149,Product 4683,Sports,Basic,Supplier D,Bengaluru WH,31-12-2025,December,418,185,582,37,39,1041,12472,7258704,2.6,5,In Stock,No,-16
50150,Product 7415,Sports,Premium,Supplier B,Hyderabad WH,21-08-2025,August,275,442,342,38,137,4127,1159,396378,3.3,6,In Stock,No,337
50151,Product 5487,Beauty,Standard,Supplier D,Mumbai WH,05-12-2025,December,633,276,390,35,68,5202,2422,944580,4.3,12,In Stock,No,484
50152,Product 7508,Electronics,Special,Supplier E,Mumbai WH,24-04-2025,April,255,94,487,32,118,2392,2660,1295420,2.9,18,In Stock,No,-170
50153,Product 7890,Grocery,Standard,Supplier D,Hyderabad WH,08-10-2025,October,555,436,492,5,108,5801,7680,3778560,2.6,15,In Stock,No,494
50154,Product 4761,Fashion,Special,Supplier B,Mumbai WH,23-05-2025,May,665,431,172,40,66,6728,6600,1135200,4.3,12,In Stock,No,884
50155,Product 8694,Fashion,Standard,Supplier B,Pune WH,30-07-2025,July,166,395,292,20,181,1879,2489,726788,4.2,10,In Stock,No,249
50156,Product 7704,Beauty,Standard,Supplier C,Bengaluru WH,09-09-2025,September,662,293,31,45,200,546,7925,245675,4.6,11,In Stock,No,879
50157,Product 9014,Grocery,Special,Supplier D,Delhi WH,16-09-2025,September,835,164,633,15,53,6947,10146,6422418,4.8,3,In Stock,No,351
50158,Product 6968,Home,Special,Supplier E,Bengaluru WH,21-03-2025,March,60,326,507,28,118,7574,11246,5701722,3.4,13,In Stock,No,-149
50159,Product 2783,Fashion,Premium,Supplier A,Bengaluru WH,24-05-2025,May,255,12,560,22,49,6090,4038,2261280,3.3,12,In Stock,Yes,-315
50160,Product 9634,Electronics,Special,Supplier A,Hyderabad WH,14-05-2025,May,78,364,505,23,88,6531,3985,2012425,3.1,7,In Stock,Yes,-86
50161,Product 7349,Electronics,Special,Supplier C,Bengaluru WH,27-06-2025,June,921,195,92,14,136,1733,1187,109204,3.7,9,In Stock,No,1010
50162,Product 5518,Beauty,Standard,Supplier E,Pune WH,04-01-2025,January,403,238,657,32,94,5088,13796,9063972,3.1,4,In Stock,Yes,-48
50163,Product 1379,Home,Special,Supplier C,Pune WH,03-11-2025,November,487,53,644,33,112,3314,2317,1492148,4.9,2,In Stock,Yes,-137
50164,Product 7017,Fashion,Basic,Supplier B,Hyderabad WH,03-12-2025,December,923,398,4,0,29,4791,12148,48592,3.6,6,In Stock,Yes,1317
50165,Product 3185,Beauty,Premium,Supplier D,Hyderabad WH,20-05-2025,May,203,7,337,21,127,1949,14387,4848419,4.2,5,In Stock,No,-148
50166,Product 6380,Electronics,Standard,Supplier A,Delhi WH,02-09-2025,September,255,439,46,11,38,6939,14228,654488,4.8,17,Low Stock,No,637
50167,Product 8764,Sports,Standard,Supplier C,Delhi WH,26-01-2025,January,248,25,360,39,46,3539,407,146520,4.5,5,Low Stock,No,-126
50168,Product 9476,Grocery,Special,Supplier B,Delhi WH,15-09-2025,September,309,386,211,23,131,3793,13076,2759036,3.5,13,In Stock,No,461
50169,Product 3403,Home,Premium,Supplier D,Delhi WH,26-05-2025,May,147,183,103,23,170,7616,14243,1467029,4.8,13,Low Stock,No,204
50170,Product 6965,Grocery,Basic,Supplier D,Pune WH,28-12-2025,December,509,299,670,31,150,5600,13187,8835290,4.7,14,In Stock,No,107
50171,Product 8869,Fashion,Standard,Supplier A,Mumbai WH,19-05-2025,May,714,121,402,40,128,1527,14767,5936334,4.8,8,In Stock,No,393
50172,Product 2564,Grocery,Standard,Supplier C,Bengaluru WH,02-09-2025,September,674,186,272,8,152,2543,883,240176,3.3,14,In Stock,No,580
50173,Product 9615,Home,Premium,Supplier C,Bengaluru WH,09-05-2025,May,510,346,113,46,171,858,14544,1643472,3.7,12,In Stock,No,697
50174,Product 7084,Beauty,Premium,Supplier E,Hyderabad WH,06-01-2025,January,286,274,265,41,47,5807,6213,1646445,2.8,15,Low Stock,No,254
50175,Product 7252,Grocery,Special,Supplier E,Mumbai WH,26-02-2025,February,414,471,366,0,46,730,13400,4904400,3.9,10,In Stock,No,519
50176,Product 3304,Fashion,Basic,Supplier C,Hyderabad WH,11-08-2025,August,923,7,632,33,101,5259,12866,8131312,5,10,Out of Stock,Yes,265
50177,Product 8097,Electronics,Premium,Supplier E,Hyderabad WH,14-04-2025,April,43,400,325,50,139,4376,4838,1572350,2.9,15,Out of Stock,No,68
50178,Product 3326,Electronics,Basic,Supplier D,Bengaluru WH,15-07-2025,July,133,70,182,11,198,6136,687,125034,4.3,3,In Stock,No,10
50179,Product 3517,Fashion,Standard,Supplier A,Hyderabad WH,14-05-2025,May,465,494,581,46,99,6937,13422,7798182,3.4,8,In Stock,No,332
50180,Product 9799,Fashion,Standard,Supplier E,Delhi WH,10-08-2025,August,152,300,395,28,120,9227,415,163925,3.5,8,Low Stock,Yes,29
50181,Product 9090,Sports,Standard,Supplier A,Pune WH,26-07-2025,July,724,282,650,47,92,1157,3865,2512250,3.2,12,In Stock,No,309
50182,Product 5181,Grocery,Standard,Supplier D,Mumbai WH,03-10-2025,October,236,383,591,10,85,8008,4262,2518842,2.8,3,In Stock,No,18
50183,Product 2065,Electronics,Standard,Supplier C,Pune WH,10-01-2025,January,838,261,273,9,31,7846,12069,3294837,4.3,6,In Stock,No,817
50184,Product 6158,Sports,Standard,Supplier B,Bengaluru WH,13-11-2025,November,806,430,487,9,152,8560,7180,3496660,3.8,2,Low Stock,Yes,740
50185,Product 6106,Beauty,Basic,Supplier C,Mumbai WH,03-02-2025,February,135,380,135,0,142,8094,736,99360,2.9,20,In Stock,No,380
50186,Product 1330,Grocery,Special,Supplier B,Hyderabad WH,04-03-2025,March,134,402,60,50,125,5104,5013,300780,3.3,2,In Stock,No,426
50187,Product 5829,Electronics,Special,Supplier B,Delhi WH,12-06-2025,June,130,201,165,42,20,1222,10844,1789260,3.3,11,In Stock,No,124
50188,Product 2487,Fashion,Standard,Supplier C,Hyderabad WH,07-04-2025,April,833,313,37,18,133,2225,12530,463610,2.7,3,In Stock,No,1091
50189,Product 7081,Fashion,Standard,Supplier C,Delhi WH,26-02-2025,February,82,371,220,39,72,4922,6662,1465640,3.2,6,Low Stock,No,194
50190,Product 9808,Home,Special,Supplier D,Hyderabad WH,24-06-2025,June,653,407,308,38,143,3671,2211,680988,3.4,8,In Stock,Yes,714
50191,Product 6542,Sports,Special,Supplier B,Delhi WH,21-12-2025,December,303,285,557,2,117,7723,12807,7133499,4.5,7,In Stock,No,29
50192,Product 1659,Grocery,Special,Supplier E,Bengaluru WH,23-05-2025,May,104,428,667,16,89,5882,10754,7172918,3.4,11,In Stock,No,-151
50193,Product 9545,Home,Premium,Supplier A,Hyderabad WH,12-12-2025,December,401,489,127,42,119,5682,14349,1822323,4.3,13,In Stock,Yes,721
50194,Product 7251,Grocery,Basic,Supplier A,Delhi WH,04-09-2025,September,450,12,442,41,68,923,12944,5721248,4.9,6,In Stock,Yes,-21
50195,Product 7943,Beauty,Basic,Supplier E,Mumbai WH,28-12-2025,December,786,354,586,34,99,5776,9012,5281032,3.6,10,In Stock,No,520
50196,Product 1842,Grocery,Special,Supplier C,Delhi WH,10-09-2025,September,201,128,120,50,29,7636,7235,868200,3.6,5,Low Stock,No,159
50197,Product 2700,Fashion,Basic,Supplier C,Hyderabad WH,09-07-2025,July,297,492,588,24,186,904,2338,1374744,3.1,15,In Stock,No,177
50198,Product 8317,Home,Special,Supplier D,Hyderabad WH,15-02-2025,February,510,214,673,2,69,7874,8591,5781743,4.6,9,In Stock,No,49
50199,Product 8591,Electronics,Basic,Supplier D,Hyderabad WH,29-12-2025,December,922,51,252,20,80,5416,2544,641088,4.9,7,In Stock,No,701
50200,Product 3516,Grocery,Special,Supplier A,Bengaluru WH,21-12-2025,December,726,294,462,15,53,1147,13749,6352038,3.7,17,In Stock,No,543
50201,Product 1638,Home,Standard,Supplier E,Pune WH,20-07-2025,July,806,30,173,45,158,9749,4340,750820,3.2,1,In Stock,No,618
50202,Product 5448,Sports,Premium,Supplier A,Pune WH,19-02-2025,February,573,307,638,48,154,7474,11378,7259164,4.6,10,In Stock,Yes,194
50203,Product 1689,Fashion,Standard,Supplier A,Mumbai WH,11-07-2025,July,527,442,479,6,45,9246,2507,1200853,3,19,Out of Stock,Yes,484
50204,Product 7782,Fashion,Premium,Supplier C,Delhi WH,23-06-2025,June,647,305,451,42,181,9387,4938,2227038,4.3,18,In Stock,Yes,459
50205,Product 3572,Home,Premium,Supplier B,Bengaluru WH,27-01-2025,January,473,284,128,18,198,5313,14367,1838976,3.8,4,Low Stock,No,611
50206,Product 8017,Fashion,Premium,Supplier C,Mumbai WH,18-09-2025,September,149,138,472,3,138,7405,11959,5644648,3,20,Low Stock,Yes,-188
50207,Product 3565,Fashion,Standard,Supplier A,Mumbai WH,19-11-2025,November,631,383,268,32,58,3516,9528,2553504,3.4,13,In Stock,Yes,714
50208,Product 9750,Grocery,Premium,Supplier B,Pune WH,02-12-2025,December,388,460,80,36,156,7680,11161,892880,3.4,18,In Stock,Yes,732
50209,Product 4499,Grocery,Premium,Supplier D,Pune WH,18-03-2025,March,563,193,14,41,89,1268,12852,179928,3.2,3,In Stock,No,701
50210,Product 2184,Grocery,Special,Supplier C,Mumbai WH,07-09-2025,September,608,233,603,43,89,9446,10600,6391800,3.7,13,Low Stock,No,195
50211,Product 1203,Grocery,Premium,Supplier E,Delhi WH,02-10-2025,October,711,466,279,15,78,4296,9283,2589957,2.9,7,In Stock,Yes,883
50212,Product 3841,Home,Standard,Supplier E,Delhi WH,10-09-2025,September,106,194,629,25,78,1919,3025,1902725,2.5,11,Low Stock,No,-354
50213,Product 7091,Electronics,Standard,Supplier D,Bengaluru WH,21-01-2025,January,100,324,514,32,78,6052,3807,1956798,3,13,Low Stock,No,-122
50214,Product 5846,Sports,Basic,Supplier B,Delhi WH,16-06-2025,June,913,101,173,17,146,6462,8379,1449567,3.4,16,Low Stock,No,824
50215,Product 1684,Electronics,Special,Supplier A,Hyderabad WH,30-09-2025,September,95,131,184,43,156,3116,4558,838672,3.4,19,In Stock,Yes,-1
50216,Product 2999,Grocery,Standard,Supplier B,Pune WH,17-09-2025,September,32,12,454,11,190,4500,8062,3660148,3.1,2,In Stock,No,-421
50217,Product 1665,Home,Premium,Supplier B,Delhi WH,27-08-2025,August,681,490,555,50,172,3304,14912,8276160,4,4,In Stock,Yes,566
50218,Product 1824,Home,Basic,Supplier E,Bengaluru WH,03-09-2025,September,952,340,479,46,136,673,11148,5339892,4.1,5,In Stock,No,767
50219,Product 8641,Electronics,Basic,Supplier B,Mumbai WH,28-07-2025,July,158,277,391,19,21,3802,13345,5217895,4.9,20,Low Stock,No,25
50220,Product 1316,Home,Standard,Supplier B,Mumbai WH,23-02-2025,February,200,275,260,42,66,3329,6757,1756820,2.5,19,Out of Stock,No,173
50221,Product 3092,Sports,Standard,Supplier D,Mumbai WH,15-10-2025,October,577,81,687,22,44,5525,8958,6154146,3.3,15,Out of Stock,No,-51
50222,Product 4083,Home,Special,Supplier E,Pune WH,27-07-2025,July,991,203,523,17,183,4276,11895,6221085,3.6,11,In Stock,Yes,654
50223,Product 7556,Home,Standard,Supplier C,Mumbai WH,18-10-2025,October,779,386,182,30,20,4907,5396,982072,3.3,9,Low Stock,Yes,953
50224,Product 5638,Electronics,Special,Supplier A,Pune WH,04-02-2025,February,942,172,193,23,43,281,2585,498905,4.5,12,In Stock,No,898
50225,Product 9505,Electronics,Standard,Supplier B,Delhi WH,07-07-2025,July,737,18,326,49,64,2190,7306,2381756,3.2,10,In Stock,No,380
50226,Product 1388,Fashion,Basic,Supplier E,Hyderabad WH,03-06-2025,June,952,233,249,35,21,5572,2349,584901,2.8,2,Low Stock,Yes,901
50227,Product 6630,Fashion,Basic,Supplier E,Delhi WH,08-03-2025,March,935,226,616,7,88,1627,10006,6163696,4.5,18,In Stock,No,538
50228,Product 3898,Fashion,Standard,Supplier A,Delhi WH,14-12-2025,December,618,335,381,42,68,9399,1473,561213,2.7,15,Out of Stock,Yes,530
50229,Product 1185,Fashion,Premium,Supplier B,Bengaluru WH,29-11-2025,November,952,308,696,1,180,2399,2552,1776192,2.5,7,Low Stock,No,563
50230,Product 9291,Beauty,Standard,Supplier A,Hyderabad WH,11-07-2025,July,917,329,11,47,39,8011,12804,140844,4.9,1,Low Stock,No,1188
50231,Product 4082,Beauty,Basic,Supplier A,Pune WH,20-09-2025,September,561,415,470,35,155,3872,815,383050,4.9,17,Low Stock,No,471
50232,Product 3342,Electronics,Special,Supplier D,Mumbai WH,05-08-2025,August,195,114,326,24,54,7554,5378,1753228,2.9,17,In Stock,No,-41
50233,Product 5100,Home,Standard,Supplier A,Mumbai WH,26-06-2025,June,645,437,478,30,120,614,9946,4754188,2.9,13,In Stock,Yes,574
50234,Product 8885,Home,Basic,Supplier A,Delhi WH,10-10-2025,October,122,113,199,44,70,5959,5521,1098679,3.4,2,Low Stock,No,-8
50235,Product 2255,Grocery,Standard,Supplier D,Mumbai WH,15-12-2025,December,627,364,179,26,196,9472,7713,1380627,4.2,8,In Stock,Yes,786
50236,Product 8983,Beauty,Special,Supplier A,Bengaluru WH,13-07-2025,July,229,433,637,5,131,6281,13882,8842834,3.5,14,Out of Stock,Yes,20
50237,Product 6590,Grocery,Standard,Supplier E,Delhi WH,12-06-2025,June,115,114,513,9,92,5847,8307,4261491,4.8,14,In Stock,No,-293
50238,Product 9485,Fashion,Basic,Supplier B,Bengaluru WH,01-02-2025,February,798,266,248,19,72,1931,10005,2481240,3,1,Low Stock,No,797
50239,Product 9607,Home,Basic,Supplier C,Delhi WH,07-12-2025,December,747,58,659,49,155,6538,7375,4860125,3.4,2,Low Stock,No,97
50240,Product 7823,Beauty,Basic,Supplier C,Hyderabad WH,25-12-2025,December,678,223,431,30,59,3949,1729,745199,4.6,7,Low Stock,Yes,440
50241,Product 7188,Beauty,Premium,Supplier A,Mumbai WH,29-07-2025,July,976,478,264,39,53,9790,14722,3886608,3.5,19,In Stock,No,1151
50242,Product 6995,Grocery,Premium,Supplier B,Mumbai WH,27-06-2025,June,906,9,320,37,186,2225,3583,1146560,3,6,Low Stock,No,558
50243,Product 9956,Home,Premium,Supplier E,Bengaluru WH,04-05-2025,May,682,265,613,3,49,2497,11695,7169035,4.6,14,In Stock,No,331
50244,Product 3670,Fashion,Standard,Supplier E,Hyderabad WH,01-11-2025,November,220,44,555,15,173,802,8018,4449990,3.3,15,In Stock,No,-306
50245,Product 3676,Fashion,Basic,Supplier E,Pune WH,19-04-2025,April,294,399,282,18,54,4369,3529,995178,2.9,5,In Stock,No,393
50246,Product 4251,Electronics,Basic,Supplier B,Pune WH,11-10-2025,October,629,378,93,3,65,616,9321,866853,4.1,16,Low Stock,Yes,911
50247,Product 4500,Sports,Standard,Supplier D,Hyderabad WH,13-07-2025,July,142,399,162,43,166,9478,8395,1359990,3.2,13,In Stock,Yes,336
50248,Product 4630,Home,Standard,Supplier A,Delhi WH,14-05-2025,May,307,240,330,38,178,8469,12687,4186710,3.3,8,Out of Stock,No,179
50249,Product 8044,Sports,Premium,Supplier C,Bengaluru WH,05-12-2025,December,255,406,533,41,172,1102,3082,1642706,2.7,8,Out of Stock,No,87
50250,Product 3537,Grocery,Premium,Supplier D,Hyderabad WH,09-11-2025,November,948,208,620,12,168,6974,3319,2057780,3.6,17,In Stock,No,524
50251,Product 1225,Home,Basic,Supplier C,Delhi WH,18-12-2025,December,925,126,550,12,74,7533,8897,4893350,4.3,15,Out of Stock,No,489
50252,Product 3961,Electronics,Standard,Supplier E,Bengaluru WH,08-06-2025,June,277,249,612,8,28,9161,6037,3694644,3.6,16,In Stock,No,-94
50253,Product 4190,Grocery,Standard,Supplier C,Delhi WH,26-02-2025,February,448,309,134,31,80,7136,10098,1353132,3.2,18,Low Stock,Yes,592
50254,Product 1350,Sports,Special,Supplier B,Mumbai WH,29-05-2025,May,756,458,286,20,130,1506,10546,3016156,4.1,16,Low Stock,No,908
50255,Product 6906,Grocery,Basic,Supplier C,Hyderabad WH,09-12-2025,December,546,500,504,19,121,7843,11698,5895792,4.8,16,In Stock,No,523
50256,Product 2588,Home,Special,Supplier C,Bengaluru WH,31-10-2025,October,613,27,659,30,44,3888,12081,7961379,3.6,15,In Stock,No,-49
50257,Product 7751,Electronics,Standard,Supplier D,Delhi WH,01-02-2025,February,724,36,83,7,22,9651,4311,357813,2.8,20,Low Stock,Yes,670
50258,Product 8576,Electronics,Basic,Supplier C,Hyderabad WH,08-02-2025,February,942,273,280,19,105,7352,5983,1675240,3.4,2,In Stock,No,916
50259,Product 1843,Fashion,Basic,Supplier B,Delhi WH,20-06-2025,June,291,152,212,30,58,4021,9798,2077176,4.9,16,In Stock,No,201
50260,Product 7866,Grocery,Premium,Supplier D,Delhi WH,09-01-2025,January,914,367,296,21,97,7824,4929,1458984,2.6,14,Low Stock,No,964
50261,Product 5877,Beauty,Special,Supplier B,Bengaluru WH,28-01-2025,January,136,326,209,45,195,263,7687,1606583,2.8,10,Out of Stock,No,208
50262,Product 6731,Sports,Standard,Supplier E,Hyderabad WH,16-05-2025,May,114,46,504,0,188,3823,7311,3684744,4.6,4,In Stock,No,-344
50263,Product 4309,Beauty,Premium,Supplier A,Hyderabad WH,06-05-2025,May,623,324,138,17,121,134,4532,625416,4,3,In Stock,No,792
50264,Product 6024,Beauty,Basic,Supplier A,Delhi WH,15-10-2025,October,259,19,146,4,141,8830,12055,1760030,3.4,9,In Stock,Yes,128
50265,Product 5318,Fashion,Basic,Supplier D,Hyderabad WH,16-08-2025,August,206,246,595,30,22,6037,4815,2864925,4,12,In Stock,No,-173
50266,Product 6337,Sports,Standard,Supplier D,Mumbai WH,27-07-2025,July,306,177,533,12,95,9830,3253,1733849,3.2,14,In Stock,Yes,-62
50267,Product 2738,Grocery,Special,Supplier E,Mumbai WH,25-05-2025,May,210,88,549,48,38,9204,4181,2295369,2.8,2,In Stock,No,-299
50268,Product 7820,Fashion,Special,Supplier D,Hyderabad WH,10-07-2025,July,137,352,241,20,33,3428,3247,782527,3.4,4,Low Stock,Yes,228
50269,Product 7216,Sports,Standard,Supplier C,Delhi WH,14-04-2025,April,485,116,570,0,23,5403,7660,4366200,4.5,9,In Stock,No,31
50270,Product 4503,Home,Basic,Supplier E,Delhi WH,28-10-2025,October,591,321,326,23,56,4498,12505,4076630,5,7,In Stock,No,563
50271,Product 4955,Fashion,Standard,Supplier B,Pune WH,27-11-2025,November,864,424,692,40,62,5136,4557,3153444,2.9,17,In Stock,No,556
50272,Product 8063,Grocery,Premium,Supplier B,Pune WH,20-04-2025,April,925,100,163,31,192,5156,14135,2304005,2.8,19,In Stock,Yes,831
50273,Product 6748,Fashion,Basic,Supplier C,Mumbai WH,10-10-2025,October,342,53,391,48,130,8469,12245,4787795,4.8,13,In Stock,No,-44
50274,Product 5861,Home,Premium,Supplier C,Delhi WH,09-11-2025,November,488,437,488,38,172,9517,13450,6563600,2.9,18,In Stock,No,399
50275,Product 6507,Home,Standard,Supplier B,Hyderabad WH,18-05-2025,May,182,251,417,21,65,330,2407,1003719,4.1,19,In Stock,No,-5
50276,Product 3677,Home,Premium,Supplier A,Mumbai WH,28-10-2025,October,811,258,264,10,121,2168,1380,364320,4.4,18,Low Stock,No,795
50277,Product 4345,Beauty,Basic,Supplier D,Pune WH,26-10-2025,October,958,434,464,38,100,3681,13976,6484864,4.4,13,Low Stock,Yes,890
50278,Product 4500,Sports,Basic,Supplier B,Mumbai WH,11-04-2025,April,763,113,342,32,66,342,8102,2770884,4.4,14,In Stock,No,502
50279,Product 6945,Beauty,Standard,Supplier B,Delhi WH,24-08-2025,August,562,40,208,45,142,4346,1106,230048,2.7,6,In Stock,No,349
50280,Product 2601,Sports,Special,Supplier A,Delhi WH,02-05-2025,May,262,401,76,42,54,5983,806,61256,4.7,12,Low Stock,No,545
50281,Product 6413,Fashion,Special,Supplier B,Delhi WH,14-07-2025,July,767,238,371,36,68,321,3979,1476209,3.4,7,Low Stock,No,598
50282,Product 4529,Fashion,Special,Supplier B,Mumbai WH,15-05-2025,May,669,152,447,25,131,51,9407,4204929,3.3,16,In Stock,No,349
50283,Product 5348,Sports,Basic,Supplier B,Hyderabad WH,06-06-2025,June,725,147,70,28,118,9644,14589,1021230,2.7,9,In Stock,Yes,774
50284,Product 4801,Sports,Premium,Supplier B,Delhi WH,03-03-2025,March,592,67,558,28,82,8478,4799,2677842,2.7,1,In Stock,No,73
50285,Product 1271,Beauty,Standard,Supplier B,Mumbai WH,11-09-2025,September,288,404,563,28,167,92,7159,4030517,3.6,1,Low Stock,No,101
50286,Product 6949,Home,Basic,Supplier B,Mumbai WH,29-01-2025,January,330,183,254,10,115,8126,11907,3024378,2.6,7,In Stock,Yes,249
50287,Product 1028,Home,Standard,Supplier A,Delhi WH,05-01-2025,January,654,116,586,25,145,5386,1177,689722,4.3,5,Low Stock,No,159
50288,Product 6102,Grocery,Premium,Supplier A,Pune WH,07-01-2025,January,834,94,63,21,122,8874,8079,508977,4.5,3,In Stock,Yes,844
50289,Product 6857,Fashion,Standard,Supplier B,Delhi WH,30-07-2025,July,385,129,269,28,162,5398,2710,728990,4.6,3,In Stock,Yes,217
50290,Product 6272,Electronics,Basic,Supplier C,Hyderabad WH,26-05-2025,May,665,121,407,5,83,6839,13330,5425310,4.7,17,Out of Stock,No,374
50291,Product 7822,Home,Special,Supplier B,Bengaluru WH,29-06-2025,June,408,370,636,23,156,870,10437,6637932,4.7,8,Low Stock,No,119
50292,Product 3459,Sports,Special,Supplier D,Delhi WH,29-10-2025,October,703,27,216,32,146,6717,8070,1743120,3.8,17,In Stock,No,482
50293,Product 1185,Grocery,Standard,Supplier B,Delhi WH,03-11-2025,November,292,320,147,31,85,8184,5861,861567,4.5,6,Low Stock,No,434
50294,Product 3283,Home,Special,Supplier C,Hyderabad WH,07-08-2025,August,837,181,584,12,186,3926,7866,4593744,4.5,16,Low Stock,No,422
50295,Product 3314,Home,Special,Supplier B,Delhi WH,16-05-2025,May,93,185,286,15,193,5520,4273,1222078,2.7,13,Out of Stock,Yes,-23
50296,Product 9345,Sports,Special,Supplier B,Hyderabad WH,16-04-2025,April,401,500,441,0,75,6791,1507,664587,4.1,7,Low Stock,Yes,460
50297,Product 1068,Home,Standard,Supplier E,Pune WH,14-01-2025,January,58,414,148,11,186,6439,9289,1374772,2.9,16,In Stock,No,313
50298,Product 1840,Home,Special,Supplier A,Bengaluru WH,07-04-2025,April,116,80,662,32,25,4455,12709,8413358,4.5,15,In Stock,No,-498
50299,Product 6602,Beauty,Premium,Supplier C,Hyderabad WH,18-11-2025,November,184,468,126,2,45,5102,10293,1296918,2.7,7,Low Stock,No,524
50300,Product 4323,Beauty,Premium,Supplier D,Delhi WH,28-03-2025,March,343,239,249,41,169,1955,5407,1346343,3.3,8,Low Stock,No,292
50301,Product 6591,Grocery,Basic,Supplier C,Pune WH,09-10-2025,October,276,473,261,49,155,1868,2133,556713,5,8,Out of Stock,No,439
50302,Product 4568,Sports,Special,Supplier B,Pune WH,18-08-2025,August,88,6,188,43,143,5447,2509,471692,4.9,17,Low Stock,No,-137
50303,Product 7813,Beauty,Premium,Supplier A,Pune WH,20-05-2025,May,354,299,205,48,20,96,2972,609260,4.2,4,In Stock,No,400
50304,Product 6950,Electronics,Special,Supplier B,Delhi WH,27-09-2025,September,243,33,693,16,171,879,12277,8507961,3.4,11,In Stock,No,-433
50305,Product 2224,Beauty,Basic,Supplier B,Hyderabad WH,19-02-2025,February,307,342,490,23,75,4305,2166,1061340,2.9,12,Low Stock,Yes,136
50306,Product 4900,Fashion,Basic,Supplier D,Delhi WH,09-02-2025,February,554,455,464,11,156,2773,5966,2768224,3.6,3,In Stock,Yes,534
50307,Product 2864,Home,Premium,Supplier D,Bengaluru WH,12-08-2025,August,565,30,209,44,42,8091,900,188100,3.7,9,Low Stock,Yes,342
50308,Product 1638,Home,Premium,Supplier E,Hyderabad WH,17-12-2025,December,326,322,78,45,197,4137,12562,979836,4.3,8,Low Stock,No,525
50309,Product 2504,Beauty,Special,Supplier D,Hyderabad WH,26-01-2025,January,280,21,496,16,74,2024,10830,5371680,3,12,Low Stock,No,-211
50310,Product 6485,Sports,Standard,Supplier E,Delhi WH,26-11-2025,November,730,412,656,42,43,1596,14307,9385392,2.9,4,Low Stock,No,444
50311,Product 4870,Sports,Special,Supplier D,Hyderabad WH,12-08-2025,August,837,484,604,43,55,2998,4755,2872020,4.5,13,In Stock,No,674
50312,Product 7369,Sports,Premium,Supplier E,Hyderabad WH,21-10-2025,October,650,487,573,22,57,7440,11242,6441666,2.6,17,Low Stock,Yes,542
50313,Product 6461,Home,Special,Supplier A,Delhi WH,19-01-2025,January,155,370,658,2,141,3464,8506,5596948,4.6,15,Out of Stock,No,-135
50314,Product 5093,Beauty,Premium,Supplier D,Pune WH,30-01-2025,January,641,379,696,47,97,2897,11125,7743000,4.5,14,In Stock,No,277
50315,Product 9325,Beauty,Basic,Supplier D,Bengaluru WH,19-11-2025,November,994,254,56,30,76,4390,9175,513800,3.3,17,In Stock,No,1162
50316,Product 7189,Grocery,Basic,Supplier C,Mumbai WH,18-01-2025,January,676,333,373,40,23,7475,8184,3052632,4.7,18,In Stock,No,596
50317,Product 1404,Beauty,Premium,Supplier D,Bengaluru WH,21-11-2025,November,223,228,109,25,121,5289,8633,940997,3.7,8,In Stock,No,317
50318,Product 1608,Sports,Basic,Supplier A,Bengaluru WH,20-04-2025,April,613,232,230,20,89,5755,6632,1525360,4.2,5,In Stock,No,595
50319,Product 1071,Fashion,Standard,Supplier A,Pune WH,03-07-2025,July,176,169,124,45,195,4748,3691,457684,2.9,15,Low Stock,No,176
50320,Product 8249,Electronics,Basic,Supplier D,Pune WH,14-12-2025,December,999,64,325,42,112,3166,2485,807625,4,15,In Stock,No,696
50321,Product 9259,Beauty,Premium,Supplier C,Hyderabad WH,17-03-2025,March,601,109,331,8,61,9405,10016,3315296,2.7,18,In Stock,No,371
50322,Product 7708,Grocery,Standard,Supplier B,Mumbai WH,15-01-2025,January,456,59,584,14,21,8915,4578,2673552,3.1,9,In Stock,No,-83
50323,Product 4161,Grocery,Special,Supplier A,Bengaluru WH,01-04-2025,April,559,281,651,19,125,338,5277,3435327,2.6,1,In Stock,Yes,170
50324,Product 5693,Grocery,Standard,Supplier A,Hyderabad WH,02-04-2025,April,291,167,111,1,112,8729,11346,1259406,3.1,10,In Stock,No,346
50325,Product 3249,Electronics,Special,Supplier E,Hyderabad WH,30-05-2025,May,719,425,184,40,87,6611,6255,1150920,4.4,8,Low Stock,No,920
50326,Product 5909,Beauty,Premium,Supplier C,Pune WH,14-12-2025,December,801,182,554,21,129,3786,10150,5623100,4.2,20,In Stock,No,408
50327,Product 5005,Sports,Standard,Supplier A,Mumbai WH,14-04-2025,April,389,338,532,47,85,4805,5679,3021228,4,18,In Stock,No,148
50328,Product 2739,Electronics,Basic,Supplier D,Bengaluru WH,15-06-2025,June,105,79,546,0,171,1286,10326,5637996,4.5,15,In Stock,Yes,-362
50329,Product 5404,Sports,Standard,Supplier C,Bengaluru WH,30-10-2025,October,468,456,303,48,65,8248,2443,740229,2.5,6,In Stock,Yes,573
50330,Product 8796,Sports,Premium,Supplier E,Mumbai WH,27-11-2025,November,935,357,654,47,181,5422,7481,4892574,3.7,8,In Stock,No,591
50331,Product 1720,Sports,Standard,Supplier C,Pune WH,25-05-2025,May,838,402,252,20,64,5582,270,68040,2.5,7,In Stock,No,968
50332,Product 5839,Beauty,Special,Supplier C,Delhi WH,02-12-2025,December,472,10,273,31,139,7582,13937,3804801,3.2,3,Out of Stock,No,178
50333,Product 8605,Sports,Standard,Supplier A,Delhi WH,06-11-2025,November,311,272,640,37,151,9507,2483,1589120,2.8,6,Low Stock,No,-94
50334,Product 8947,Electronics,Premium,Supplier A,Delhi WH,14-02-2025,February,372,375,205,45,103,4514,8981,1841105,3.5,20,Low Stock,No,497
50335,Product 3334,Electronics,Special,Supplier B,Mumbai WH,19-11-2025,November,881,446,608,23,160,2052,4406,2678848,4.5,14,Low Stock,Yes,696
50336,Product 4866,Fashion,Premium,Supplier A,Pune WH,29-06-2025,June,571,284,273,49,49,9989,1152,314496,4.8,10,Low Stock,No,533
50337,Product 3345,Grocery,Premium,Supplier D,Hyderabad WH,20-04-2025,April,44,274,351,29,71,3890,1400,491400,4.5,3,Low Stock,No,-62
50338,Product 5987,Sports,Premium,Supplier B,Delhi WH,10-07-2025,July,847,466,288,45,161,3382,122,35136,4.2,14,Low Stock,No,980
50339,Product 5138,Home,Premium,Supplier C,Bengaluru WH,21-09-2025,September,655,17,313,38,103,1058,8381,2623253,4.8,1,In Stock,Yes,321
50340,Product 2968,Beauty,Basic,Supplier D,Pune WH,18-02-2025,February,891,218,213,19,74,4412,13908,2962404,4.2,9,In Stock,Yes,877
50341,Product 1375,Electronics,Basic,Supplier E,Pune WH,18-06-2025,June,223,337,206,43,62,4492,10043,2068858,2.8,4,In Stock,Yes,311
50342,Product 1139,Home,Premium,Supplier D,Bengaluru WH,20-12-2025,December,964,234,492,16,173,5993,6485,3190620,4.1,5,Low Stock,Yes,690
50343,Product 4386,Beauty,Standard,Supplier D,Bengaluru WH,15-05-2025,May,482,25,652,5,107,57,13619,8879588,4.8,9,In Stock,Yes,-150
50344,Product 5942,Fashion,Special,Supplier E,Delhi WH,05-12-2025,December,740,451,319,40,83,4783,10201,3254119,3,5,Low Stock,No,832
50345,Product 9789,Beauty,Premium,Supplier D,Pune WH,18-11-2025,November,501,305,207,10,51,844,1567,324369,4.4,5,In Stock,Yes,589
50346,Product 7350,Electronics,Standard,Supplier C,Bengaluru WH,20-11-2025,November,348,433,37,24,87,5695,10164,376068,3.9,20,In Stock,No,720
50347,Product 4108,Fashion,Standard,Supplier A,Mumbai WH,19-06-2025,June,993,10,382,13,63,3848,4224,1613568,4.9,18,Low Stock,No,608
50348,Product 7638,Fashion,Standard,Supplier A,Bengaluru WH,13-01-2025,January,200,490,81,6,165,2959,5027,407187,2.8,6,In Stock,No,603
50349,Product 8839,Electronics,Standard,Supplier E,Bengaluru WH,18-01-2025,January,217,348,439,22,36,7759,1797,788883,3.1,1,In Stock,No,104
50350,Product 2117,Home,Standard,Supplier D,Mumbai WH,23-03-2025,March,402,103,204,6,50,7806,9049,1845996,4.7,9,In Stock,No,295
50351,Product 8340,Home,Premium,Supplier E,Mumbai WH,07-01-2025,January,580,101,149,48,38,5355,6060,902940,4.3,15,In Stock,No,484
50352,Product 2443,Grocery,Premium,Supplier A,Pune WH,22-10-2025,October,481,480,27,38,117,2234,8498,229446,2.8,10,Low Stock,No,896
50353,Product 1280,Home,Premium,Supplier A,Delhi WH,08-02-2025,February,433,491,426,44,93,7508,1761,750186,3.4,7,In Stock,No,454
50354,Product 4904,Home,Premium,Supplier C,Mumbai WH,11-11-2025,November,643,421,366,10,58,9567,5094,1864404,4.9,3,In Stock,No,688
50355,Product 4468,Sports,Special,Supplier B,Hyderabad WH,10-06-2025,June,462,461,511,7,28,1665,12915,6599565,3.2,17,In Stock,Yes,405
50356,Product 2244,Electronics,Standard,Supplier B,Bengaluru WH,28-09-2025,September,692,135,620,33,131,5497,14857,9211340,4.5,7,In Stock,No,174
50357,Product 3901,Beauty,Premium,Supplier B,Mumbai WH,22-09-2025,September,100,128,334,36,50,8781,13179,4401786,3.5,6,In Stock,No,-142
50358,Product 4197,Sports,Special,Supplier B,Bengaluru WH,28-10-2025,October,968,457,475,48,74,5558,8159,3875525,2.9,15,Low Stock,No,902
50359,Product 3740,Sports,Premium,Supplier A,Delhi WH,25-05-2025,May,169,402,622,5,168,2676,12810,7967820,2.9,8,In Stock,No,-56
50360,Product 2493,Beauty,Standard,Supplier E,Delhi WH,18-12-2025,December,217,235,478,42,35,3387,112,53536,4.2,17,In Stock,No,-68
50361,Product 2726,Grocery,Standard,Supplier D,Delhi WH,09-03-2025,March,992,32,132,10,75,480,6052,798864,4.9,8,In Stock,Yes,882
50362,Product 4501,Beauty,Basic,Supplier B,Bengaluru WH,18-05-2025,May,823,397,172,18,86,5286,3393,583596,3.2,8,In Stock,Yes,1030
50363,Product 7467,Fashion,Special,Supplier A,Hyderabad WH,31-10-2025,October,349,488,26,6,26,4688,10008,260208,3.2,7,Low Stock,Yes,805
50364,Product 8051,Fashion,Basic,Supplier C,Pune WH,16-10-2025,October,905,471,269,19,135,4113,8903,2394907,3.7,16,In Stock,No,1088
50365,Product 2154,Home,Basic,Supplier E,Bengaluru WH,28-01-2025,January,157,173,256,29,113,5985,4582,1172992,4.5,6,Low Stock,No,45
50366,Product 7320,Sports,Special,Supplier E,Delhi WH,25-06-2025,June,846,307,452,38,36,4291,12900,5830800,4.7,13,Out of Stock,No,663
50367,Product 6509,Beauty,Standard,Supplier D,Pune WH,19-03-2025,March,823,219,374,43,94,1339,10529,3937846,3.2,3,In Stock,No,625
50368,Product 8347,Grocery,Special,Supplier E,Pune WH,20-03-2025,March,716,109,189,31,39,5505,5697,1076733,4.1,7,In Stock,Yes,605
50369,Product 1014,Beauty,Basic,Supplier A,Pune WH,28-10-2025,October,672,42,224,50,94,7952,8179,1832096,4.3,19,In Stock,Yes,440
50370,Product 2620,Beauty,Premium,Supplier A,Bengaluru WH,11-07-2025,July,149,212,230,24,156,7010,13878,3191940,3.1,14,In Stock,No,107
50371,Product 5477,Grocery,Premium,Supplier D,Bengaluru WH,19-05-2025,May,856,138,405,43,200,8981,10006,4052430,2.8,11,Out of Stock,No,546
50372,Product 7676,Electronics,Standard,Supplier C,Pune WH,26-01-2025,January,567,467,317,27,121,2456,10146,3216282,2.7,5,In Stock,No,690
50373,Product 3738,Sports,Special,Supplier D,Hyderabad WH,30-09-2025,September,738,160,570,34,85,4083,7705,4391850,3,16,Out of Stock,No,294
50374,Product 4811,Sports,Basic,Supplier E,Hyderabad WH,18-09-2025,September,157,212,27,3,190,7470,6431,173637,2.8,3,Low Stock,No,339
50375,Product 8777,Beauty,Basic,Supplier B,Mumbai WH,08-11-2025,November,213,70,291,23,163,2391,8820,2566620,4.9,7,Low Stock,No,-31
50376,Product 5385,Sports,Standard,Supplier C,Bengaluru WH,15-10-2025,October,802,392,184,39,62,2160,2859,526056,4.7,2,Low Stock,No,971
50377,Product 2759,Home,Standard,Supplier D,Pune WH,27-04-2025,April,847,498,378,29,90,9404,673,254394,4.4,13,Low Stock,No,938
50378,Product 5464,Home,Special,Supplier A,Pune WH,25-11-2025,November,161,384,82,24,159,371,4968,407376,3.6,3,Low Stock,No,439
50379,Product 7143,Home,Premium,Supplier D,Hyderabad WH,09-08-2025,August,492,294,505,0,176,6804,1012,511060,3.1,10,In Stock,No,281
50380,Product 3122,Beauty,Standard,Supplier C,Mumbai WH,30-01-2025,January,190,468,5,11,104,4684,5258,26290,3,15,Low Stock,No,642
50381,Product 7483,Sports,Standard,Supplier D,Hyderabad WH,02-06-2025,June,664,309,68,19,198,4809,3816,259488,3.1,19,Low Stock,No,886
50382,Product 4955,Sports,Standard,Supplier E,Pune WH,23-04-2025,April,600,257,75,47,126,764,14445,1083375,4.1,16,Low Stock,Yes,735
50383,Product 6678,Home,Basic,Supplier A,Delhi WH,23-10-2025,October,202,232,522,24,100,1063,412,215064,4.2,16,Low Stock,No,-112
50384,Product 3718,Grocery,Special,Supplier D,Mumbai WH,11-05-2025,May,180,333,244,23,49,1072,8338,2034472,3.1,5,In Stock,No,246
50385,Product 2636,Sports,Standard,Supplier C,Bengaluru WH,08-02-2025,February,389,367,18,49,112,5678,1415,25470,2.5,3,In Stock,No,689
50386,Product 6017,Fashion,Special,Supplier A,Hyderabad WH,01-09-2025,September,535,94,407,28,84,4270,12393,5043951,4.8,2,In Stock,No,194
50387,Product 9259,Sports,Premium,Supplier B,Hyderabad WH,11-06-2025,June,258,448,551,49,41,1449,9533,5252683,5,12,In Stock,No,106
50388,Product 4673,Beauty,Special,Supplier E,Bengaluru WH,19-01-2025,January,195,87,105,6,161,9826,4725,496125,4.3,10,Low Stock,No,171
50389,Product 6541,Fashion,Standard,Supplier C,Hyderabad WH,13-07-2025,July,787,171,423,28,65,581,3520,1488960,4.6,19,Out of Stock,Yes,507
50390,Product 6539,Fashion,Premium,Supplier A,Bengaluru WH,24-02-2025,February,963,26,269,36,120,3043,745,200405,2.7,2,In Stock,No,684
50391,Product 5211,Grocery,Standard,Supplier C,Pune WH,31-08-2025,August,270,422,73,46,148,5971,10194,744162,2.6,4,In Stock,No,573
50392,Product 7334,Sports,Basic,Supplier D,Delhi WH,13-10-2025,October,32,371,145,26,163,6155,1786,258970,3.8,18,Low Stock,Yes,232
50393,Product 9170,Electronics,Special,Supplier C,Bengaluru WH,01-09-2025,September,445,218,31,49,94,2144,6900,213900,4.1,7,In Stock,No,583
50394,Product 1952,Grocery,Special,Supplier B,Bengaluru WH,09-06-2025,June,289,248,622,40,23,2919,8051,5007722,2.7,4,In Stock,No,-125
50395,Product 4379,Home,Standard,Supplier B,Bengaluru WH,27-01-2025,January,191,138,37,42,55,2056,6327,234099,4.4,14,In Stock,No,250
50396,Product 2273,Electronics,Premium,Supplier D,Bengaluru WH,11-11-2025,November,810,471,455,49,157,9195,13469,6128395,4.2,6,In Stock,No,777
50397,Product 9890,Sports,Premium,Supplier E,Pune WH,08-09-2025,September,177,379,624,31,84,3347,6139,3830736,2.5,20,In Stock,No,-99
50398,Product 8671,Electronics,Premium,Supplier C,Delhi WH,05-01-2025,January,109,484,365,28,77,448,6249,2280885,4.7,18,Low Stock,No,200
50399,Product 8551,Sports,Special,Supplier C,Bengaluru WH,05-06-2025,June,404,403,589,12,38,2936,9284,5468276,3.8,3,Low Stock,Yes,206
50400,Product 7215,Sports,Premium,Supplier C,Pune WH,17-06-2025,June,51,396,341,2,171,2899,5462,1862542,5,9,Low Stock,No,104
50401,Product 5224,Fashion,Special,Supplier E,Hyderabad WH,24-08-2025,August,962,387,495,11,156,274,9629,4766355,4.6,9,In Stock,No,843
50402,Product 5104,Grocery,Basic,Supplier D,Pune WH,20-02-2025,February,246,199,310,20,56,9880,13941,4321710,3.6,7,In Stock,Yes,115
50403,Product 2944,Electronics,Standard,Supplier B,Pune WH,26-11-2025,November,539,283,468,46,166,5319,683,319644,3.3,16,Low Stock,Yes,308
50404,Product 2667,Grocery,Standard,Supplier B,Pune WH,06-06-2025,June,186,44,246,17,146,672,6176,1519296,3.9,13,Low Stock,No,-33
50405,Product 2998,Electronics,Special,Supplier A,Mumbai WH,27-03-2025,March,377,40,477,32,84,5233,9982,4761414,3.6,19,Low Stock,No,-92
50406,Product 4203,Electronics,Special,Supplier A,Mumbai WH,01-09-2025,September,981,473,538,35,108,9572,14560,7833280,3.9,3,Out of Stock,No,881
50407,Product 5259,Sports,Standard,Supplier C,Delhi WH,17-11-2025,November,790,265,647,0,21,1289,2143,1386521,4.1,12,In Stock,No,408
50408,Product 4657,Beauty,Basic,Supplier A,Delhi WH,18-05-2025,May,97,149,0,40,79,2210,551,0,3.5,3,In Stock,No,206
50409,Product 4912,Sports,Basic,Supplier B,Mumbai WH,29-05-2025,May,678,223,72,45,62,3530,769,55368,3.2,11,Out of Stock,Yes,784
50410,Product 8869,Fashion,Special,Supplier A,Bengaluru WH,25-11-2025,November,822,231,28,11,199,6306,12476,349328,4.3,17,Low Stock,No,1014
50411,Product 3036,Sports,Special,Supplier C,Hyderabad WH,12-09-2025,September,764,372,521,18,173,4369,1355,705955,2.8,6,In Stock,No,597
50412,Product 4348,Grocery,Basic,Supplier E,Delhi WH,23-09-2025,September,586,329,42,46,141,2997,7833,328986,2.7,3,In Stock,No,827
50413,Product 1863,Electronics,Special,Supplier C,Hyderabad WH,04-03-2025,March,614,121,94,26,173,8714,6678,627732,4.2,13,In Stock,Yes,615
50414,Product 6760,Beauty,Standard,Supplier B,Mumbai WH,27-05-2025,May,967,115,310,11,138,4241,4165,1291150,3.7,5,Low Stock,No,761
50415,Product 8827,Beauty,Special,Supplier D,Pune WH,16-10-2025,October,186,414,236,25,175,962,14508,3423888,3.4,9,Out of Stock,Yes,339
50416,Product 1307,Beauty,Basic,Supplier A,Mumbai WH,16-04-2025,April,833,212,139,41,21,5194,13590,1889010,5,10,In Stock,Yes,865
50417,Product 3796,Home,Basic,Supplier C,Hyderabad WH,17-07-2025,July,277,299,561,10,139,3528,1684,944724,4.3,19,In Stock,Yes,5
50418,Product 1755,Grocery,Standard,Supplier B,Pune WH,12-03-2025,March,560,10,47,7,97,71,14493,681171,4.6,2,Low Stock,No,516
50419,Product 3387,Beauty,Premium,Supplier B,Hyderabad WH,19-11-2025,November,420,264,153,19,51,2633,10243,1567179,4.6,18,In Stock,No,512
50420,Product 7504,Electronics,Special,Supplier D,Bengaluru WH,06-04-2025,April,788,353,157,0,171,9330,8049,1263693,4.8,9,In Stock,No,984
50421,Product 3650,Grocery,Special,Supplier A,Hyderabad WH,13-06-2025,June,80,206,167,1,148,3367,886,147962,3,6,In Stock,No,118
50422,Product 4953,Home,Special,Supplier D,Hyderabad WH,30-09-2025,September,767,76,419,7,145,8690,13291,5568929,4.9,6,Low Stock,No,417
50423,Product 4398,Grocery,Standard,Supplier D,Pune WH,16-09-2025,September,445,54,508,37,147,7371,5587,2838196,3.1,14,Out of Stock,Yes,-46
50424,Product 6564,Grocery,Standard,Supplier A,Delhi WH,10-06-2025,June,324,215,468,5,168,8738,13882,6496776,4.9,12,Low Stock,No,66
50425,Product 9349,Sports,Special,Supplier E,Delhi WH,27-10-2025,October,444,432,434,6,159,6968,224,97216,3.5,14,In Stock,No,436
50426,Product 3629,Grocery,Standard,Supplier D,Pune WH,12-07-2025,July,152,311,232,37,146,1041,10324,2395168,4.4,5,In Stock,No,194
50427,Product 3707,Home,Special,Supplier B,Mumbai WH,13-11-2025,November,666,210,597,10,138,5032,7934,4736598,3.2,1,In Stock,Yes,269
50428,Product 2305,Sports,Standard,Supplier E,Hyderabad WH,14-09-2025,September,691,24,179,13,81,1720,5525,988975,3.3,15,In Stock,No,523
50429,Product 4565,Grocery,Premium,Supplier D,Mumbai WH,18-06-2025,June,955,343,158,49,86,7888,8204,1296232,3.1,14,Low Stock,No,1091
50430,Product 1294,Electronics,Basic,Supplier C,Hyderabad WH,14-04-2025,April,323,494,187,21,75,5392,10625,1986875,3.6,2,Low Stock,No,609
50431,Product 8363,Beauty,Basic,Supplier C,Bengaluru WH,19-03-2025,March,743,373,422,16,154,7829,12776,5391472,4.1,20,In Stock,Yes,678
50432,Product 4036,Grocery,Basic,Supplier A,Delhi WH,23-06-2025,June,530,425,230,0,101,2934,1277,293710,2.5,2,Low Stock,No,725
50433,Product 5372,Electronics,Special,Supplier E,Hyderabad WH,30-11-2025,November,915,452,651,21,119,9053,8887,5785437,4.7,3,Out of Stock,No,695
50434,Product 3193,Home,Special,Supplier A,Hyderabad WH,06-04-2025,April,1000,87,195,8,187,3409,7664,1494480,3.1,2,Low Stock,No,884
50435,Product 6391,Home,Standard,Supplier E,Pune WH,24-09-2025,September,777,480,285,5,77,9003,1509,430065,2.8,10,In Stock,No,967
50436,Product 5687,Electronics,Special,Supplier A,Pune WH,28-11-2025,November,813,383,313,15,138,1897,1031,322703,3.5,9,In Stock,No,868
50437,Product 2685,Grocery,Standard,Supplier A,Hyderabad WH,18-08-2025,August,828,329,264,41,84,4121,473,124872,3.5,15,In Stock,No,852
50438,Product 7357,Beauty,Basic,Supplier A,Bengaluru WH,06-04-2025,April,791,129,305,2,33,6447,14574,4445070,4.8,11,In Stock,No,613
50439,Product 5018,Grocery,Basic,Supplier D,Delhi WH,26-08-2025,August,147,66,269,38,100,8295,13054,3511526,4.4,18,Out of Stock,No,-94
50440,Product 2752,Sports,Basic,Supplier C,Mumbai WH,24-05-2025,May,393,450,666,37,75,8889,1046,696636,5,10,In Stock,No,140
50441,Product 8377,Fashion,Standard,Supplier C,Hyderabad WH,29-06-2025,June,75,298,635,36,32,9002,8889,5644515,4.7,14,Low Stock,Yes,-298
50442,Product 6010,Sports,Premium,Supplier B,Mumbai WH,17-09-2025,September,695,381,382,17,142,8995,8683,3316906,3.7,9,Low Stock,Yes,677
50443,Product 8355,Grocery,Special,Supplier E,Bengaluru WH,05-12-2025,December,696,214,306,0,177,3206,9987,3056022,3.9,15,Low Stock,No,604
50444,Product 7547,Beauty,Basic,Supplier E,Hyderabad WH,22-12-2025,December,550,463,636,33,45,2152,7384,4696224,2.8,7,In Stock,Yes,344
50445,Product 9745,Electronics,Premium,Supplier C,Hyderabad WH,16-08-2025,August,412,379,244,36,193,2142,6191,1510604,3.8,6,In Stock,No,511
50446,Product 3326,Beauty,Premium,Supplier E,Bengaluru WH,06-09-2025,September,443,307,655,18,38,8007,10844,7102820,4.5,8,In Stock,No,77
50447,Product 5966,Home,Premium,Supplier C,Hyderabad WH,11-05-2025,May,847,307,422,19,152,4633,6830,2882260,2.6,16,Low Stock,Yes,713
50448,Product 8741,Electronics,Standard,Supplier E,Delhi WH,19-07-2025,July,587,361,216,5,51,1174,7227,1561032,3.3,12,In Stock,No,727
50449,Product 4687,Beauty,Premium,Supplier D,Pune WH,17-06-2025,June,897,86,301,3,151,7841,2365,711865,4.7,7,Out of Stock,No,679
50450,Product 4072,Beauty,Special,Supplier D,Pune WH,07-12-2025,December,166,428,342,18,180,9121,7952,2719584,3.4,6,In Stock,Yes,234
50451,Product 3744,Sports,Basic,Supplier E,Pune WH,22-09-2025,September,968,93,179,11,175,4757,9677,1732183,3.6,10,In Stock,No,871
50452,Product 1244,Home,Standard,Supplier C,Pune WH,02-02-2025,February,751,233,577,6,199,7244,2840,1638680,4.4,6,Low Stock,Yes,401
50453,Product 9071,Sports,Basic,Supplier C,Delhi WH,16-02-2025,February,586,181,610,49,199,2345,6246,3810060,3.6,19,Out of Stock,No,108
50454,Product 2976,Fashion,Basic,Supplier E,Bengaluru WH,05-05-2025,May,72,39,361,44,164,4288,10234,3694474,2.8,3,Low Stock,No,-294
50455,Product 5111,Home,Premium,Supplier D,Hyderabad WH,10-02-2025,February,577,6,138,49,148,9220,2944,406272,4.9,6,In Stock,No,396
50456,Product 9918,Electronics,Special,Supplier D,Hyderabad WH,25-08-2025,August,626,213,195,50,161,2942,7914,1543230,3.8,4,In Stock,Yes,594
50457,Product 9253,Fashion,Special,Supplier A,Hyderabad WH,03-11-2025,November,61,442,67,19,189,8557,11956,801052,4.1,4,In Stock,Yes,417
50458,Product 4880,Fashion,Premium,Supplier E,Delhi WH,12-03-2025,March,484,9,472,43,49,3488,2022,954384,2.6,13,In Stock,Yes,-22
50459,Product 9979,Electronics,Basic,Supplier C,Hyderabad WH,11-12-2025,December,223,77,296,1,77,3535,5977,1769192,4.3,20,Out of Stock,No,3
50460,Product 5328,Sports,Basic,Supplier C,Mumbai WH,16-06-2025,June,666,152,639,7,196,4398,9170,5859630,2.9,4,In Stock,No,172
50461,Product 9467,Sports,Premium,Supplier D,Bengaluru WH,01-09-2025,September,587,395,444,26,119,6381,3629,1611276,3.2,3,In Stock,No,512
50462,Product 2367,Grocery,Standard,Supplier B,Pune WH,27-08-2025,August,586,291,66,24,78,8786,5929,391314,4.4,4,In Stock,No,787
50463,Product 1361,Beauty,Basic,Supplier D,Delhi WH,28-11-2025,November,497,452,419,49,29,6102,7587,3178953,3.9,6,In Stock,No,481
50464,Product 2095,Beauty,Basic,Supplier B,Delhi WH,01-11-2025,November,653,328,8,10,51,8102,14041,112328,3.1,5,Low Stock,No,963
50465,Product 3080,Sports,Special,Supplier D,Bengaluru WH,28-03-2025,March,170,423,465,3,170,5190,5107,2374755,4.3,12,In Stock,No,125
50466,Product 9571,Fashion,Standard,Supplier B,Hyderabad WH,03-12-2025,December,651,324,604,44,155,5711,2015,1217060,3.3,6,In Stock,No,327
50467,Product 6133,Grocery,Special,Supplier A,Bengaluru WH,28-05-2025,May,302,116,338,20,159,8827,12820,4333160,3.7,12,In Stock,No,60
50468,Product 2220,Grocery,Basic,Supplier E,Bengaluru WH,16-08-2025,August,286,401,468,31,118,6512,8949,4188132,2.7,2,In Stock,No,188
50469,Product 2567,Fashion,Special,Supplier D,Delhi WH,22-10-2025,October,527,354,314,39,37,263,1932,606648,4.1,3,In Stock,No,528
50470,Product 3410,Electronics,Basic,Supplier C,Pune WH,22-05-2025,May,776,406,634,35,21,7591,9882,6265188,2.8,11,In Stock,Yes,513
50471,Product 7437,Fashion,Standard,Supplier B,Pune WH,26-12-2025,December,861,264,248,36,160,63,4059,1006632,4.7,6,In Stock,No,841
50472,Product 7805,Beauty,Premium,Supplier E,Delhi WH,09-04-2025,April,646,94,176,8,105,636,400,70400,2.9,8,In Stock,No,556
50473,Product 9016,Beauty,Special,Supplier A,Bengaluru WH,13-03-2025,March,997,402,593,2,185,2730,6641,3938113,3.9,2,In Stock,No,804
50474,Product 6802,Electronics,Special,Supplier A,Delhi WH,26-08-2025,August,586,388,491,23,77,9988,9087,4461717,4.8,20,In Stock,No,460
50475,Product 3632,Beauty,Basic,Supplier C,Mumbai WH,23-06-2025,June,600,159,550,9,30,1208,9499,5224450,3,11,In Stock,No,200
50476,Product 8927,Beauty,Basic,Supplier C,Delhi WH,23-05-2025,May,449,321,418,46,164,2975,1492,623656,4,2,Low Stock,No,306
50477,Product 7180,Electronics,Premium,Supplier E,Bengaluru WH,31-05-2025,May,787,103,170,13,112,8460,947,160990,2.8,13,Low Stock,No,707
50478,Product 8679,Home,Special,Supplier B,Pune WH,12-03-2025,March,763,218,508,15,32,6912,12298,6247384,4.1,10,In Stock,No,458
50479,Product 3872,Fashion,Basic,Supplier C,Hyderabad WH,03-11-2025,November,364,93,287,14,156,419,4074,1169238,4.1,8,In Stock,No,156
50480,Product 2080,Home,Basic,Supplier A,Hyderabad WH,20-05-2025,May,166,184,393,7,101,5483,14688,5772384,3.4,8,In Stock,No,-50
50481,Product 6689,Grocery,Standard,Supplier A,Pune WH,23-10-2025,October,767,68,291,25,80,5669,7123,2072793,2.6,14,Low Stock,No,519
50482,Product 9660,Grocery,Premium,Supplier B,Delhi WH,03-07-2025,July,250,118,627,31,144,7930,2544,1595088,3.7,13,In Stock,Yes,-290
50483,Product 6658,Electronics,Special,Supplier C,Mumbai WH,09-09-2025,September,913,372,289,5,87,3151,9233,2668337,3,8,In Stock,No,991
50484,Product 2843,Electronics,Basic,Supplier A,Delhi WH,03-12-2025,December,996,180,175,12,125,1497,11661,2040675,4.1,10,In Stock,No,989
50485,Product 6529,Home,Premium,Supplier B,Delhi WH,13-03-2025,March,70,249,249,30,52,7664,2781,692469,4.1,20,In Stock,No,40
50486,Product 4332,Home,Premium,Supplier D,Hyderabad WH,24-02-2025,February,518,72,411,34,198,2158,3185,1309035,2.7,5,In Stock,No,145
50487,Product 2937,Fashion,Premium,Supplier C,Delhi WH,23-11-2025,November,704,112,367,38,150,5689,798,292866,4.5,4,Low Stock,No,411
50488,Product 9550,Fashion,Standard,Supplier D,Bengaluru WH,24-11-2025,November,847,13,697,48,75,2615,12443,8672771,3.6,9,In Stock,No,115
50489,Product 2269,Electronics,Premium,Supplier E,Pune WH,28-05-2025,May,723,201,319,44,64,7200,12211,3895309,4.7,13,Low Stock,No,561
50490,Product 7348,Beauty,Premium,Supplier E,Delhi WH,10-01-2025,January,277,196,332,33,183,9970,14558,4833256,4,4,Low Stock,Yes,108
50491,Product 8315,Beauty,Basic,Supplier B,Bengaluru WH,05-06-2025,June,944,335,623,31,169,421,1204,750092,3.5,2,In Stock,No,625
50492,Product 1799,Fashion,Basic,Supplier B,Mumbai WH,15-09-2025,September,391,488,668,40,135,9215,13650,9118200,4.2,4,Low Stock,No,171
50493,Product 1682,Home,Special,Supplier E,Delhi WH,21-02-2025,February,332,259,580,45,162,5505,8734,5065720,2.5,4,In Stock,No,-34
50494,Product 9893,Sports,Premium,Supplier B,Bengaluru WH,17-10-2025,October,488,420,509,13,50,4619,636,323724,3.5,1,In Stock,Yes,386
50495,Product 6637,Sports,Special,Supplier D,Mumbai WH,15-06-2025,June,503,216,485,10,161,7506,763,370055,4.8,10,In Stock,No,224
50496,Product 9123,Fashion,Special,Supplier B,Hyderabad WH,14-06-2025,June,785,207,610,36,176,7503,1028,627080,4.2,20,Out of Stock,Yes,346
50497,Product 3856,Beauty,Basic,Supplier A,Pune WH,12-03-2025,March,931,368,229,11,34,4011,705,161445,2.7,4,In Stock,No,1059
50498,Product 2423,Home,Premium,Supplier C,Pune WH,03-02-2025,February,935,406,283,26,171,6551,14750,4174250,4.9,13,In Stock,No,1032
50499,Product 5606,Sports,Special,Supplier D,Delhi WH,01-04-2025,April,887,106,211,18,32,6150,3011,635321,3.8,2,In Stock,No,764
50500,Product 8766,Grocery,Standard,Supplier A,Pune WH,12-01-2025,January,552,355,15,6,54,4037,13476,202140,3.8,12,In Stock,No,886
50501,Product 6762,Fashion,Special,Supplier B,Pune WH,14-03-2025,March,924,464,63,43,59,557,12781,805203,3.2,6,Low Stock,No,1282
50502,Product 4792,Grocery,Special,Supplier D,Bengaluru WH,15-10-2025,October,811,46,289,49,154,3926,480,138720,3.7,10,In Stock,No,519
50503,Product 6595,Electronics,Standard,Supplier C,Hyderabad WH,29-04-2025,April,630,402,631,40,27,3494,7967,5027177,4.6,10,In Stock,No,361
50504,Product 3903,Sports,Basic,Supplier E,Delhi WH,28-11-2025,November,526,67,433,29,168,3388,11371,4923643,2.9,2,In Stock,Yes,131
50505,Product 6791,Beauty,Premium,Supplier C,Bengaluru WH,26-12-2025,December,489,447,569,24,136,8243,9263,5270647,4.7,16,In Stock,No,343
50506,Product 3615,Electronics,Special,Supplier E,Mumbai WH,16-03-2025,March,577,229,427,27,152,2689,384,163968,4.8,15,In Stock,No,352
50507,Product 8382,Grocery,Standard,Supplier B,Pune WH,13-01-2025,January,727,432,399,34,22,1689,8095,3229905,4.6,2,Low Stock,No,726
50508,Product 8062,Sports,Standard,Supplier C,Hyderabad WH,16-08-2025,August,408,325,207,19,171,7066,7930,1641510,2.7,1,In Stock,Yes,507
50509,Product 6115,Home,Premium,Supplier D,Bengaluru WH,05-06-2025,June,813,80,601,0,99,2383,7794,4684194,4.3,7,In Stock,No,292
50510,Product 8137,Sports,Premium,Supplier D,Delhi WH,21-03-2025,March,189,23,547,37,152,4090,13499,7383953,3,19,Low Stock,No,-372
50511,Product 1335,Fashion,Premium,Supplier B,Hyderabad WH,06-07-2025,July,516,13,326,5,69,2939,14580,4753080,3.9,12,Low Stock,No,198
50512,Product 6800,Grocery,Premium,Supplier A,Bengaluru WH,11-03-2025,March,358,165,4,17,136,2784,5990,23960,4.3,2,In Stock,No,502
50513,Product 7182,Electronics,Premium,Supplier E,Pune WH,26-08-2025,August,34,277,625,26,117,8103,2317,1448125,3.7,9,In Stock,No,-340
50514,Product 6366,Beauty,Standard,Supplier D,Bengaluru WH,06-08-2025,August,851,66,607,37,88,2644,8416,5108512,4.2,6,Out of Stock,No,273
50515,Product 4115,Sports,Basic,Supplier A,Bengaluru WH,27-03-2025,March,887,341,499,41,186,5329,12994,6484006,4.1,20,In Stock,No,688
50516,Product 5322,Beauty,Standard,Supplier B,Mumbai WH,06-08-2025,August,844,370,77,34,106,4108,4237,326249,4.3,17,In Stock,No,1103
50517,Product 7980,Beauty,Basic,Supplier E,Delhi WH,12-09-2025,September,303,86,166,14,88,1353,9764,1620824,2.5,7,In Stock,No,209
50518,Product 9713,Sports,Special,Supplier A,Bengaluru WH,25-02-2025,February,684,140,487,13,190,1401,3536,1722032,3.8,11,Low Stock,No,324
50519,Product 3431,Grocery,Premium,Supplier A,Delhi WH,24-10-2025,October,680,38,98,49,76,3564,12269,1202362,2.6,7,In Stock,No,571
50520,Product 7844,Beauty,Special,Supplier B,Delhi WH,23-06-2025,June,181,382,623,45,157,1046,6051,3769773,4.6,7,Low Stock,Yes,-105
50521,Product 9487,Electronics,Basic,Supplier E,Delhi WH,08-01-2025,January,529,358,354,25,59,3273,11786,4172244,2.9,14,Out of Stock,No,508
50522,Product 3781,Electronics,Basic,Supplier A,Hyderabad WH,22-12-2025,December,176,193,443,36,170,9653,10271,4550053,4.2,4,In Stock,No,-110
50523,Product 4495,Home,Standard,Supplier E,Delhi WH,10-05-2025,May,149,192,457,11,75,1776,7959,3637263,2.5,11,In Stock,Yes,-127
50524,Product 4657,Electronics,Basic,Supplier C,Pune WH,28-11-2025,November,84,272,158,16,35,3762,7862,1242196,2.8,10,In Stock,No,182
50525,Product 3667,Beauty,Basic,Supplier D,Bengaluru WH,16-07-2025,July,153,345,271,38,184,1249,10966,2971786,3.3,19,In Stock,No,189
50526,Product 8422,Grocery,Premium,Supplier B,Bengaluru WH,26-05-2025,May,325,69,543,13,69,9626,10404,5649372,3.7,12,Out of Stock,No,-162
50527,Product 1801,Home,Special,Supplier C,Delhi WH,19-08-2025,August,107,41,546,20,54,108,1584,864864,4.8,9,In Stock,No,-418
50528,Product 5874,Home,Basic,Supplier A,Delhi WH,31-08-2025,August,584,431,266,37,152,5540,8273,2200618,4.3,16,In Stock,No,712
50529,Product 5925,Grocery,Special,Supplier A,Hyderabad WH,26-07-2025,July,250,240,104,46,34,9412,11575,1203800,4,12,In Stock,No,340
50530,Product 7095,Electronics,Basic,Supplier E,Mumbai WH,16-11-2025,November,428,306,202,22,83,9152,11912,2406224,3.7,6,In Stock,No,510
50531,Product 5865,Fashion,Special,Supplier B,Delhi WH,11-08-2025,August,338,360,577,1,173,266,6125,3534125,4.5,12,In Stock,No,120
50532,Product 1955,Beauty,Basic,Supplier B,Bengaluru WH,11-09-2025,September,990,474,169,41,28,1919,12697,2145793,4.5,13,Low Stock,No,1254
50533,Product 8767,Beauty,Special,Supplier C,Pune WH,20-12-2025,December,714,32,613,37,107,8804,9347,5729711,3.5,6,In Stock,No,96
50534,Product 4161,Sports,Basic,Supplier A,Hyderabad WH,07-06-2025,June,102,283,169,19,134,9806,4369,738361,4.8,1,In Stock,No,197
50535,Product 6945,Sports,Basic,Supplier A,Delhi WH,23-01-2025,January,540,135,316,12,42,2086,14415,4555140,4.4,16,In Stock,Yes,347
50536,Product 3109,Beauty,Special,Supplier B,Mumbai WH,18-05-2025,May,531,21,424,31,105,5042,5751,2438424,5,14,In Stock,No,97
50537,Product 4084,Grocery,Standard,Supplier B,Bengaluru WH,09-12-2025,December,832,342,305,16,69,8758,5364,1636020,4.7,16,In Stock,Yes,853
50538,Product 5985,Home,Special,Supplier C,Pune WH,09-12-2025,December,406,67,167,27,62,3353,13227,2208909,3.9,9,In Stock,Yes,279
50539,Product 7699,Grocery,Premium,Supplier B,Bengaluru WH,06-06-2025,June,882,127,320,32,131,7199,13282,4250240,3.1,10,In Stock,No,657
50540,Product 1174,Beauty,Basic,Supplier D,Delhi WH,30-08-2025,August,214,168,494,50,168,4758,2186,1079884,5,14,In Stock,No,-162
50541,Product 3097,Fashion,Standard,Supplier C,Bengaluru WH,15-08-2025,August,697,179,141,43,158,1991,14984,2112744,4.7,17,In Stock,No,692
50542,Product 1569,Beauty,Premium,Supplier B,Pune WH,13-04-2025,April,949,27,344,38,125,5174,816,280704,4,6,In Stock,No,594
50543,Product 3486,Electronics,Premium,Supplier A,Pune WH,10-10-2025,October,664,268,391,17,188,8347,4509,1763019,4.1,18,In Stock,Yes,524
50544,Product 4958,Electronics,Premium,Supplier E,Hyderabad WH,07-07-2025,July,796,212,363,21,66,2269,13311,4831893,2.6,6,In Stock,Yes,624
50545,Product 5282,Sports,Basic,Supplier B,Bengaluru WH,27-07-2025,July,978,112,664,34,37,257,11495,7632680,4.2,15,In Stock,No,392
50546,Product 8813,Grocery,Basic,Supplier E,Bengaluru WH,09-06-2025,June,734,108,402,1,110,3233,9054,3639708,2.8,3,In Stock,No,439
50547,Product 3600,Electronics,Premium,Supplier A,Bengaluru WH,04-03-2025,March,376,56,644,19,179,1487,7963,5128172,4.7,14,Low Stock,No,-231
50548,Product 5675,Sports,Basic,Supplier D,Delhi WH,01-07-2025,July,861,366,47,42,127,2612,2641,124127,3.5,18,In Stock,No,1138
50549,Product 9093,Electronics,Basic,Supplier D,Hyderabad WH,27-07-2025,July,247,423,292,50,76,9332,10297,3006724,3.9,14,In Stock,Yes,328
50550,Product 3079,Beauty,Special,Supplier D,Pune WH,15-08-2025,August,666,445,401,40,72,5847,11078,4442278,3.6,11,Out of Stock,Yes,670
50551,Product 6238,Home,Standard,Supplier C,Pune WH,06-09-2025,September,198,453,138,29,72,2813,11103,1532214,3.1,9,In Stock,Yes,484
50552,Product 4287,Home,Basic,Supplier B,Hyderabad WH,02-03-2025,March,458,267,467,14,76,7082,322,150374,4.5,2,In Stock,No,244
50553,Product 8042,Grocery,Basic,Supplier D,Delhi WH,20-11-2025,November,584,57,566,30,172,816,6533,3697678,3.6,11,Low Stock,Yes,45
50554,Product 1434,Home,Premium,Supplier B,Hyderabad WH,16-04-2025,April,118,140,594,42,93,6654,4987,2962278,3.4,20,In Stock,Yes,-378
50555,Product 4249,Sports,Special,Supplier A,Hyderabad WH,04-06-2025,June,839,424,610,27,156,627,12981,7918410,4.1,7,Low Stock,No,626
50556,Product 6986,Grocery,Premium,Supplier E,Hyderabad WH,06-10-2025,October,510,91,6,14,38,2762,12644,75864,2.8,12,In Stock,No,581
50557,Product 7982,Beauty,Standard,Supplier E,Delhi WH,06-05-2025,May,346,416,317,38,190,2132,5270,1670590,3.7,8,Low Stock,Yes,407
50558,Product 1196,Electronics,Basic,Supplier B,Pune WH,03-02-2025,February,604,449,103,21,159,8073,9485,976955,2.6,10,In Stock,Yes,929
50559,Product 9294,Electronics,Special,Supplier A,Pune WH,09-09-2025,September,606,230,34,39,116,741,3783,128622,2.7,8,In Stock,No,763
50560,Product 2953,Fashion,Premium,Supplier D,Bengaluru WH,20-09-2025,September,378,53,152,30,101,7894,14215,2160680,2.7,17,In Stock,Yes,249
50561,Product 8966,Electronics,Special,Supplier B,Hyderabad WH,01-07-2025,July,664,45,372,4,116,8682,7060,2626320,4.8,14,In Stock,Yes,333
50562,Product 3339,Home,Basic,Supplier A,Pune WH,23-01-2025,January,241,157,482,28,74,7992,8350,4024700,3.3,20,In Stock,No,-112
50563,Product 9794,Beauty,Special,Supplier C,Pune WH,14-06-2025,June,831,419,177,35,70,4676,12550,2221350,2.9,8,In Stock,No,1038
50564,Product 3268,Grocery,Premium,Supplier C,Delhi WH,22-07-2025,July,966,484,489,37,115,2691,331,161859,4,8,In Stock,No,924
50565,Product 7552,Beauty,Standard,Supplier E,Pune WH,08-04-2025,April,191,336,367,34,166,1777,3611,1325237,4.4,11,In Stock,No,126
50566,Product 7465,Fashion,Special,Supplier C,Mumbai WH,19-03-2025,March,678,432,616,37,25,3727,12466,7679056,3.4,17,In Stock,No,457
50567,Product 1201,Sports,Basic,Supplier C,Delhi WH,30-08-2025,August,443,240,373,6,183,5177,13815,5152995,4.6,12,Low Stock,No,304
50568,Product 2727,Fashion,Basic,Supplier B,Delhi WH,10-08-2025,August,287,492,501,21,104,6430,8102,4059102,3.3,20,Low Stock,No,257
50569,Product 7780,Home,Premium,Supplier C,Delhi WH,28-06-2025,June,347,17,89,21,168,5579,9751,867839,2.7,17,Low Stock,No,254
50570,Product 6166,Grocery,Premium,Supplier B,Delhi WH,20-03-2025,March,803,33,104,31,158,4179,1717,178568,2.9,1,In Stock,No,701
50571,Product 5317,Fashion,Standard,Supplier D,Delhi WH,04-03-2025,March,801,414,427,39,64,7720,8689,3710203,4.4,19,Low Stock,Yes,749
50572,Product 3237,Beauty,Standard,Supplier C,Pune WH,08-11-2025,November,510,239,227,14,179,9119,14075,3195025,3.1,20,Low Stock,Yes,508
50573,Product 8016,Electronics,Special,Supplier D,Bengaluru WH,14-01-2025,January,95,232,46,45,68,3105,1635,75210,2.5,8,In Stock,No,236
50574,Product 1443,Sports,Standard,Supplier C,Delhi WH,11-02-2025,February,611,97,193,38,129,5540,220,42460,2.8,20,In Stock,Yes,477
50575,Product 9525,Fashion,Special,Supplier E,Hyderabad WH,12-02-2025,February,634,4,140,5,107,6993,12792,1790880,4.6,7,In Stock,Yes,493
50576,Product 6883,Sports,Special,Supplier A,Bengaluru WH,30-06-2025,June,723,500,422,16,111,293,4070,1717540,4.6,18,Out of Stock,No,785
50577,Product 4142,Grocery,Basic,Supplier E,Delhi WH,17-04-2025,April,973,312,539,25,185,9210,9845,5306455,3.3,3,In Stock,No,721
50578,Product 2095,Grocery,Premium,Supplier D,Delhi WH,24-07-2025,July,418,291,61,16,163,6287,12308,750788,3,11,Low Stock,No,632
50579,Product 6387,Fashion,Basic,Supplier D,Pune WH,14-11-2025,November,712,45,485,43,25,657,9866,4785010,2.7,6,In Stock,No,229
50580,Product 5332,Beauty,Premium,Supplier A,Mumbai WH,02-11-2025,November,920,63,598,40,198,2853,5546,3316508,3,5,In Stock,No,345
50581,Product 1626,Home,Premium,Supplier D,Mumbai WH,14-07-2025,July,435,469,185,17,39,2273,5338,987530,2.5,3,In Stock,Yes,702
50582,Product 1825,Beauty,Special,Supplier A,Bengaluru WH,20-02-2025,February,743,422,12,32,182,8712,1826,21912,2.7,3,In Stock,No,1121
50583,Product 5810,Electronics,Standard,Supplier B,Bengaluru WH,17-08-2025,August,313,62,227,24,156,1824,6959,1579693,3.1,14,In Stock,No,124
50584,Product 1530,Beauty,Premium,Supplier E,Mumbai WH,26-12-2025,December,697,402,230,16,35,5188,2568,590640,4,10,In Stock,No,853
50585,Product 5633,Grocery,Basic,Supplier A,Hyderabad WH,24-04-2025,April,958,468,35,48,155,9345,6820,238700,4.7,6,In Stock,Yes,1343
50586,Product 9982,Grocery,Premium,Supplier B,Bengaluru WH,23-07-2025,July,104,369,22,31,31,1215,13518,297396,2.9,10,In Stock,No,420
50587,Product 2003,Fashion,Special,Supplier C,Bengaluru WH,26-09-2025,September,495,271,202,11,83,2060,10168,2053936,4.6,3,In Stock,No,553
50588,Product 7932,Beauty,Premium,Supplier C,Hyderabad WH,04-03-2025,March,874,357,629,26,31,7513,6364,4002956,2.6,7,Low Stock,No,576
50589,Product 6274,Home,Basic,Supplier E,Delhi WH,21-01-2025,January,321,159,639,47,200,3271,2553,1631367,3.1,9,Out of Stock,Yes,-206
50590,Product 7325,Sports,Premium,Supplier D,Delhi WH,20-04-2025,April,954,312,691,13,120,8505,6684,4618644,3.8,8,In Stock,No,562
50591,Product 7865,Home,Special,Supplier A,Delhi WH,19-01-2025,January,842,256,622,2,74,5460,3423,2129106,3.2,20,Out of Stock,Yes,474
50592,Product 2253,Electronics,Basic,Supplier E,Hyderabad WH,20-02-2025,February,889,313,408,44,137,3463,9079,3704232,4.8,16,In Stock,No,750
50593,Product 8360,Fashion,Basic,Supplier E,Mumbai WH,11-03-2025,March,843,325,353,48,105,7860,8389,2961317,4.5,7,Low Stock,No,767
50594,Product 9956,Electronics,Standard,Supplier A,Mumbai WH,05-12-2025,December,176,107,350,13,144,7463,8696,3043600,3.4,12,In Stock,Yes,-80
50595,Product 2608,Sports,Standard,Supplier A,Pune WH,07-05-2025,May,955,199,294,37,199,4562,14870,4371780,2.9,19,In Stock,No,823
50596,Product 8580,Home,Standard,Supplier B,Pune WH,11-10-2025,October,205,33,93,19,159,7569,1098,102114,4,10,In Stock,No,126
50597,Product 5527,Grocery,Standard,Supplier C,Delhi WH,30-11-2025,November,714,298,256,20,98,2585,14262,3651072,3.8,11,Low Stock,No,736
50598,Product 6787,Sports,Standard,Supplier B,Delhi WH,15-08-2025,August,31,286,396,15,59,8747,12060,4775760,4.4,17,In Stock,No,-94
50599,Product 8898,Electronics,Basic,Supplier D,Bengaluru WH,31-05-2025,May,578,388,546,50,29,4681,6925,3781050,3.1,9,In Stock,No,370
50600,Product 6101,Beauty,Premium,Supplier C,Mumbai WH,09-05-2025,May,702,386,425,2,27,1367,12996,5523300,2.8,18,In Stock,Yes,661
50601,Product 8197,Home,Special,Supplier E,Mumbai WH,21-05-2025,May,527,64,115,42,196,3747,11701,1345615,4.2,12,In Stock,No,434
50602,Product 4345,Grocery,Special,Supplier E,Hyderabad WH,25-07-2025,July,364,172,33,20,68,3758,1596,52668,4.6,3,In Stock,No,483
50603,Product 9717,Electronics,Standard,Supplier E,Hyderabad WH,08-06-2025,June,149,273,341,47,111,8670,13908,4742628,4.5,3,In Stock,No,34
50604,Product 6381,Fashion,Special,Supplier C,Pune WH,12-02-2025,February,53,452,27,21,106,3143,1293,34911,2.7,10,In Stock,Yes,457
50605,Product 1968,Sports,Standard,Supplier B,Mumbai WH,09-04-2025,April,111,423,644,34,145,1979,6814,4388216,2.9,12,In Stock,No,-144
50606,Product 1426,Grocery,Basic,Supplier C,Hyderabad WH,24-04-2025,April,636,466,432,7,47,7636,2700,1166400,2.5,10,In Stock,No,663
50607,Product 9661,Sports,Standard,Supplier B,Mumbai WH,24-08-2025,August,183,257,181,30,101,3588,11274,2040594,3.8,17,Low Stock,No,229
50608,Product 7619,Electronics,Special,Supplier C,Bengaluru WH,18-12-2025,December,42,320,645,45,128,264,3176,2048520,4.6,6,In Stock,No,-328
50609,Product 4260,Sports,Special,Supplier B,Bengaluru WH,20-09-2025,September,322,333,504,2,75,2644,7732,3896928,2.7,12,In Stock,No,149
50610,Product 8727,Home,Standard,Supplier B,Delhi WH,05-03-2025,March,975,75,206,36,22,2064,11087,2283922,4.7,5,Low Stock,No,808
50611,Product 7777,Fashion,Special,Supplier A,Bengaluru WH,28-11-2025,November,461,257,110,35,153,1499,9208,1012880,3.4,14,In Stock,No,573
50612,Product 3681,Beauty,Basic,Supplier A,Hyderabad WH,14-09-2025,September,278,295,506,32,53,2294,10694,5411164,3,10,In Stock,No,35
50613,Product 8714,Beauty,Special,Supplier B,Bengaluru WH,27-11-2025,November,394,469,437,11,147,6521,6125,2676625,2.7,5,Low Stock,No,415
50614,Product 1331,Beauty,Basic,Supplier A,Hyderabad WH,01-12-2025,December,88,421,365,34,51,2314,13821,5044665,3.2,17,Low Stock,No,110
50615,Product 2529,Home,Standard,Supplier C,Pune WH,04-11-2025,November,820,125,177,3,143,502,9715,1719555,2.7,13,Out of Stock,No,765
50616,Product 6569,Home,Special,Supplier D,Mumbai WH,19-03-2025,March,681,236,273,31,100,161,9398,2565654,3.2,2,In Stock,No,613
50617,Product 2496,Home,Special,Supplier D,Pune WH,16-02-2025,February,603,146,697,4,177,8982,6235,4345795,4.3,15,In Stock,No,48
50618,Product 4066,Grocery,Premium,Supplier B,Hyderabad WH,08-07-2025,July,185,277,360,33,167,5140,4935,1776600,4,4,Low Stock,No,69
50619,Product 8850,Grocery,Special,Supplier C,Delhi WH,25-01-2025,January,652,196,87,23,74,4167,4437,386019,4.8,1,In Stock,No,738
50620,Product 4580,Electronics,Standard,Supplier B,Mumbai WH,06-12-2025,December,157,267,120,20,136,7040,11026,1323120,2.7,5,In Stock,No,284
50621,Product 2653,Grocery,Standard,Supplier C,Delhi WH,29-08-2025,August,739,242,405,43,107,4011,7082,2868210,2.6,16,In Stock,No,533
50622,Product 5325,Electronics,Special,Supplier E,Mumbai WH,08-07-2025,July,51,219,139,27,189,376,2323,322897,4,6,In Stock,Yes,104
50623,Product 2703,Electronics,Special,Supplier E,Bengaluru WH,29-04-2025,April,121,468,242,12,37,6725,12239,2961838,4.7,20,In Stock,No,335
50624,Product 5500,Electronics,Standard,Supplier D,Bengaluru WH,22-02-2025,February,85,230,100,17,37,2930,3573,357300,2.7,11,Low Stock,Yes,198
50625,Product 2347,Home,Premium,Supplier B,Mumbai WH,19-04-2025,April,849,134,550,6,62,9775,7854,4319700,2.6,14,In Stock,No,427
50626,Product 6961,Beauty,Special,Supplier B,Pune WH,09-11-2025,November,89,206,514,28,121,7120,14178,7287492,4.1,6,In Stock,No,-247
50627,Product 3945,Home,Standard,Supplier C,Mumbai WH,31-10-2025,October,655,202,352,7,189,706,6683,2352416,3.5,6,In Stock,Yes,498
50628,Product 7718,Electronics,Basic,Supplier C,Bengaluru WH,31-01-2025,January,49,133,102,9,145,8774,6490,661980,2.7,15,Low Stock,No,71
50629,Product 1667,Home,Special,Supplier E,Pune WH,09-08-2025,August,75,76,506,43,181,7545,13505,6833530,2.8,4,In Stock,No,-398
50630,Product 9443,Home,Premium,Supplier B,Delhi WH,15-09-2025,September,471,488,374,5,23,1788,1220,456280,4.4,17,Low Stock,No,580
50631,Product 3714,Electronics,Premium,Supplier E,Hyderabad WH,26-03-2025,March,665,110,67,3,84,2390,10246,686482,3,4,In Stock,No,705
50632,Product 6935,Grocery,Premium,Supplier B,Pune WH,16-04-2025,April,544,198,507,43,107,6330,2965,1503255,3.9,10,Out of Stock,No,192
50633,Product 9442,Home,Standard,Supplier C,Delhi WH,09-07-2025,July,372,354,529,19,140,1153,3413,1805477,3.3,19,In Stock,Yes,178
50634,Product 2785,Sports,Special,Supplier E,Pune WH,27-08-2025,August,595,233,609,49,159,7655,9660,5882940,4.8,4,In Stock,No,170
50635,Product 6121,Beauty,Basic,Supplier B,Delhi WH,23-04-2025,April,305,260,38,8,76,5168,12781,485678,3.9,17,In Stock,Yes,519
50636,Product 1013,Fashion,Standard,Supplier B,Bengaluru WH,07-06-2025,June,962,442,563,21,172,4299,10634,5986942,4,4,In Stock,No,820
50637,Product 9450,Beauty,Basic,Supplier E,Bengaluru WH,12-01-2025,January,858,117,308,23,109,4608,498,153384,3.2,8,Low Stock,No,644
50638,Product 1492,Grocery,Standard,Supplier A,Hyderabad WH,16-12-2025,December,490,417,195,27,34,5201,8085,1576575,4.2,4,In Stock,No,685
50639,Product 7568,Grocery,Standard,Supplier C,Mumbai WH,15-10-2025,October,347,44,496,6,154,4863,12189,6045744,3.1,15,Low Stock,No,-111
50640,Product 6748,Sports,Standard,Supplier C,Mumbai WH,09-08-2025,August,672,424,562,8,63,6082,13534,7606108,4.9,19,In Stock,No,526
50641,Product 3616,Grocery,Special,Supplier A,Delhi WH,02-05-2025,May,428,311,450,3,71,8257,14420,6489000,3,6,Low Stock,Yes,286
50642,Product 8007,Home,Premium,Supplier D,Delhi WH,16-04-2025,April,883,81,518,20,150,1814,5286,2738148,4.4,4,In Stock,Yes,426
50643,Product 7734,Grocery,Premium,Supplier A,Bengaluru WH,21-11-2025,November,381,454,96,39,59,4052,574,55104,4.1,19,Low Stock,No,700
50644,Product 7224,Grocery,Standard,Supplier B,Mumbai WH,02-03-2025,March,151,101,460,37,56,5201,8743,4021780,3.5,14,Low Stock,No,-245
50645,Product 5466,Beauty,Basic,Supplier C,Hyderabad WH,02-10-2025,October,439,205,71,23,176,9830,12924,917604,3.5,2,In Stock,No,550
50646,Product 4052,Electronics,Basic,Supplier E,Mumbai WH,12-11-2025,November,300,26,296,35,119,357,3251,962296,4.4,14,Low Stock,No,-5
50647,Product 6680,Electronics,Special,Supplier B,Pune WH,24-02-2025,February,398,396,686,50,128,6101,11819,8107834,2.9,10,In Stock,Yes,58
50648,Product 7020,Electronics,Basic,Supplier A,Hyderabad WH,19-02-2025,February,341,419,568,32,70,472,1181,670808,4.2,18,In Stock,Yes,160
50649,Product 6504,Grocery,Premium,Supplier A,Pune WH,25-05-2025,May,778,499,237,46,134,1674,14948,3542676,2.9,16,In Stock,No,994
50650,Product 2271,Fashion,Standard,Supplier B,Mumbai WH,25-03-2025,March,134,271,381,17,78,2154,6843,2607183,3.1,16,In Stock,Yes,7
50651,Product 5349,Sports,Special,Supplier A,Bengaluru WH,12-12-2025,December,276,118,213,35,155,6849,2248,478824,3.2,9,In Stock,No,146
50652,Product 6181,Grocery,Special,Supplier A,Bengaluru WH,05-05-2025,May,435,61,554,1,103,8687,12017,6657418,3.5,4,In Stock,Yes,-59
50653,Product 6441,Grocery,Premium,Supplier C,Bengaluru WH,04-07-2025,July,483,38,607,47,134,5571,5870,3563090,4.8,15,Low Stock,Yes,-133
50654,Product 3218,Fashion,Standard,Supplier D,Hyderabad WH,22-04-2025,April,212,85,409,11,93,349,6948,2841732,4.4,18,Low Stock,No,-123
50655,Product 1170,Home,Special,Supplier A,Pune WH,27-02-2025,February,763,442,635,44,102,8809,13928,8844280,3.8,6,In Stock,Yes,526
50656,Product 8644,Fashion,Basic,Supplier B,Hyderabad WH,30-09-2025,September,875,134,512,47,134,9667,3022,1547264,4.4,14,Low Stock,No,450
50657,Product 2699,Fashion,Basic,Supplier B,Mumbai WH,08-02-2025,February,929,26,197,36,43,8134,1338,263586,4.6,14,Out of Stock,No,722
50658,Product 7242,Electronics,Standard,Supplier D,Delhi WH,28-06-2025,June,694,213,260,43,40,7120,10360,2693600,2.7,5,In Stock,No,604
50659,Product 8023,Sports,Standard,Supplier E,Delhi WH,16-08-2025,August,54,416,263,7,190,4654,3498,919974,4.6,12,Low Stock,No,200
50660,Product 1829,Electronics,Standard,Supplier D,Delhi WH,10-11-2025,November,241,424,146,32,57,4931,10288,1502048,2.9,17,In Stock,No,487
50661,Product 9107,Beauty,Standard,Supplier B,Mumbai WH,09-10-2025,October,634,86,246,31,165,5996,1247,306762,4.6,13,In Stock,No,443
50662,Product 8939,Fashion,Premium,Supplier E,Hyderabad WH,10-11-2025,November,25,328,330,42,126,420,2079,686070,3.4,2,In Stock,No,-19
50663,Product 5039,Home,Standard,Supplier B,Delhi WH,15-06-2025,June,421,447,296,44,63,5483,11337,3355752,4.1,8,In Stock,No,528
50664,Product 2912,Electronics,Premium,Supplier A,Pune WH,11-11-2025,November,744,166,222,25,39,3684,2424,538128,3.6,20,Low Stock,No,663
50665,Product 7292,Beauty,Special,Supplier D,Mumbai WH,28-05-2025,May,133,38,374,23,31,8483,12182,4556068,2.9,13,In Stock,No,-226
50666,Product 7813,Grocery,Standard,Supplier D,Delhi WH,08-03-2025,March,362,145,192,43,124,3198,11225,2155200,4.4,5,In Stock,No,272
50667,Product 9758,Sports,Standard,Supplier A,Delhi WH,29-12-2025,December,489,196,445,30,78,7338,13598,6051110,2.6,17,In Stock,Yes,210
50668,Product 9349,Electronics,Basic,Supplier A,Pune WH,28-10-2025,October,831,40,693,15,83,2587,14771,10236303,2.9,9,Low Stock,No,163
50669,Product 4326,Fashion,Premium,Supplier C,Bengaluru WH,08-04-2025,April,399,163,60,25,115,5047,12252,735120,4.7,19,In Stock,No,477
50670,Product 3697,Home,Premium,Supplier C,Pune WH,01-02-2025,February,766,391,542,31,38,4305,1563,847146,4.8,15,In Stock,No,584
50671,Product 4906,Beauty,Special,Supplier E,Bengaluru WH,22-03-2025,March,172,129,153,38,107,7348,1231,188343,3.6,14,In Stock,Yes,110
50672,Product 9798,Grocery,Standard,Supplier A,Delhi WH,28-11-2025,November,602,49,445,11,180,3806,9794,4358330,4,8,Low Stock,No,195
50673,Product 7475,Beauty,Standard,Supplier A,Hyderabad WH,14-11-2025,November,843,294,570,35,33,7370,5614,3199980,4,3,In Stock,No,532
50674,Product 6723,Home,Premium,Supplier A,Pune WH,15-06-2025,June,645,405,358,13,34,1876,12512,4479296,4.7,6,Out of Stock,No,679
50675,Product 6307,Fashion,Premium,Supplier B,Mumbai WH,01-12-2025,December,856,20,510,5,55,8253,11099,5660490,4,15,Low Stock,No,361
50676,Product 9318,Sports,Basic,Supplier C,Mumbai WH,06-03-2025,March,549,144,290,20,112,9707,6357,1843530,4.6,2,In Stock,No,383
50677,Product 9972,Sports,Special,Supplier B,Pune WH,17-09-2025,September,519,128,375,30,171,3761,11018,4131750,4.3,9,In Stock,No,242
50678,Product 7178,Fashion,Standard,Supplier E,Delhi WH,27-01-2025,January,932,32,28,18,131,2711,10045,281260,4.5,8,In Stock,No,918
50679,Product 8504,Home,Special,Supplier E,Hyderabad WH,08-12-2025,December,855,225,647,38,138,7734,13092,8470524,4.7,14,In Stock,No,395
50680,Product 3550,Fashion,Premium,Supplier C,Bengaluru WH,05-07-2025,July,352,378,18,18,139,6466,14302,257436,4,2,Low Stock,No,694
50681,Product 7956,Beauty,Special,Supplier A,Delhi WH,23-03-2025,March,133,387,42,4,95,1655,5420,227640,4.6,14,In Stock,Yes,474
50682,Product 3358,Beauty,Basic,Supplier B,Delhi WH,06-10-2025,October,543,166,433,5,84,5903,11306,4895498,2.7,1,In Stock,No,271
50683,Product 9270,Grocery,Premium,Supplier E,Bengaluru WH,12-01-2025,January,70,101,120,20,111,7835,4826,579120,4.2,9,In Stock,No,31
50684,Product 9328,Fashion,Standard,Supplier C,Bengaluru WH,28-05-2025,May,720,190,177,16,143,183,11897,2105769,4.5,4,In Stock,No,717
50685,Product 5935,Home,Special,Supplier E,Delhi WH,04-09-2025,September,258,222,381,17,96,2815,9894,3769614,3,3,In Stock,No,82
50686,Product 1557,Fashion,Standard,Supplier A,Mumbai WH,04-11-2025,November,633,296,121,44,125,7411,10413,1259973,5,16,In Stock,No,764
50687,Product 5689,Fashion,Special,Supplier C,Bengaluru WH,17-06-2025,June,315,340,595,48,70,66,14065,8368675,5,9,In Stock,No,12
50688,Product 4675,Grocery,Standard,Supplier B,Delhi WH,25-08-2025,August,27,278,391,17,36,2630,4711,1842001,3.9,1,Low Stock,No,-103
50689,Product 8539,Grocery,Premium,Supplier E,Bengaluru WH,19-03-2025,March,56,371,329,50,102,8306,6861,2257269,3.6,6,In Stock,Yes,48
50690,Product 3052,Electronics,Premium,Supplier B,Mumbai WH,14-02-2025,February,478,175,602,22,140,7633,11370,6844740,2.8,1,In Stock,Yes,29
50691,Product 3008,Fashion,Special,Supplier E,Bengaluru WH,21-03-2025,March,505,283,90,2,68,3411,10929,983610,3.5,20,Low Stock,No,696
50692,Product 6426,Sports,Premium,Supplier E,Mumbai WH,26-12-2025,December,871,219,251,33,40,5087,10025,2516275,3.2,15,In Stock,Yes,806
50693,Product 4795,Beauty,Basic,Supplier C,Hyderabad WH,12-08-2025,August,487,232,318,16,23,6619,6096,1938528,4.5,17,Low Stock,No,385
50694,Product 3223,Home,Premium,Supplier A,Mumbai WH,20-01-2025,January,615,173,687,31,51,2122,641,440367,4.1,10,Out of Stock,Yes,70
50695,Product 8025,Beauty,Special,Supplier D,Hyderabad WH,14-10-2025,October,162,425,79,21,104,2291,9429,744891,3.7,8,In Stock,Yes,487
50696,Product 7978,Electronics,Special,Supplier A,Hyderabad WH,29-06-2025,June,360,293,183,7,79,7806,11235,2056005,4.1,9,In Stock,Yes,463
50697,Product 2254,Electronics,Premium,Supplier D,Mumbai WH,28-07-2025,July,281,261,180,50,63,9061,855,153900,4.9,11,In Stock,No,312
50698,Product 8316,Beauty,Standard,Supplier B,Mumbai WH,27-12-2025,December,189,270,609,36,177,8554,7496,4565064,4.2,1,Low Stock,No,-186
50699,Product 9177,Electronics,Special,Supplier A,Hyderabad WH,25-01-2025,January,421,173,290,5,31,8125,13137,3809730,3.1,7,In Stock,No,299
50700,Product 2769,Fashion,Standard,Supplier E,Mumbai WH,11-08-2025,August,20,328,147,7,124,811,3473,510531,2.9,20,Low Stock,No,194
50701,Product 4896,Beauty,Basic,Supplier C,Pune WH,11-02-2025,February,105,432,172,5,179,8999,8860,1523920,3.5,17,In Stock,No,360
50702,Product 9554,Electronics,Premium,Supplier D,Bengaluru WH,15-09-2025,September,537,465,307,13,162,1372,8181,2511567,4.6,20,Low Stock,Yes,682
50703,Product 9974,Sports,Special,Supplier E,Bengaluru WH,24-03-2025,March,612,172,19,43,133,4991,11384,216296,2.8,19,Low Stock,No,722
50704,Product 1740,Fashion,Premium,Supplier E,Hyderabad WH,17-04-2025,April,991,203,372,22,90,5025,693,257796,5,10,In Stock,No,800
50705,Product 5739,Grocery,Special,Supplier B,Bengaluru WH,27-02-2025,February,594,401,576,37,35,9616,10307,5936832,3.4,18,In Stock,Yes,382
50706,Product 3416,Beauty,Standard,Supplier E,Delhi WH,27-07-2025,July,26,249,543,36,143,4811,9114,4948902,2.6,16,In Stock,No,-304
50707,Product 1722,Electronics,Special,Supplier D,Mumbai WH,18-11-2025,November,637,331,319,27,190,6245,873,278487,2.5,15,In Stock,No,622
50708,Product 4450,Beauty,Basic,Supplier C,Mumbai WH,24-10-2025,October,368,140,203,32,106,3196,2325,471975,4,2,In Stock,Yes,273
50709,Product 3049,Electronics,Premium,Supplier C,Delhi WH,06-04-2025,April,349,140,270,9,75,1717,1144,308880,3.4,11,Low Stock,No,210
50710,Product 4009,Beauty,Basic,Supplier B,Mumbai WH,04-04-2025,April,35,346,42,4,41,8729,10168,427056,2.7,14,In Stock,Yes,335
50711,Product 2748,Home,Premium,Supplier D,Hyderabad WH,20-01-2025,January,649,132,251,46,108,5332,3772,946772,3,17,Out of Stock,No,484
50712,Product 3929,Grocery,Standard,Supplier D,Pune WH,27-10-2025,October,367,101,619,19,159,4640,13592,8413448,4.6,8,In Stock,No,-170
50713,Product 2879,Sports,Special,Supplier E,Mumbai WH,28-08-2025,August,575,115,332,32,190,2074,1600,531200,4.1,13,In Stock,No,326
50714,Product 9497,Electronics,Standard,Supplier D,Delhi WH,10-03-2025,March,952,439,397,16,173,7459,10280,4081160,4.9,5,Out of Stock,No,978
50715,Product 1632,Grocery,Basic,Supplier E,Pune WH,12-04-2025,April,36,256,515,7,85,7662,1783,918245,3.6,3,Low Stock,No,-230
50716,Product 9234,Home,Standard,Supplier D,Hyderabad WH,10-10-2025,October,414,495,366,49,148,3446,11562,4231692,4.6,5,Out of Stock,No,494
50717,Product 6535,Home,Standard,Supplier C,Delhi WH,25-06-2025,June,73,147,235,22,120,2361,1233,289755,4.2,11,Low Stock,Yes,-37
50718,Product 3342,Fashion,Basic,Supplier E,Bengaluru WH,22-08-2025,August,712,347,534,19,122,6059,367,195978,3.5,19,In Stock,No,506
50719,Product 5412,Beauty,Basic,Supplier B,Mumbai WH,21-02-2025,February,952,413,507,12,72,3337,14220,7209540,4.7,9,Out of Stock,No,846
50720,Product 8396,Sports,Special,Supplier C,Pune WH,05-01-2025,January,692,277,371,36,57,5062,3921,1454691,2.9,6,In Stock,No,562
50721,Product 1201,Sports,Basic,Supplier D,Hyderabad WH,09-07-2025,July,308,293,85,50,43,5902,8903,756755,4.2,15,In Stock,No,466
50722,Product 1816,Beauty,Basic,Supplier D,Bengaluru WH,13-09-2025,September,804,182,400,44,147,7858,5510,2204000,2.7,5,Low Stock,No,542
50723,Product 7810,Home,Premium,Supplier A,Bengaluru WH,15-03-2025,March,28,168,369,2,156,1052,8645,3190005,2.8,16,In Stock,No,-175
50724,Product 6244,Home,Standard,Supplier A,Bengaluru WH,16-02-2025,February,497,135,640,13,37,5118,5432,3476480,3.2,16,Low Stock,Yes,-21
50725,Product 2519,Home,Basic,Supplier B,Hyderabad WH,05-08-2025,August,868,331,681,26,147,2454,10262,6988422,3.9,19,Low Stock,Yes,492
50726,Product 1177,Electronics,Standard,Supplier E,Mumbai WH,04-10-2025,October,802,171,645,47,42,6236,3104,2002080,4.2,8,In Stock,No,281
50727,Product 2164,Sports,Special,Supplier B,Pune WH,23-11-2025,November,452,13,442,44,64,4116,13665,6039930,3.6,7,In Stock,Yes,-21
50728,Product 7352,Home,Basic,Supplier E,Bengaluru WH,06-09-2025,September,451,224,392,16,90,1533,6248,2449216,2.9,7,In Stock,No,267
50729,Product 6622,Fashion,Special,Supplier C,Bengaluru WH,21-11-2025,November,571,423,292,7,167,3680,10295,3006140,4.7,15,Out of Stock,No,695
50730,Product 1187,Grocery,Standard,Supplier A,Pune WH,10-06-2025,June,674,276,533,21,51,6961,1325,706225,3.5,11,In Stock,No,396
50731,Product 9085,Home,Premium,Supplier D,Pune WH,08-08-2025,August,809,204,51,15,48,3582,11688,596088,4.9,8,In Stock,No,947
50732,Product 1955,Fashion,Basic,Supplier C,Pune WH,17-01-2025,January,702,381,335,7,130,293,9085,3043475,3.4,20,Low Stock,No,741
50733,Product 3656,Sports,Standard,Supplier E,Mumbai WH,10-09-2025,September,604,500,169,37,51,5826,10381,1754389,4.3,1,Low Stock,No,898
50734,Product 5134,Fashion,Basic,Supplier A,Pune WH,29-07-2025,July,128,281,406,0,106,8228,12838,5212228,5,19,In Stock,Yes,3
50735,Product 6383,Sports,Special,Supplier E,Hyderabad WH,12-10-2025,October,513,49,509,46,23,9323,13179,6708111,2.8,3,Out of Stock,No,7
50736,Product 1816,Grocery,Standard,Supplier A,Mumbai WH,14-04-2025,April,398,364,657,44,151,6545,11628,7639596,4.1,18,In Stock,No,61
50737,Product 1561,Grocery,Standard,Supplier E,Bengaluru WH,10-07-2025,July,249,281,545,40,128,6925,4754,2590930,3.1,19,In Stock,No,-55
50738,Product 5743,Beauty,Premium,Supplier A,Mumbai WH,28-07-2025,July,531,328,327,2,69,5063,9065,2964255,3.4,10,In Stock,No,530
50739,Product 4786,Grocery,Basic,Supplier E,Delhi WH,05-03-2025,March,423,491,312,9,29,681,3878,1209936,4.2,14,In Stock,No,593
50740,Product 5987,Grocery,Basic,Supplier E,Mumbai WH,15-01-2025,January,346,183,298,7,78,5738,9220,2747560,3.8,5,Low Stock,No,224
50741,Product 2017,Grocery,Basic,Supplier B,Hyderabad WH,18-05-2025,May,546,263,284,31,184,8680,4477,1271468,2.6,1,In Stock,Yes,494
50742,Product 5957,Home,Premium,Supplier E,Bengaluru WH,13-11-2025,November,306,23,637,31,152,1246,12648,8056776,2.9,10,In Stock,Yes,-339
50743,Product 9885,Beauty,Premium,Supplier D,Delhi WH,26-08-2025,August,267,37,214,17,154,3534,4174,893236,4.5,5,In Stock,No,73
50744,Product 6894,Grocery,Standard,Supplier D,Pune WH,01-08-2025,August,360,305,588,34,196,5990,3703,2177364,4.4,19,In Stock,No,43
50745,Product 4577,Home,Special,Supplier C,Hyderabad WH,14-05-2025,May,176,168,338,50,23,3776,12434,4202692,4.9,19,In Stock,No,-44
50746,Product 6660,Sports,Standard,Supplier A,Delhi WH,06-05-2025,May,41,41,617,40,88,2460,919,567023,4.8,11,In Stock,No,-575
50747,Product 3323,Home,Standard,Supplier E,Bengaluru WH,28-10-2025,October,268,118,24,44,41,7289,7065,169560,3.4,12,In Stock,No,318
50748,Product 6540,Grocery,Standard,Supplier D,Mumbai WH,02-06-2025,June,706,230,147,8,85,6673,14848,2182656,4.2,13,In Stock,No,781
50749,Product 7310,Beauty,Basic,Supplier B,Pune WH,21-10-2025,October,45,377,18,21,164,7770,2786,50148,3.2,3,In Stock,No,383
50750,Product 9995,Fashion,Premium,Supplier B,Bengaluru WH,04-01-2025,January,81,193,698,34,144,596,2148,1499304,4.7,8,Low Stock,No,-458
50751,Product 2749,Grocery,Premium,Supplier D,Delhi WH,22-03-2025,March,540,114,546,21,176,1495,9287,5070702,3.8,17,Out of Stock,No,87
50752,Product 9848,Beauty,Special,Supplier C,Bengaluru WH,17-05-2025,May,974,286,261,15,68,5899,1983,517563,4.6,17,In Stock,No,984
50753,Product 4446,Grocery,Basic,Supplier B,Bengaluru WH,18-04-2025,April,40,107,673,32,47,936,3669,2469237,3.4,14,Low Stock,No,-558
50754,Product 1741,Beauty,Basic,Supplier E,Bengaluru WH,08-04-2025,April,145,151,224,18,108,2518,2536,568064,3.3,6,Low Stock,No,54
50755,Product 5901,Grocery,Basic,Supplier C,Bengaluru WH,19-12-2025,December,569,373,524,36,98,6891,1739,911236,3,14,Out of Stock,No,382
50756,Product 3838,Grocery,Special,Supplier E,Hyderabad WH,28-02-2025,February,121,344,152,15,32,5819,2532,384864,3,4,Low Stock,No,298
50757,Product 8351,Electronics,Standard,Supplier E,Delhi WH,27-12-2025,December,607,420,378,4,193,53,6211,2347758,3.2,1,In Stock,No,645
50758,Product 7751,Beauty,Premium,Supplier E,Bengaluru WH,13-06-2025,June,305,19,156,22,120,2191,7036,1097616,2.6,20,In Stock,No,146
50759,Product 2296,Sports,Premium,Supplier B,Mumbai WH,02-06-2025,June,358,171,233,3,97,4460,13097,3051601,3.7,11,Low Stock,No,293
50760,Product 1652,Home,Premium,Supplier C,Pune WH,01-10-2025,October,168,96,340,30,90,5934,13281,4515540,4.8,14,In Stock,No,-106
50761,Product 4888,Beauty,Basic,Supplier B,Delhi WH,18-11-2025,November,855,330,301,39,55,1177,3262,981862,4.6,6,In Stock,Yes,845
50762,Product 9662,Beauty,Premium,Supplier E,Hyderabad WH,22-06-2025,June,547,345,583,31,82,6505,7275,4241325,4.1,9,Low Stock,No,278
50763,Product 7404,Beauty,Special,Supplier E,Delhi WH,01-10-2025,October,21,156,569,18,146,4064,5516,3138604,3.4,14,In Stock,No,-410
50764,Product 4262,Electronics,Basic,Supplier D,Bengaluru WH,07-01-2025,January,54,113,521,49,23,2121,2419,1260299,4.2,5,In Stock,Yes,-403
50765,Product 4051,Home,Special,Supplier D,Bengaluru WH,23-02-2025,February,744,429,166,35,99,994,563,93458,2.9,1,In Stock,No,972
50766,Product 9364,Grocery,Premium,Supplier C,Bengaluru WH,16-09-2025,September,165,380,592,28,30,6679,11236,6651712,3.8,20,Out of Stock,No,-75
50767,Product 8069,Electronics,Standard,Supplier B,Pune WH,03-11-2025,November,212,99,388,34,58,8892,10482,4067016,3.2,18,In Stock,No,-111
50768,Product 4255,Electronics,Basic,Supplier E,Mumbai WH,17-04-2025,April,380,141,49,13,199,7256,5649,276801,4.8,18,Low Stock,No,459
50769,Product 7322,Grocery,Premium,Supplier B,Bengaluru WH,27-01-2025,January,371,200,687,37,175,7131,7261,4988307,4,16,In Stock,Yes,-153
50770,Product 8438,Fashion,Standard,Supplier C,Pune WH,06-08-2025,August,816,24,611,2,134,9224,6257,3823027,3.1,8,Out of Stock,No,227
50771,Product 3045,Home,Standard,Supplier C,Bengaluru WH,23-11-2025,November,98,408,422,22,85,2799,8193,3457446,5,20,In Stock,No,62
50772,Product 9933,Fashion,Standard,Supplier D,Delhi WH,03-02-2025,February,868,133,446,21,141,9112,10679,4762834,2.8,15,Low Stock,No,534
50773,Product 9468,Sports,Special,Supplier E,Pune WH,26-09-2025,September,497,203,177,31,50,2255,5793,1025361,2.9,17,Low Stock,No,492
50774,Product 9029,Fashion,Special,Supplier D,Hyderabad WH,13-01-2025,January,243,381,20,45,114,5901,8614,172280,4.1,7,Out of Stock,Yes,559
50775,Product 6277,Fashion,Basic,Supplier C,Delhi WH,15-07-2025,July,312,116,496,46,44,6488,2031,1007376,4.8,7,In Stock,No,-114
50776,Product 5756,Beauty,Basic,Supplier B,Pune WH,25-03-2025,March,624,410,238,24,43,368,13671,3253698,4.2,8,In Stock,No,772
50777,Product 5364,Grocery,Premium,Supplier D,Mumbai WH,26-06-2025,June,429,214,559,46,131,6778,13947,7796373,3,9,Low Stock,Yes,38
50778,Product 9636,Grocery,Special,Supplier C,Mumbai WH,26-03-2025,March,575,253,275,1,81,7068,887,243925,2.7,6,In Stock,No,552
50779,Product 6208,Beauty,Special,Supplier D,Pune WH,27-08-2025,August,822,475,368,18,138,8262,6112,2249216,3.9,16,In Stock,No,911
50780,Product 3957,Sports,Special,Supplier C,Mumbai WH,20-02-2025,February,930,231,177,5,27,3130,7989,1414053,3.2,14,Low Stock,No,979
50781,Product 8157,Fashion,Premium,Supplier E,Hyderabad WH,21-02-2025,February,662,443,428,3,139,3722,12297,5263116,3.9,4,In Stock,No,674
50782,Product 5246,Home,Special,Supplier A,Bengaluru WH,20-12-2025,December,135,31,696,13,145,3921,8752,6091392,2.8,9,In Stock,Yes,-543
50783,Product 7405,Beauty,Special,Supplier B,Delhi WH,04-11-2025,November,956,251,466,23,84,5641,248,115568,3.4,7,In Stock,No,718
50784,Product 7064,Beauty,Special,Supplier C,Bengaluru WH,23-05-2025,May,199,150,527,23,123,656,14035,7396445,2.7,4,Out of Stock,No,-201
50785,Product 9028,Electronics,Standard,Supplier E,Bengaluru WH,26-03-2025,March,866,41,233,0,193,9458,205,47765,2.7,20,In Stock,No,674
50786,Product 7686,Home,Basic,Supplier E,Delhi WH,12-11-2025,November,88,106,335,50,150,4970,9878,3309130,3.5,15,Out of Stock,Yes,-191
50787,Product 7928,Fashion,Premium,Supplier A,Hyderabad WH,26-09-2025,September,898,220,245,35,165,5875,13873,3398885,3.2,19,Out of Stock,No,838
50788,Product 3723,Home,Standard,Supplier E,Delhi WH,19-12-2025,December,138,385,423,10,159,1123,3511,1485153,4.9,16,In Stock,No,90
50789,Product 1782,Beauty,Special,Supplier C,Pune WH,30-01-2025,January,173,21,237,12,134,6596,13619,3227703,3.3,2,Low Stock,No,-55
50790,Product 2782,Beauty,Premium,Supplier C,Mumbai WH,03-11-2025,November,266,444,574,4,34,8229,9460,5430040,3.6,15,Out of Stock,No,132
50791,Product 8557,Sports,Standard,Supplier A,Delhi WH,23-11-2025,November,601,219,119,19,145,1588,2365,281435,5,10,In Stock,No,682
50792,Product 3595,Grocery,Basic,Supplier B,Hyderabad WH,20-11-2025,November,699,326,11,48,27,7190,14830,163130,3.1,12,In Stock,Yes,966
50793,Product 9009,Fashion,Special,Supplier B,Pune WH,29-07-2025,July,981,106,683,29,33,492,678,463074,3.4,15,In Stock,Yes,375
50794,Product 6901,Home,Standard,Supplier C,Mumbai WH,18-01-2025,January,983,40,159,14,129,637,11008,1750272,5,8,In Stock,No,850
50795,Product 9860,Grocery,Special,Supplier E,Mumbai WH,08-10-2025,October,331,448,187,9,174,5308,5890,1101430,3.9,8,Out of Stock,No,583
50796,Product 7188,Beauty,Basic,Supplier B,Pune WH,03-05-2025,May,760,67,136,35,171,1011,486,66096,3.3,4,Low Stock,No,656
50797,Product 1932,Sports,Special,Supplier D,Hyderabad WH,26-01-2025,January,918,339,671,47,63,7686,6024,4042104,4.7,2,In Stock,No,539
50798,Product 6430,Grocery,Special,Supplier C,Bengaluru WH,15-01-2025,January,293,14,256,18,76,4436,2243,574208,2.9,15,Low Stock,No,33
50799,Product 1408,Sports,Standard,Supplier D,Delhi WH,15-03-2025,March,57,116,405,48,25,7027,7689,3114045,4.7,14,In Stock,No,-280
50800,Product 4125,Electronics,Premium,Supplier D,Pune WH,29-05-2025,May,581,90,594,35,50,2021,2355,1398870,4.4,8,Low Stock,No,42
50801,Product 8964,Grocery,Special,Supplier E,Bengaluru WH,29-11-2025,November,42,467,74,4,97,931,7542,558108,2.7,7,Low Stock,Yes,431
50802,Product 8620,Grocery,Special,Supplier D,Pune WH,27-08-2025,August,979,478,535,34,88,459,9851,5270285,3.6,5,In Stock,No,888
50803,Product 8764,Grocery,Basic,Supplier A,Hyderabad WH,31-10-2025,October,435,387,434,49,174,1023,7310,3172540,4,1,Low Stock,Yes,339
50804,Product 3964,Grocery,Standard,Supplier A,Delhi WH,15-01-2025,January,486,289,116,24,191,6020,6347,736252,3.9,17,Out of Stock,Yes,635
50805,Product 7650,Electronics,Basic,Supplier B,Delhi WH,07-11-2025,November,64,131,129,42,71,632,4015,517935,5,13,In Stock,Yes,24
50806,Product 4334,Fashion,Special,Supplier E,Mumbai WH,20-01-2025,January,487,35,182,48,120,2790,14721,2679222,3.4,17,In Stock,No,292
50807,Product 9199,Sports,Basic,Supplier C,Delhi WH,05-02-2025,February,491,261,615,40,189,155,6478,3983970,3.3,16,Low Stock,No,97
50808,Product 2286,Electronics,Basic,Supplier A,Delhi WH,17-06-2025,June,166,263,372,4,86,3717,10325,3840900,4.2,7,In Stock,No,53
50809,Product 6960,Fashion,Standard,Supplier E,Mumbai WH,13-04-2025,April,527,367,465,32,99,6599,10338,4807170,2.9,14,Out of Stock,No,397
50810,Product 5478,Beauty,Standard,Supplier B,Hyderabad WH,29-07-2025,July,963,292,516,15,91,9045,8131,4195596,2.9,17,In Stock,No,724
50811,Product 9154,Grocery,Standard,Supplier C,Bengaluru WH,25-03-2025,March,930,397,77,13,130,4244,6822,525294,2.8,18,In Stock,No,1237
50812,Product 3375,Fashion,Standard,Supplier B,Delhi WH,08-10-2025,October,422,268,219,11,25,5911,4753,1040907,3.4,18,Low Stock,No,460
50813,Product 5976,Sports,Premium,Supplier B,Pune WH,22-11-2025,November,960,247,73,0,57,3164,9291,678243,4,18,Low Stock,No,1134
50814,Product 4264,Fashion,Special,Supplier B,Hyderabad WH,11-05-2025,May,304,180,69,17,154,6784,3650,251850,2.9,5,Out of Stock,No,398
50815,Product 3036,Beauty,Premium,Supplier D,Pune WH,07-10-2025,October,133,85,22,10,110,4832,9678,212916,3.7,10,Out of Stock,No,186
50816,Product 6432,Electronics,Basic,Supplier D,Pune WH,15-10-2025,October,977,396,619,14,111,2878,2118,1311042,3.6,19,In Stock,Yes,740
50817,Product 7493,Electronics,Premium,Supplier E,Pune WH,26-07-2025,July,179,282,627,1,73,9149,907,568689,2.9,2,In Stock,No,-167
50818,Product 1571,Electronics,Standard,Supplier D,Hyderabad WH,22-04-2025,April,843,424,397,37,87,7649,7521,2985837,4.9,6,In Stock,No,833
50819,Product 1824,Electronics,Standard,Supplier E,Bengaluru WH,10-12-2025,December,963,95,503,1,107,6235,8168,4108504,3.6,3,In Stock,Yes,554
50820,Product 1352,Beauty,Premium,Supplier B,Pune WH,02-11-2025,November,624,216,173,2,164,1033,11672,2019256,3.8,13,In Stock,Yes,665
50821,Product 1812,Home,Special,Supplier D,Mumbai WH,26-04-2025,April,287,463,454,35,129,9095,1897,861238,3.9,15,In Stock,No,261
50822,Product 4606,Home,Special,Supplier B,Hyderabad WH,30-11-2025,November,191,420,452,1,40,5154,2683,1212716,3.2,17,In Stock,No,158
50823,Product 4676,Grocery,Standard,Supplier E,Mumbai WH,03-06-2025,June,376,179,41,36,158,4466,2135,87535,3.7,2,In Stock,No,478
50824,Product 8859,Beauty,Basic,Supplier B,Delhi WH,15-09-2025,September,814,412,326,32,167,6643,4977,1622502,3.1,11,In Stock,No,868
50825,Product 5412,Electronics,Standard,Supplier A,Pune WH,14-07-2025,July,905,429,623,0,91,7894,13960,8697080,2.7,15,In Stock,No,711
50826,Product 8655,Fashion,Special,Supplier C,Bengaluru WH,26-03-2025,March,633,284,326,42,192,6408,7176,2339376,4.6,14,In Stock,No,549
50827,Product 5385,Grocery,Standard,Supplier B,Delhi WH,01-03-2025,March,191,287,456,27,159,3739,7674,3499344,3.8,6,Out of Stock,Yes,-5
50828,Product 3026,Home,Standard,Supplier D,Pune WH,23-04-2025,April,913,117,83,4,89,8800,4282,355406,4.1,6,In Stock,No,943
50829,Product 9217,Home,Premium,Supplier B,Delhi WH,03-12-2025,December,571,30,53,17,174,1003,7714,408842,3.4,3,In Stock,No,531
50830,Product 3329,Grocery,Premium,Supplier E,Hyderabad WH,15-12-2025,December,48,101,400,12,38,9100,5740,2296000,4.1,1,In Stock,No,-263
50831,Product 1287,Sports,Special,Supplier C,Bengaluru WH,26-03-2025,March,678,238,601,46,162,3273,3468,2084268,4.5,12,In Stock,Yes,269
50832,Product 5426,Fashion,Standard,Supplier B,Hyderabad WH,19-02-2025,February,162,306,151,3,23,2405,8240,1244240,4.4,11,In Stock,No,314
50833,Product 6624,Electronics,Premium,Supplier C,Delhi WH,06-09-2025,September,493,79,545,25,25,3096,9139,4980755,4,13,In Stock,No,2
50834,Product 9998,Grocery,Basic,Supplier A,Hyderabad WH,23-11-2025,November,364,109,398,22,41,9230,11436,4551528,4.7,14,Low Stock,Yes,53
50835,Product 6634,Electronics,Basic,Supplier C,Hyderabad WH,22-04-2025,April,253,24,17,43,112,6120,3804,64668,4.6,12,Low Stock,Yes,217
50836,Product 6584,Electronics,Premium,Supplier D,Hyderabad WH,02-04-2025,April,391,239,304,36,166,8445,8965,2725360,4.9,20,In Stock,No,290
50837,Product 7244,Sports,Special,Supplier D,Hyderabad WH,08-10-2025,October,798,98,568,36,87,7468,6835,3882280,3.8,3,In Stock,Yes,292
50838,Product 7297,Sports,Standard,Supplier D,Delhi WH,12-09-2025,September,50,104,436,26,26,368,4001,1744436,2.9,15,In Stock,No,-308
50839,Product 9142,Electronics,Premium,Supplier A,Hyderabad WH,25-08-2025,August,26,325,215,12,71,3536,1582,340130,2.9,15,In Stock,No,124
50840,Product 2400,Beauty,Standard,Supplier C,Mumbai WH,31-07-2025,July,352,155,685,22,173,7818,10959,7506915,3.1,6,Low Stock,No,-200
50841,Product 2865,Grocery,Standard,Supplier D,Delhi WH,04-05-2025,May,107,465,658,9,141,2761,12556,8261848,4.6,8,In Stock,No,-95
50842,Product 4652,Beauty,Basic,Supplier A,Hyderabad WH,27-07-2025,July,948,237,668,23,110,6735,12499,8349332,2.6,6,In Stock,No,494
50843,Product 4692,Beauty,Standard,Supplier E,Hyderabad WH,14-04-2025,April,227,88,552,11,152,5900,9632,5316864,3.7,12,In Stock,No,-248
50844,Product 9535,Electronics,Basic,Supplier E,Hyderabad WH,03-05-2025,May,709,368,507,12,199,7224,6969,3533283,4.7,1,Low Stock,No,558
50845,Product 5463,Beauty,Standard,Supplier E,Mumbai WH,29-06-2025,June,193,331,17,14,141,8658,1332,22644,4,8,In Stock,No,493
50846,Product 4433,Grocery,Basic,Supplier E,Hyderabad WH,08-10-2025,October,859,415,205,24,94,1190,7100,1455500,4.9,10,In Stock,No,1045
50847,Product 9195,Grocery,Special,Supplier E,Delhi WH,15-09-2025,September,94,115,313,18,63,2543,4100,1283300,4.7,7,In Stock,No,-122
50848,Product 9095,Grocery,Special,Supplier B,Delhi WH,01-07-2025,July,641,79,223,50,66,1655,6876,1533348,4.1,7,In Stock,No,447
50849,Product 2966,Sports,Special,Supplier D,Bengaluru WH,01-06-2025,June,925,425,556,37,150,2306,923,513188,4.1,4,In Stock,Yes,757
50850,Product 2356,Home,Premium,Supplier D,Hyderabad WH,12-02-2025,February,171,10,200,23,117,3883,2883,576600,2.8,17,Out of Stock,No,-42
50851,Product 9554,Sports,Basic,Supplier D,Hyderabad WH,08-05-2025,May,822,108,562,14,91,3435,1358,763196,3.3,17,In Stock,No,354
50852,Product 6040,Electronics,Basic,Supplier C,Pune WH,24-07-2025,July,622,74,465,26,136,654,12402,5766930,2.8,5,In Stock,Yes,205
50853,Product 3190,Home,Standard,Supplier A,Mumbai WH,23-09-2025,September,831,446,664,22,148,9337,5600,3718400,3.2,13,In Stock,No,591
50854,Product 8454,Fashion,Special,Supplier E,Mumbai WH,09-04-2025,April,263,45,414,8,185,2599,1261,522054,2.7,11,In Stock,No,-114
50855,Product 9769,Beauty,Special,Supplier A,Hyderabad WH,07-10-2025,October,473,135,465,15,110,5269,1187,551955,3.8,6,Low Stock,Yes,128
50856,Product 1805,Home,Premium,Supplier B,Pune WH,30-06-2025,June,297,262,229,25,190,9517,5486,1256294,4.7,13,In Stock,No,305
50857,Product 1111,Electronics,Standard,Supplier E,Mumbai WH,31-03-2025,March,178,249,298,4,90,5124,12519,3730662,3,1,In Stock,No,125
50858,Product 8830,Grocery,Basic,Supplier D,Hyderabad WH,26-03-2025,March,878,463,22,39,136,1422,11319,249018,4.4,17,Out of Stock,No,1280
50859,Product 1184,Electronics,Premium,Supplier A,Hyderabad WH,21-05-2025,May,345,87,289,39,37,3723,11523,3330147,3.1,16,In Stock,No,104
50860,Product 8950,Sports,Basic,Supplier B,Hyderabad WH,23-02-2025,February,217,178,521,50,94,4743,12699,6616179,4.5,8,In Stock,No,-176
50861,Product 1967,Fashion,Standard,Supplier A,Hyderabad WH,23-01-2025,January,412,462,202,19,62,919,2195,443390,3.8,7,In Stock,Yes,653
50862,Product 2427,Fashion,Premium,Supplier A,Mumbai WH,14-04-2025,April,480,263,153,16,65,4620,13805,2112165,2.5,2,In Stock,No,574
50863,Product 2378,Beauty,Standard,Supplier C,Pune WH,02-12-2025,December,954,291,35,47,164,6566,14835,519225,4.9,15,In Stock,No,1163
50864,Product 1453,Fashion,Standard,Supplier B,Hyderabad WH,22-06-2025,June,862,79,650,22,38,2751,3414,2219100,3.2,20,In Stock,No,269
50865,Product 7504,Sports,Premium,Supplier B,Bengaluru WH,03-03-2025,March,796,221,15,46,137,4995,11035,165525,2.7,17,In Stock,Yes,956
50866,Product 4220,Grocery,Special,Supplier A,Pune WH,13-12-2025,December,833,280,90,6,120,7913,8445,760050,3.6,18,In Stock,No,1017
50867,Product 2817,Grocery,Special,Supplier D,Delhi WH,04-04-2025,April,796,82,513,43,79,1250,6303,3233439,3.2,15,Out of Stock,No,322
50868,Product 2445,Grocery,Premium,Supplier B,Hyderabad WH,16-02-2025,February,654,68,309,42,76,9292,2463,761067,3.6,19,In Stock,No,371
50869,Product 1060,Sports,Basic,Supplier C,Delhi WH,09-09-2025,September,675,431,690,6,77,2110,8394,5791860,3.5,12,In Stock,Yes,410
50870,Product 8381,Fashion,Special,Supplier E,Hyderabad WH,24-05-2025,May,754,113,383,39,126,8686,5185,1985855,4.7,11,In Stock,No,445
50871,Product 6115,Fashion,Special,Supplier D,Pune WH,13-07-2025,July,684,62,348,16,75,2612,6286,2187528,4.5,14,Low Stock,No,382
50872,Product 7309,Beauty,Standard,Supplier B,Bengaluru WH,12-09-2025,September,534,293,311,39,172,401,10839,3370929,3.5,2,Out of Stock,No,477
50873,Product 7907,Fashion,Premium,Supplier B,Delhi WH,29-06-2025,June,884,427,454,26,145,2191,6366,2890164,5,7,In Stock,No,831
50874,Product 6081,Electronics,Standard,Supplier D,Mumbai WH,27-08-2025,August,955,395,681,36,159,8313,3596,2448876,4,11,In Stock,No,633
50875,Product 4884,Sports,Premium,Supplier C,Delhi WH,28-01-2025,January,269,98,10,32,88,9220,126,1260,4.3,4,In Stock,No,325
50876,Product 5285,Fashion,Standard,Supplier B,Pune WH,27-10-2025,October,740,371,456,41,104,2057,10627,4845912,3.8,18,In Stock,No,614
50877,Product 8090,Grocery,Premium,Supplier D,Bengaluru WH,14-08-2025,August,275,13,607,34,192,6158,11683,7091581,4.9,18,Low Stock,No,-353
50878,Product 4781,Grocery,Premium,Supplier E,Delhi WH,27-12-2025,December,229,379,384,31,190,8255,14546,5585664,2.8,7,In Stock,No,193
50879,Product 1862,Electronics,Premium,Supplier B,Hyderabad WH,26-05-2025,May,295,161,433,4,54,9111,2096,907568,4.6,19,In Stock,Yes,19
50880,Product 2508,Beauty,Special,Supplier D,Pune WH,23-10-2025,October,189,79,11,12,197,8806,10689,117579,3.2,6,Low Stock,No,245
50881,Product 5979,Home,Premium,Supplier B,Bengaluru WH,11-11-2025,November,840,492,90,27,117,3629,14267,1284030,2.7,12,In Stock,Yes,1215
50882,Product 5175,Home,Premium,Supplier C,Bengaluru WH,15-02-2025,February,308,27,372,3,81,2523,9818,3652296,4.2,10,In Stock,No,-40
50883,Product 4947,Home,Special,Supplier D,Delhi WH,08-08-2025,August,419,243,516,25,126,4517,1055,544380,4.2,13,In Stock,Yes,121
50884,Product 6281,Sports,Basic,Supplier A,Delhi WH,03-09-2025,September,944,7,639,0,109,6782,14861,9496179,3.1,14,Low Stock,No,312
50885,Product 1096,Home,Basic,Supplier B,Hyderabad WH,23-04-2025,April,210,261,459,36,107,5383,14999,6884541,3.5,3,Low Stock,Yes,-24
50886,Product 4145,Sports,Special,Supplier D,Hyderabad WH,24-11-2025,November,832,117,689,30,72,5157,10916,7521124,4.9,6,In Stock,No,230
50887,Product 6646,Sports,Special,Supplier A,Hyderabad WH,05-11-2025,November,628,259,449,4,192,238,13544,6081256,3.8,4,In Stock,No,434
50888,Product 1085,Home,Premium,Supplier E,Bengaluru WH,05-10-2025,October,97,303,309,50,28,7175,716,221244,4.2,12,Low Stock,No,41
50889,Product 4066,Electronics,Basic,Supplier D,Bengaluru WH,23-06-2025,June,225,242,683,37,122,4039,8016,5474928,4.3,9,In Stock,No,-253
50890,Product 3522,Fashion,Premium,Supplier D,Hyderabad WH,29-08-2025,August,334,118,10,36,153,9609,9479,94790,4.6,12,In Stock,No,406
50891,Product 7950,Grocery,Standard,Supplier E,Bengaluru WH,19-01-2025,January,670,455,114,23,121,1752,3238,369132,4.9,3,In Stock,No,988
50892,Product 9886,Electronics,Basic,Supplier C,Hyderabad WH,04-12-2025,December,878,294,287,9,26,9105,6156,1766772,3.4,13,In Stock,Yes,876
50893,Product 5843,Home,Basic,Supplier A,Pune WH,20-01-2025,January,311,174,323,8,182,8361,1150,371450,3.7,19,In Stock,No,154
50894,Product 9673,Home,Basic,Supplier C,Pune WH,05-10-2025,October,600,170,441,10,117,2692,3218,1419138,3.7,18,In Stock,Yes,319
50895,Product 2217,Home,Standard,Supplier D,Bengaluru WH,27-12-2025,December,513,127,120,47,141,9229,9259,1111080,4.1,9,Low Stock,No,473
50896,Product 6685,Beauty,Premium,Supplier C,Pune WH,08-01-2025,January,257,147,493,43,118,9995,11733,5784369,4.8,12,Low Stock,No,-132
50897,Product 9139,Grocery,Premium,Supplier A,Pune WH,09-04-2025,April,833,214,430,32,57,6595,1553,667790,3.6,14,Low Stock,No,585
50898,Product 5696,Electronics,Premium,Supplier A,Bengaluru WH,07-01-2025,January,209,107,536,31,113,1125,6228,3338208,4.7,19,Low Stock,No,-251
50899,Product 5800,Home,Basic,Supplier C,Mumbai WH,11-02-2025,February,608,300,243,23,178,3924,560,136080,4.1,10,In Stock,No,642
50900,Product 1355,Home,Special,Supplier E,Pune WH,10-04-2025,April,891,206,470,34,191,5816,356,167320,3.9,8,In Stock,No,593
50901,Product 9741,Grocery,Special,Supplier E,Hyderabad WH,13-01-2025,January,751,479,461,33,182,9743,11618,5355898,3.1,5,In Stock,No,736
50902,Product 2115,Grocery,Standard,Supplier C,Bengaluru WH,02-06-2025,June,512,491,351,11,162,1676,10477,3677427,3,10,In Stock,Yes,641
50903,Product 5994,Electronics,Basic,Supplier C,Delhi WH,02-09-2025,September,643,467,358,3,49,2374,13447,4814026,4.6,10,Low Stock,No,749
50904,Product 8710,Beauty,Basic,Supplier D,Delhi WH,04-05-2025,May,409,116,162,4,188,8982,11889,1926018,4,13,In Stock,No,359
50905,Product 9575,Electronics,Premium,Supplier A,Delhi WH,14-03-2025,March,515,299,52,23,42,2187,2117,110084,3.4,16,Out of Stock,No,739
50906,Product 2992,Electronics,Premium,Supplier B,Hyderabad WH,04-09-2025,September,731,192,457,42,54,2885,2091,955587,4.7,16,Low Stock,No,424
50907,Product 8625,Fashion,Premium,Supplier B,Delhi WH,30-03-2025,March,916,304,398,18,155,1505,7510,2988980,3.2,6,In Stock,No,804
50908,Product 1871,Electronics,Special,Supplier B,Delhi WH,10-12-2025,December,603,448,380,24,191,9296,8106,3080280,3.2,9,In Stock,No,647
50909,Product 8522,Sports,Special,Supplier E,Pune WH,27-10-2025,October,438,448,546,11,182,6305,6622,3615612,4.4,17,In Stock,No,329
50910,Product 1501,Grocery,Special,Supplier E,Bengaluru WH,02-08-2025,August,828,367,222,8,136,8576,6523,1448106,4.8,18,In Stock,No,965
50911,Product 1086,Home,Standard,Supplier C,Delhi WH,10-02-2025,February,709,406,221,16,78,9348,13989,3091569,3.8,9,Out of Stock,No,878
50912,Product 6613,Home,Premium,Supplier D,Delhi WH,10-07-2025,July,286,478,162,18,146,2531,8382,1357884,4.9,5,In Stock,No,584
50913,Product 1413,Home,Premium,Supplier A,Pune WH,22-02-2025,February,965,420,519,27,180,1837,4152,2154888,3.7,4,Out of Stock,Yes,839
50914,Product 7387,Fashion,Premium,Supplier E,Delhi WH,17-02-2025,February,564,236,305,17,196,3641,7605,2319525,5,7,In Stock,Yes,478
50915,Product 9227,Sports,Special,Supplier A,Hyderabad WH,19-05-2025,May,454,341,671,45,38,4934,3565,2392115,2.7,2,In Stock,Yes,79
50916,Product 2099,Grocery,Standard,Supplier A,Bengaluru WH,21-12-2025,December,294,49,169,0,125,5748,7845,1325805,2.7,19,In Stock,No,174
50917,Product 2469,Grocery,Basic,Supplier B,Hyderabad WH,20-09-2025,September,77,306,591,15,69,6592,14769,8728479,3.4,8,In Stock,Yes,-223
50918,Product 2641,Beauty,Standard,Supplier A,Hyderabad WH,27-01-2025,January,114,310,675,2,56,4362,2924,1973700,3.1,10,In Stock,No,-253
50919,Product 4547,Electronics,Basic,Supplier C,Pune WH,30-03-2025,March,191,84,516,41,42,2912,1496,771936,2.9,14,In Stock,No,-282
50920,Product 8061,Electronics,Premium,Supplier B,Delhi WH,23-07-2025,July,811,175,165,16,64,5908,11483,1894695,3.9,12,In Stock,No,805
50921,Product 6140,Home,Basic,Supplier A,Hyderabad WH,09-01-2025,January,912,275,648,41,139,2046,4514,2925072,2.5,6,In Stock,No,498
50922,Product 6614,Beauty,Special,Supplier D,Hyderabad WH,14-09-2025,September,206,426,322,9,40,7386,10640,3426080,3.5,5,Low Stock,Yes,301
50923,Product 7902,Beauty,Standard,Supplier C,Bengaluru WH,29-01-2025,January,124,205,590,2,145,2403,11416,6735440,3.6,12,In Stock,Yes,-263
50924,Product 1840,Electronics,Standard,Supplier E,Hyderabad WH,20-05-2025,May,575,427,547,8,140,4388,14843,8119121,3.9,14,In Stock,No,447
50925,Product 1519,Electronics,Standard,Supplier D,Hyderabad WH,07-11-2025,November,566,343,145,8,111,6740,12980,1882100,3,8,Low Stock,No,756
50926,Product 2534,Sports,Basic,Supplier B,Delhi WH,25-03-2025,March,782,425,289,6,65,3728,5953,1720417,3.7,4,Out of Stock,No,912
50927,Product 4577,Fashion,Special,Supplier E,Pune WH,13-10-2025,October,718,497,129,45,165,8293,6501,838629,2.6,19,In Stock,No,1041
50928,Product 1364,Fashion,Standard,Supplier C,Pune WH,15-08-2025,August,233,474,260,5,138,5269,12055,3134300,3.5,13,In Stock,Yes,442
50929,Product 3637,Sports,Basic,Supplier E,Mumbai WH,20-10-2025,October,56,239,644,27,71,2606,13429,8648276,3,18,In Stock,Yes,-376
50930,Product 1854,Grocery,Basic,Supplier E,Bengaluru WH,09-10-2025,October,839,333,506,33,41,6079,630,318780,3.4,11,In Stock,Yes,633
50931,Product 1248,Beauty,Premium,Supplier D,Pune WH,28-10-2025,October,509,326,670,50,104,963,12291,8234970,3.1,15,In Stock,No,115
50932,Product 7644,Grocery,Premium,Supplier B,Bengaluru WH,05-08-2025,August,757,257,84,38,198,1017,11471,963564,2.8,1,In Stock,No,892
50933,Product 6907,Sports,Standard,Supplier B,Hyderabad WH,21-09-2025,September,707,355,6,7,171,9066,9385,56310,4.7,8,In Stock,No,1049
50934,Product 9873,Fashion,Premium,Supplier C,Mumbai WH,16-02-2025,February,223,368,552,11,163,2783,9120,5034240,4.9,20,Low Stock,No,28
50935,Product 1762,Home,Basic,Supplier C,Pune WH,01-12-2025,December,774,336,601,41,86,2815,13106,7876706,3.1,5,In Stock,No,468
50936,Product 5304,Home,Premium,Supplier E,Mumbai WH,22-05-2025,May,597,384,206,12,126,9004,279,57474,2.7,9,In Stock,No,763
50937,Product 7546,Grocery,Standard,Supplier A,Bengaluru WH,12-11-2025,November,757,392,217,41,31,7326,3305,717185,4,17,In Stock,No,891
50938,Product 7122,Fashion,Premium,Supplier E,Pune WH,27-07-2025,July,124,154,476,39,100,3680,10302,4903752,4.5,16,In Stock,No,-237
50939,Product 1003,Home,Basic,Supplier A,Hyderabad WH,16-12-2025,December,977,456,586,18,80,7730,10885,6378610,2.8,17,Low Stock,Yes,829
50940,Product 2886,Grocery,Special,Supplier C,Pune WH,23-03-2025,March,786,400,401,32,171,3613,9899,3969499,3.2,2,Low Stock,No,753
50941,Product 1302,Grocery,Basic,Supplier C,Bengaluru WH,10-09-2025,September,747,242,393,33,20,2782,531,208683,3.1,13,In Stock,No,563
50942,Product 4974,Electronics,Basic,Supplier D,Delhi WH,17-04-2025,April,771,115,375,29,160,8590,1359,509625,2.6,11,In Stock,No,482
50943,Product 9451,Beauty,Premium,Supplier D,Pune WH,07-06-2025,June,478,426,74,47,90,5927,14425,1067450,5,8,In Stock,Yes,783
50944,Product 1849,Fashion,Premium,Supplier B,Hyderabad WH,06-09-2025,September,950,360,699,22,177,8150,10701,7479999,3.1,19,In Stock,No,589
50945,Product 3752,Electronics,Basic,Supplier A,Bengaluru WH,22-07-2025,July,524,145,572,34,165,2708,134,76648,4,8,Low Stock,No,63
50946,Product 7526,Electronics,Premium,Supplier D,Hyderabad WH,11-05-2025,May,212,195,610,34,162,5659,9711,5923710,3.1,3,In Stock,No,-237
50947,Product 1965,Beauty,Special,Supplier A,Hyderabad WH,25-03-2025,March,184,420,596,10,105,4653,1624,967904,4,13,Low Stock,No,-2
50948,Product 1802,Home,Special,Supplier C,Pune WH,20-07-2025,July,873,203,263,16,179,7839,4462,1173506,3.4,9,In Stock,No,797
50949,Product 3531,Home,Special,Supplier C,Pune WH,19-01-2025,January,289,381,188,34,124,1586,14542,2733896,4.3,2,In Stock,No,448
50950,Product 3088,Sports,Basic,Supplier D,Bengaluru WH,27-07-2025,July,433,126,73,22,75,4563,5201,379673,4.9,7,Low Stock,No,464
50951,Product 5110,Beauty,Basic,Supplier C,Delhi WH,22-09-2025,September,568,196,495,42,186,4002,510,252450,3.1,7,Out of Stock,No,227
50952,Product 4298,Fashion,Basic,Supplier E,Hyderabad WH,10-11-2025,November,653,462,218,32,90,218,13338,2907684,3.9,3,Low Stock,Yes,865
50953,Product 9711,Fashion,Basic,Supplier E,Bengaluru WH,07-10-2025,October,760,54,670,0,61,9352,6946,4653820,3.3,13,Low Stock,Yes,144
50954,Product 8903,Beauty,Standard,Supplier D,Pune WH,19-04-2025,April,420,103,369,29,193,9194,2602,960138,3.1,14,Low Stock,No,125
50955,Product 7268,Beauty,Special,Supplier A,Delhi WH,19-06-2025,June,997,249,275,3,125,3889,12423,3416325,2.6,17,In Stock,No,968
50956,Product 9616,Sports,Basic,Supplier E,Bengaluru WH,14-10-2025,October,465,352,23,22,47,6656,10228,235244,3.2,5,In Stock,Yes,772
50957,Product 3508,Electronics,Standard,Supplier C,Bengaluru WH,20-06-2025,June,163,422,381,18,169,592,5675,2162175,4.7,12,In Stock,Yes,186
50958,Product 6638,Fashion,Basic,Supplier C,Bengaluru WH,01-10-2025,October,759,42,513,15,197,6781,13181,6761853,3.9,1,In Stock,No,273
50959,Product 6771,Grocery,Basic,Supplier B,Mumbai WH,27-07-2025,July,212,37,588,12,58,3835,4273,2512524,4.5,3,Low Stock,No,-351
50960,Product 5906,Sports,Special,Supplier A,Bengaluru WH,07-09-2025,September,837,274,297,38,107,7142,6146,1825362,4.9,9,In Stock,No,776
50961,Product 9460,Beauty,Special,Supplier D,Hyderabad WH,04-02-2025,February,662,385,89,41,29,5896,14796,1316844,3.2,17,In Stock,Yes,917
50962,Product 4455,Beauty,Special,Supplier D,Mumbai WH,13-07-2025,July,811,171,549,36,133,6029,12394,6804306,3.3,3,Low Stock,No,397
50963,Product 4795,Grocery,Special,Supplier B,Bengaluru WH,07-03-2025,March,532,489,232,25,22,8815,1271,294872,3,7,Out of Stock,Yes,764
50964,Product 6490,Sports,Special,Supplier D,Pune WH,12-01-2025,January,780,136,637,2,47,8007,9923,6320951,3.4,9,In Stock,No,277
50965,Product 2660,Grocery,Special,Supplier B,Bengaluru WH,30-06-2025,June,581,489,359,2,133,4504,308,110572,2.5,2,Low Stock,No,709
50966,Product 2124,Fashion,Basic,Supplier E,Pune WH,07-02-2025,February,714,118,274,39,180,4891,13274,3637076,4.9,4,In Stock,No,519
50967,Product 6748,Beauty,Basic,Supplier D,Pune WH,02-09-2025,September,651,483,124,19,190,784,7835,971540,4.7,7,In Stock,No,991
50968,Product 4720,Home,Premium,Supplier C,Bengaluru WH,14-10-2025,October,691,498,37,13,183,2913,971,35927,3.5,19,In Stock,Yes,1139
50969,Product 9360,Home,Basic,Supplier A,Pune WH,02-11-2025,November,209,395,671,37,177,7625,10226,6861646,4,8,Out of Stock,No,-104
50970,Product 7253,Electronics,Premium,Supplier D,Pune WH,05-01-2025,January,670,289,646,31,60,8701,5568,3596928,4.8,11,In Stock,Yes,282
50971,Product 3963,Grocery,Standard,Supplier B,Delhi WH,06-02-2025,February,824,109,504,45,172,2150,3297,1661688,4.2,12,In Stock,No,384
50972,Product 2286,Fashion,Special,Supplier D,Bengaluru WH,26-02-2025,February,743,487,283,43,76,8498,1905,539115,2.6,2,In Stock,Yes,904
50973,Product 7560,Grocery,Special,Supplier E,Delhi WH,17-08-2025,August,318,90,20,4,120,3752,5124,102480,4.9,2,In Stock,Yes,384
50974,Product 4770,Fashion,Premium,Supplier E,Bengaluru WH,05-01-2025,January,199,253,204,5,24,7604,4293,875772,2.9,1,In Stock,Yes,243
50975,Product 1628,Grocery,Standard,Supplier E,Delhi WH,24-02-2025,February,688,351,262,11,182,9552,14213,3723806,3.8,1,Out of Stock,No,766
50976,Product 5223,Home,Premium,Supplier B,Mumbai WH,23-11-2025,November,859,159,659,19,122,397,5656,3727304,4.5,6,In Stock,No,340
50977,Product 6881,Electronics,Standard,Supplier E,Mumbai WH,21-03-2025,March,49,167,644,14,178,2341,13556,8730064,4.6,17,In Stock,No,-442
50978,Product 7828,Sports,Basic,Supplier C,Delhi WH,26-07-2025,July,588,222,513,27,44,1463,3056,1567728,2.8,12,In Stock,No,270
50979,Product 1007,Beauty,Standard,Supplier A,Bengaluru WH,06-04-2025,April,634,62,653,32,49,9509,6619,4322207,3.5,18,In Stock,No,11
50980,Product 1126,Fashion,Special,Supplier D,Hyderabad WH,09-01-2025,January,331,48,238,20,192,8636,5047,1201186,4.1,12,In Stock,Yes,121
50981,Product 9987,Home,Special,Supplier B,Bengaluru WH,25-12-2025,December,246,240,47,34,113,5875,13761,646767,3.8,5,Low Stock,No,405
50982,Product 5333,Fashion,Premium,Supplier B,Hyderabad WH,14-05-2025,May,553,50,299,3,185,4286,332,99268,3.3,1,In Stock,No,301
50983,Product 5842,Electronics,Special,Supplier B,Mumbai WH,19-09-2025,September,250,14,179,3,78,1714,10061,1800919,4.4,4,Low Stock,Yes,82
50984,Product 1361,Home,Standard,Supplier B,Hyderabad WH,03-08-2025,August,459,55,670,26,31,7722,3686,2469620,4.5,8,Out of Stock,No,-182
50985,Product 3401,Electronics,Basic,Supplier A,Bengaluru WH,07-10-2025,October,977,370,340,16,155,5006,9625,3272500,3.5,12,Low Stock,No,991
50986,Product 6973,Fashion,Special,Supplier E,Mumbai WH,17-12-2025,December,185,453,672,17,41,8976,6854,4605888,4.3,19,Out of Stock,Yes,-51
50987,Product 5978,Electronics,Special,Supplier A,Delhi WH,19-07-2025,July,130,2,551,16,66,7720,6872,3786472,3.7,11,Low Stock,No,-435
50988,Product 7709,Electronics,Special,Supplier B,Pune WH,31-10-2025,October,466,371,279,27,39,4442,2531,706149,2.5,18,In Stock,No,531
50989,Product 7366,Grocery,Basic,Supplier A,Bengaluru WH,25-06-2025,June,904,414,696,30,145,7695,10649,7411704,3.3,8,In Stock,No,592
50990,Product 9538,Beauty,Standard,Supplier E,Mumbai WH,10-08-2025,August,526,130,171,0,108,286,7733,1322343,2.8,18,In Stock,No,485
50991,Product 7514,Sports,Standard,Supplier D,Pune WH,03-01-2025,January,345,326,621,36,58,5013,14918,9264078,4.8,13,In Stock,No,14
50992,Product 2782,Sports,Special,Supplier B,Mumbai WH,24-05-2025,May,122,445,583,3,143,1635,14721,8582343,2.7,15,In Stock,No,-19
50993,Product 8822,Electronics,Basic,Supplier E,Mumbai WH,16-12-2025,December,693,302,344,46,110,3601,1361,468184,3.8,11,In Stock,Yes,605
50994,Product 1831,Sports,Special,Supplier C,Pune WH,05-07-2025,July,474,175,438,3,99,90,11951,5234538,3.9,16,Low Stock,No,208
50995,Product 5764,Beauty,Standard,Supplier C,Delhi WH,11-09-2025,September,957,295,444,0,37,450,8761,3889884,2.8,20,Low Stock,Yes,808
50996,Product 5161,Electronics,Standard,Supplier C,Hyderabad WH,30-08-2025,August,143,52,246,15,158,8843,10770,2649420,2.5,17,Low Stock,No,-66
50997,Product 8609,Sports,Standard,Supplier A,Mumbai WH,07-09-2025,September,309,496,239,48,124,2966,9891,2363949,3.6,14,In Stock,No,518
50998,Product 1079,Home,Basic,Supplier E,Delhi WH,24-05-2025,May,556,75,207,31,169,6306,2886,597402,3.7,6,In Stock,No,393
50999,Product 7724,Beauty,Special,Supplier C,Mumbai WH,20-09-2025,September,661,203,639,46,26,5782,7727,4937553,3.1,5,In Stock,No,179
51000,Product 8175,Sports,Basic,Supplier C,Bengaluru WH,17-12-2025,December,626,187,259,37,45,6904,12615,3267285,3.3,3,Low Stock,No,517
51001,Product 3571,Electronics,Basic,Supplier A,Mumbai WH,26-03-2025,March,307,180,480,5,54,4031,9651,4632480,2.5,17,In Stock,No,2
51002,Product 2239,Grocery,Premium,Supplier E,Delhi WH,03-10-2025,October,645,328,125,22,198,9983,13212,1651500,3.9,11,Low Stock,No,826
51003,Product 9487,Beauty,Special,Supplier D,Pune WH,19-01-2025,January,446,435,283,16,82,9256,2445,691935,3.5,4,Out of Stock,No,582
51004,Product 4710,Grocery,Basic,Supplier D,Pune WH,07-05-2025,May,225,255,195,38,162,8284,2903,566085,4.1,14,In Stock,Yes,247
51005,Product 2258,Fashion,Standard,Supplier C,Pune WH,26-03-2025,March,821,166,125,30,78,9717,574,71750,5,2,In Stock,No,832
51006,Product 1111,Beauty,Standard,Supplier A,Pune WH,14-03-2025,March,452,416,249,30,139,1345,12633,3145617,4.9,15,In Stock,No,589
51007,Product 8636,Beauty,Basic,Supplier C,Mumbai WH,07-05-2025,May,656,189,125,41,117,1867,4276,534500,2.6,10,In Stock,No,679
51008,Product 3554,Sports,Premium,Supplier A,Hyderabad WH,26-08-2025,August,308,107,362,20,110,6334,12787,4628894,2.8,10,In Stock,No,33
51009,Product 7943,Sports,Premium,Supplier D,Delhi WH,25-02-2025,February,653,13,224,21,69,5424,7629,1708896,4,6,Out of Stock,No,421
51010,Product 6356,Sports,Special,Supplier A,Bengaluru WH,28-02-2025,February,557,9,27,40,150,7145,7324,197748,4,10,In Stock,Yes,499
51011,Product 3236,Electronics,Special,Supplier A,Delhi WH,25-08-2025,August,531,479,452,32,161,7243,13366,6041432,4.3,16,In Stock,No,526
51012,Product 2268,Home,Standard,Supplier C,Pune WH,24-01-2025,January,268,42,427,33,185,7746,409,174643,5,7,In Stock,No,-150
51013,Product 6123,Fashion,Standard,Supplier E,Mumbai WH,21-09-2025,September,661,270,255,7,108,5845,11525,2938875,3.6,7,Low Stock,No,669
51014,Product 9825,Sports,Standard,Supplier A,Bengaluru WH,08-10-2025,October,771,482,454,34,29,1798,2902,1317508,3.8,2,Out of Stock,No,765
51015,Product 9322,Sports,Standard,Supplier B,Delhi WH,20-11-2025,November,455,473,542,48,51,1666,5983,3242786,3.6,18,Low Stock,Yes,338
51016,Product 3715,Fashion,Premium,Supplier B,Mumbai WH,24-04-2025,April,50,211,234,22,174,3808,8766,2051244,4.6,15,In Stock,No,5
51017,Product 2622,Grocery,Special,Supplier C,Mumbai WH,11-04-2025,April,804,209,587,9,111,6044,5978,3509086,4.4,19,In Stock,No,417
51018,Product 6883,Sports,Premium,Supplier B,Pune WH,20-11-2025,November,337,435,82,5,193,8542,2313,189666,4.8,20,In Stock,No,685
51019,Product 1886,Grocery,Special,Supplier D,Delhi WH,28-05-2025,May,645,90,345,41,146,1459,8660,2987700,4.9,19,In Stock,No,349
51020,Product 4204,Electronics,Special,Supplier D,Hyderabad WH,15-07-2025,July,857,365,178,12,119,1623,10129,1802962,3,9,In Stock,Yes,1032
51021,Product 3540,Electronics,Standard,Supplier A,Bengaluru WH,24-09-2025,September,352,33,254,40,144,1177,3148,799592,4.4,18,In Stock,No,91
51022,Product 3666,Home,Standard,Supplier D,Mumbai WH,02-02-2025,February,700,36,279,4,39,2194,898,250542,4.1,7,In Stock,No,453
51023,Product 6019,Grocery,Special,Supplier C,Delhi WH,22-02-2025,February,806,104,300,16,38,2989,2767,830100,3,4,Low Stock,No,594
51024,Product 9352,Electronics,Standard,Supplier B,Bengaluru WH,13-02-2025,February,208,467,688,46,155,361,12163,8368144,3.8,4,Low Stock,No,-59
51025,Product 3003,Grocery,Premium,Supplier D,Pune WH,10-09-2025,September,597,248,216,33,146,498,3261,704376,4.3,6,In Stock,No,596
51026,Product 8219,Home,Premium,Supplier E,Hyderabad WH,31-10-2025,October,413,277,74,23,70,9821,6992,517408,2.9,10,Low Stock,No,593
51027,Product 7208,Grocery,Standard,Supplier C,Delhi WH,13-04-2025,April,223,26,33,9,94,834,5615,185295,3.4,20,In Stock,Yes,207
51028,Product 9428,Beauty,Standard,Supplier E,Hyderabad WH,12-02-2025,February,754,24,524,44,94,7094,9104,4770496,2.9,8,In Stock,No,210
51029,Product 1246,Home,Basic,Supplier B,Hyderabad WH,26-10-2025,October,816,341,230,49,131,2294,3039,698970,3,6,In Stock,No,878
51030,Product 4954,Beauty,Special,Supplier E,Pune WH,07-07-2025,July,174,380,609,21,142,747,8284,5044956,3.7,7,Low Stock,No,-76
51031,Product 1761,Home,Premium,Supplier A,Bengaluru WH,27-11-2025,November,896,460,621,3,74,7642,10495,6517395,2.7,15,In Stock,No,732
51032,Product 3592,Fashion,Standard,Supplier D,Delhi WH,18-10-2025,October,114,497,211,36,194,2885,5497,1159867,2.5,19,Low Stock,No,364
51033,Product 1298,Beauty,Premium,Supplier A,Bengaluru WH,09-04-2025,April,522,367,283,13,72,6434,14354,4062182,3.8,19,In Stock,No,593
51034,Product 2994,Fashion,Special,Supplier E,Hyderabad WH,12-12-2025,December,578,385,377,17,141,3852,6331,2386787,4.9,16,Low Stock,No,569
51035,Product 1121,Beauty,Premium,Supplier B,Delhi WH,31-08-2025,August,570,471,455,34,152,8691,8472,3854760,4.6,19,In Stock,No,552
51036,Product 8331,Beauty,Standard,Supplier B,Mumbai WH,21-12-2025,December,907,468,681,5,149,6778,5214,3550734,3.8,8,Low Stock,No,689
51037,Product 8804,Grocery,Standard,Supplier D,Pune WH,26-02-2025,February,881,196,255,18,52,9833,2709,690795,3.7,14,Low Stock,Yes,804
51038,Product 4319,Sports,Basic,Supplier B,Bengaluru WH,20-10-2025,October,558,192,236,27,64,6469,9299,2194564,2.8,4,In Stock,No,487
51039,Product 4289,Electronics,Special,Supplier E,Hyderabad WH,11-04-2025,April,131,441,138,31,89,7304,1397,192786,3.9,14,Low Stock,No,403
51040,Product 7301,Electronics,Premium,Supplier B,Pune WH,27-11-2025,November,748,116,679,24,109,1168,7726,5245954,2.7,20,In Stock,Yes,161
51041,Product 1615,Sports,Basic,Supplier A,Pune WH,29-08-2025,August,421,176,653,34,131,5643,8515,5560295,3.6,6,In Stock,Yes,-90
51042,Product 8290,Sports,Basic,Supplier D,Hyderabad WH,23-03-2025,March,559,388,305,27,92,7511,6708,2045940,4.9,18,In Stock,No,615
51043,Product 3529,Home,Premium,Supplier D,Pune WH,01-02-2025,February,586,140,63,0,103,6267,11406,718578,4,8,Out of Stock,No,663
51044,Product 1810,Beauty,Special,Supplier D,Pune WH,19-04-2025,April,316,472,174,31,200,8893,3427,596298,3.7,1,In Stock,No,583
51045,Product 3537,Grocery,Basic,Supplier A,Hyderabad WH,26-10-2025,October,239,351,444,39,188,9062,158,70152,3,9,In Stock,Yes,107
51046,Product 6400,Grocery,Special,Supplier C,Pune WH,06-10-2025,October,755,281,458,14,110,886,10719,4909302,3.2,7,Low Stock,No,564
51047,Product 3971,Sports,Basic,Supplier C,Pune WH,18-11-2025,November,557,58,643,32,40,1392,12650,8133950,4.9,4,In Stock,Yes,-60
51048,Product 9081,Beauty,Basic,Supplier D,Bengaluru WH,17-09-2025,September,910,202,410,31,165,8720,494,202540,3.5,14,In Stock,No,671
51049,Product 8092,Beauty,Standard,Supplier C,Hyderabad WH,01-08-2025,August,738,32,170,19,139,5314,6110,1038700,3.9,8,In Stock,No,581
51050,Product 9684,Home,Special,Supplier D,Bengaluru WH,09-07-2025,July,302,396,559,18,161,8068,759,424281,3,8,In Stock,Yes,121
51051,Product 5915,Home,Standard,Supplier E,Mumbai WH,27-03-2025,March,755,338,509,0,108,5146,6761,3441349,3.8,18,In Stock,No,584
51052,Product 8019,Beauty,Premium,Supplier D,Bengaluru WH,29-11-2025,November,605,486,383,5,70,1225,8578,3285374,2.9,6,In Stock,No,703
51053,Product 6668,Sports,Premium,Supplier B,Pune WH,25-02-2025,February,236,485,186,32,187,443,5441,1012026,3.7,11,In Stock,No,503
51054,Product 2428,Fashion,Special,Supplier D,Bengaluru WH,18-08-2025,August,849,288,375,35,140,8181,9202,3450750,4.4,16,Low Stock,No,727
51055,Product 9312,Grocery,Standard,Supplier D,Pune WH,04-12-2025,December,270,388,528,31,88,5069,1390,733920,3.2,16,In Stock,Yes,99
51056,Product 6232,Electronics,Special,Supplier B,Pune WH,25-02-2025,February,983,485,13,41,106,4985,14718,191334,3.9,5,Low Stock,No,1414
51057,Product 1049,Electronics,Standard,Supplier A,Bengaluru WH,09-10-2025,October,896,77,67,9,38,399,11943,800181,2.6,14,Low Stock,No,897
51058,Product 9679,Electronics,Premium,Supplier C,Mumbai WH,27-10-2025,October,316,95,493,44,100,8127,8290,4086970,4.9,3,Low Stock,No,-126
51059,Product 1179,Home,Special,Supplier A,Bengaluru WH,19-06-2025,June,209,78,695,14,125,3482,2509,1743755,4.5,3,In Stock,No,-422
51060,Product 6359,Fashion,Special,Supplier A,Mumbai WH,13-01-2025,January,441,248,526,33,138,2663,5406,2843556,3.8,11,Out of Stock,No,130
51061,Product 3328,Electronics,Special,Supplier C,Pune WH,14-02-2025,February,26,190,12,4,97,4515,3904,46848,3.2,5,In Stock,No,200
51062,Product 8411,Fashion,Special,Supplier A,Mumbai WH,09-10-2025,October,177,475,486,31,171,7417,2895,1406970,3.4,14,Low Stock,No,135
51063,Product 1221,Electronics,Standard,Supplier B,Delhi WH,30-04-2025,April,667,182,278,15,173,2244,13045,3626510,4.1,6,Low Stock,No,556
51064,Product 8715,Beauty,Basic,Supplier C,Mumbai WH,08-04-2025,April,346,405,282,2,116,1091,9073,2558586,3.2,1,In Stock,Yes,467
51065,Product 5793,Sports,Premium,Supplier A,Hyderabad WH,05-11-2025,November,35,233,196,6,178,4977,12413,2432948,3.9,16,Out of Stock,No,66
51066,Product 2942,Sports,Premium,Supplier E,Bengaluru WH,21-11-2025,November,715,4,243,46,56,7850,9160,2225880,2.9,11,Low Stock,No,430
51067,Product 9934,Electronics,Special,Supplier B,Delhi WH,30-08-2025,August,615,421,40,37,192,5412,1904,76160,3.8,3,In Stock,No,959
51068,Product 2723,Home,Special,Supplier B,Hyderabad WH,23-06-2025,June,611,332,381,8,128,3909,10906,4155186,3.9,10,In Stock,No,554
51069,Product 3152,Grocery,Basic,Supplier A,Hyderabad WH,09-09-2025,September,365,263,561,10,155,2022,1757,985677,2.7,7,In Stock,No,57
51070,Product 2598,Beauty,Standard,Supplier D,Pune WH,09-11-2025,November,209,285,15,34,197,8691,5869,88035,3.4,11,In Stock,No,445
51071,Product 6742,Electronics,Special,Supplier A,Bengaluru WH,10-10-2025,October,534,74,123,41,166,8081,3862,475026,2.6,7,In Stock,No,444
51072,Product 9939,Beauty,Special,Supplier D,Bengaluru WH,22-10-2025,October,648,7,432,17,195,6435,9107,3934224,4.2,4,In Stock,No,206
51073,Product 4072,Grocery,Premium,Supplier C,Pune WH,26-11-2025,November,205,201,524,19,32,1065,6821,3574204,4.5,10,In Stock,No,-137
51074,Product 5933,Electronics,Premium,Supplier C,Pune WH,18-03-2025,March,280,91,641,22,42,9623,13590,8711190,3.3,10,In Stock,No,-292
51075,Product 7978,Grocery,Premium,Supplier B,Hyderabad WH,17-12-2025,December,501,35,486,30,81,961,3572,1735992,2.6,4,Low Stock,Yes,20
51076,Product 5773,Fashion,Standard,Supplier C,Hyderabad WH,12-03-2025,March,311,399,370,18,98,5177,1176,435120,3.3,16,In Stock,No,322
51077,Product 8765,Beauty,Premium,Supplier D,Bengaluru WH,26-02-2025,February,484,432,577,25,39,3969,6749,3894173,4.5,6,Low Stock,No,314
51078,Product 3193,Beauty,Premium,Supplier B,Pune WH,24-11-2025,November,781,485,308,0,25,5372,10515,3238620,4.4,3,In Stock,No,958
51079,Product 2910,Electronics,Standard,Supplier A,Mumbai WH,18-12-2025,December,984,455,437,2,171,4317,548,239476,4.6,3,In Stock,No,1000
51080,Product 6077,Fashion,Premium,Supplier E,Mumbai WH,06-11-2025,November,556,278,399,34,34,7974,1341,535059,3.9,4,In Stock,No,401
51081,Product 5014,Home,Standard,Supplier D,Delhi WH,21-11-2025,November,260,101,190,1,120,9888,6414,1218660,2.6,13,In Stock,Yes,170
51082,Product 2672,Home,Premium,Supplier C,Delhi WH,07-10-2025,October,102,382,445,11,169,4873,10391,4623995,3.5,15,In Stock,No,28
51083,Product 5472,Sports,Standard,Supplier C,Hyderabad WH,06-05-2025,May,360,236,152,45,176,6384,7579,1152008,3.7,1,In Stock,Yes,399
51084,Product 3781,Electronics,Basic,Supplier D,Bengaluru WH,16-09-2025,September,895,110,107,26,39,2950,4874,521518,3.6,13,In Stock,No,872
51085,Product 7407,Electronics,Basic,Supplier E,Hyderabad WH,08-12-2025,December,644,312,486,18,67,1135,6176,3001536,3.6,2,In Stock,No,452
51086,Product 3438,Grocery,Basic,Supplier B,Bengaluru WH,19-08-2025,August,46,458,117,8,129,6163,14113,1651221,4.4,14,In Stock,Yes,379
51087,Product 5880,Home,Special,Supplier D,Bengaluru WH,13-07-2025,July,395,236,436,26,101,7405,2375,1035500,5,3,In Stock,Yes,169
51088,Product 7876,Sports,Basic,Supplier A,Pune WH,08-01-2025,January,548,74,503,24,186,4992,5256,2643768,3.4,20,Low Stock,No,95
51089,Product 1687,Beauty,Basic,Supplier C,Delhi WH,06-09-2025,September,942,306,648,20,104,3106,10526,6820848,3.5,19,Out of Stock,No,580
51090,Product 8157,Grocery,Standard,Supplier D,Pune WH,04-11-2025,November,166,5,136,36,48,8582,5650,768400,4.7,14,Low Stock,Yes,-1
51091,Product 9512,Grocery,Basic,Supplier E,Pune WH,14-11-2025,November,521,442,578,45,32,9289,4315,2494070,2.8,9,In Stock,No,340
51092,Product 1324,Beauty,Basic,Supplier C,Bengaluru WH,08-10-2025,October,927,395,601,33,99,6435,3520,2115520,3.8,19,Low Stock,Yes,688
51093,Product 7404,Fashion,Basic,Supplier C,Mumbai WH,23-07-2025,July,192,12,159,2,63,4706,9784,1555656,4.7,13,In Stock,No,43
51094,Product 5308,Home,Special,Supplier D,Delhi WH,24-08-2025,August,89,110,659,19,23,4034,8589,5660151,4.5,20,In Stock,Yes,-479
51095,Product 8153,Sports,Standard,Supplier A,Bengaluru WH,23-09-2025,September,858,391,476,29,187,8317,11653,5546828,3.8,9,In Stock,No,744
51096,Product 3686,Sports,Basic,Supplier C,Hyderabad WH,01-11-2025,November,767,172,185,17,89,3862,10480,1938800,3.6,8,In Stock,No,737
51097,Product 1578,Electronics,Premium,Supplier B,Bengaluru WH,05-04-2025,April,749,447,394,14,157,7842,2920,1150480,2.6,12,In Stock,No,788
51098,Product 4139,Grocery,Special,Supplier C,Mumbai WH,02-10-2025,October,182,39,584,15,107,888,3094,1806896,4.5,20,In Stock,No,-378
51099,Product 2947,Sports,Premium,Supplier D,Delhi WH,06-04-2025,April,574,56,228,27,95,8349,6966,1588248,2.7,18,Low Stock,Yes,375
51100,Product 8205,Beauty,Special,Supplier C,Mumbai WH,29-11-2025,November,690,80,150,5,186,2770,9467,1420050,4.8,12,Low Stock,Yes,615
51101,Product 6812,Fashion,Special,Supplier E,Delhi WH,12-12-2025,December,976,50,103,40,143,7698,814,83842,2.6,14,In Stock,No,883
51102,Product 6557,Beauty,Special,Supplier E,Pune WH,04-01-2025,January,191,197,362,7,198,3568,9577,3466874,3.9,3,In Stock,No,19
51103,Product 7811,Fashion,Premium,Supplier A,Bengaluru WH,28-12-2025,December,662,4,595,23,44,1612,7227,4300065,3.6,4,Low Stock,No,48
51104,Product 6542,Home,Basic,Supplier B,Hyderabad WH,30-12-2025,December,180,413,10,37,74,7984,422,4220,4.4,9,In Stock,Yes,546
51105,Product 4226,Electronics,Basic,Supplier E,Bengaluru WH,29-10-2025,October,662,249,150,30,158,1012,397,59550,3.9,4,In Stock,Yes,731
51106,Product 4120,Grocery,Premium,Supplier E,Hyderabad WH,26-01-2025,January,438,237,260,6,69,3042,14076,3659760,3.4,19,Low Stock,No,409
51107,Product 9972,Sports,Special,Supplier A,Hyderabad WH,01-03-2025,March,921,457,430,13,183,7736,12146,5222780,2.7,15,Low Stock,No,935
51108,Product 6892,Home,Premium,Supplier B,Hyderabad WH,09-12-2025,December,963,472,427,4,166,7513,1905,813435,2.7,3,In Stock,No,1004
51109,Product 5560,Beauty,Special,Supplier C,Pune WH,06-02-2025,February,849,220,145,50,42,8841,9995,1449275,4.6,13,Low Stock,No,874
51110,Product 3436,Beauty,Premium,Supplier C,Hyderabad WH,06-06-2025,June,649,494,558,15,156,8658,8836,4930488,2.9,7,In Stock,No,570
51111,Product 1828,Sports,Basic,Supplier C,Hyderabad WH,19-09-2025,September,202,492,597,28,133,5976,2382,1422054,4,1,Low Stock,No,69
51112,Product 5685,Electronics,Basic,Supplier B,Pune WH,30-11-2025,November,347,456,355,5,147,6254,11460,4068300,3,18,Low Stock,No,443
51113,Product 9961,Home,Standard,Supplier C,Hyderabad WH,12-09-2025,September,734,187,335,29,79,5072,1539,515565,3.5,12,In Stock,No,557
51114,Product 1223,Sports,Basic,Supplier E,Hyderabad WH,09-03-2025,March,374,26,246,13,143,4622,7450,1832700,4.8,17,In Stock,Yes,141
51115,Product 2202,Sports,Standard,Supplier C,Pune WH,23-03-2025,March,125,377,530,25,164,2469,6550,3471500,4.3,4,Low Stock,No,-53
51116,Product 7907,Sports,Standard,Supplier D,Delhi WH,26-03-2025,March,482,343,231,10,61,2332,11065,2556015,3.7,5,In Stock,Yes,584
51117,Product 7643,Electronics,Basic,Supplier C,Delhi WH,22-10-2025,October,905,14,342,3,152,6050,1355,463410,4.5,4,Low Stock,No,574
51118,Product 7556,Fashion,Standard,Supplier E,Pune WH,28-05-2025,May,939,365,449,29,128,9337,12050,5410450,2.6,15,In Stock,Yes,826
51119,Product 7109,Electronics,Standard,Supplier D,Hyderabad WH,11-07-2025,July,511,268,282,10,65,604,8100,2284200,3.9,5,In Stock,No,487
51120,Product 7965,Beauty,Premium,Supplier E,Bengaluru WH,08-02-2025,February,903,471,520,35,155,2745,1282,666640,4.7,4,In Stock,No,819
51121,Product 9057,Home,Special,Supplier D,Delhi WH,27-02-2025,February,627,9,623,49,161,5461,11150,6946450,3.9,4,Low Stock,No,-36
51122,Product 5023,Home,Special,Supplier D,Hyderabad WH,13-04-2025,April,650,26,197,22,154,8666,6533,1287001,4.5,20,Out of Stock,No,457
51123,Product 8396,Fashion,Premium,Supplier A,Mumbai WH,23-07-2025,July,36,230,692,8,184,4970,11953,8271476,4.8,10,Out of Stock,No,-434
51124,Product 9473,Electronics,Special,Supplier B,Bengaluru WH,01-01-2025,January,411,58,491,1,110,1057,6026,2958766,4.7,6,In Stock,No,-23
51125,Product 2005,Home,Premium,Supplier C,Pune WH,30-01-2025,January,507,427,182,42,135,9966,12984,2363088,4.2,2,In Stock,No,710
51126,Product 2516,Fashion,Basic,Supplier E,Pune WH,14-12-2025,December,376,266,21,25,79,7978,5159,108339,4.6,18,Out of Stock,No,596
51127,Product 5293,Sports,Special,Supplier B,Hyderabad WH,23-12-2025,December,538,120,204,35,98,1322,6707,1368228,4.9,15,Low Stock,No,419
51128,Product 9741,Grocery,Basic,Supplier C,Pune WH,16-01-2025,January,501,297,375,22,109,1802,9825,3684375,3.9,9,Low Stock,No,401
51129,Product 1298,Beauty,Special,Supplier A,Delhi WH,01-12-2025,December,709,282,403,22,196,6451,12687,5112861,4.6,13,Low Stock,No,566
51130,Product 5788,Beauty,Premium,Supplier E,Bengaluru WH,22-03-2025,March,186,410,466,4,85,3996,13721,6393986,3.8,14,In Stock,No,126
51131,Product 7262,Home,Special,Supplier E,Hyderabad WH,13-06-2025,June,587,385,224,21,104,5236,6017,1347808,2.9,7,In Stock,No,727
51132,Product 3477,Grocery,Special,Supplier D,Mumbai WH,26-02-2025,February,442,439,689,32,131,7200,10365,7141485,3.3,12,In Stock,No,160
51133,Product 5444,Sports,Basic,Supplier C,Delhi WH,09-11-2025,November,495,151,193,2,28,3548,11874,2291682,2.6,4,Low Stock,Yes,451
51134,Product 5420,Beauty,Premium,Supplier C,Pune WH,11-04-2025,April,928,391,68,43,109,9779,3490,237320,4.5,8,In Stock,No,1208
51135,Product 9615,Sports,Premium,Supplier E,Mumbai WH,20-02-2025,February,300,196,95,36,78,1298,13651,1296845,4.9,4,In Stock,No,365
51136,Product 7727,Electronics,Premium,Supplier D,Mumbai WH,05-06-2025,June,548,226,257,7,173,1325,7284,1871988,2.6,13,Out of Stock,No,510
51137,Product 2593,Home,Basic,Supplier A,Pune WH,06-11-2025,November,212,223,300,9,28,3142,3123,936900,4.2,7,Out of Stock,No,126
51138,Product 6778,Fashion,Basic,Supplier E,Bengaluru WH,03-12-2025,December,773,44,649,9,188,6113,7549,4899301,2.9,16,In Stock,No,159
51139,Product 9123,Fashion,Basic,Supplier D,Pune WH,04-06-2025,June,147,318,132,43,176,9198,1560,205920,2.8,5,In Stock,Yes,290
51140,Product 1270,Home,Special,Supplier C,Pune WH,23-04-2025,April,844,400,442,39,124,4123,9714,4293588,4.3,3,In Stock,No,763
51141,Product 6149,Sports,Standard,Supplier B,Mumbai WH,16-11-2025,November,243,326,481,34,29,6232,7620,3665220,3.6,9,In Stock,Yes,54
51142,Product 1330,Fashion,Standard,Supplier A,Pune WH,27-03-2025,March,365,170,17,11,44,3969,364,6188,4.7,20,In Stock,No,507
51143,Product 3431,Sports,Special,Supplier D,Mumbai WH,25-01-2025,January,43,147,104,22,122,9034,9789,1018056,4.2,6,Low Stock,No,64
51144,Product 5344,Electronics,Premium,Supplier E,Pune WH,12-07-2025,July,414,425,151,18,96,4887,8216,1240616,4,8,In Stock,Yes,670
51145,Product 2731,Grocery,Basic,Supplier D,Pune WH,16-11-2025,November,509,353,141,19,46,361,4667,658047,3.5,19,Low Stock,No,702
51146,Product 7064,Sports,Standard,Supplier A,Pune WH,26-10-2025,October,836,361,392,19,155,1909,14122,5535824,3.9,5,In Stock,No,786
51147,Product 2689,Home,Standard,Supplier E,Delhi WH,17-01-2025,January,38,456,33,6,91,7096,263,8679,2.9,12,In Stock,No,455
51148,Product 8760,Sports,Special,Supplier B,Mumbai WH,11-11-2025,November,214,482,167,41,62,2494,10864,1814288,4.3,7,In Stock,Yes,488
51149,Product 9481,Fashion,Standard,Supplier D,Mumbai WH,09-01-2025,January,447,194,520,33,165,5188,677,352040,4.9,12,In Stock,No,88
51150,Product 6504,Electronics,Standard,Supplier C,Mumbai WH,11-08-2025,August,979,162,554,0,189,508,1564,866456,3.3,9,Low Stock,No,587
51151,Product 1794,Fashion,Basic,Supplier E,Pune WH,20-03-2025,March,427,414,517,25,119,2586,11728,6063376,3.9,16,In Stock,Yes,299
51152,Product 3804,Grocery,Basic,Supplier B,Pune WH,14-04-2025,April,959,374,237,49,116,3125,2485,588945,3.5,7,Low Stock,No,1047
51153,Product 5737,Sports,Standard,Supplier E,Bengaluru WH,28-07-2025,July,342,58,179,24,39,1307,10538,1886302,2.7,1,In Stock,No,197
51154,Product 4690,Fashion,Standard,Supplier C,Hyderabad WH,24-05-2025,May,215,162,675,8,60,4367,1793,1210275,4.6,20,In Stock,No,-306
51155,Product 2164,Electronics,Standard,Supplier E,Hyderabad WH,03-10-2025,October,564,11,187,24,23,8594,14997,2804439,3.4,13,In Stock,No,364
51156,Product 8005,Electronics,Special,Supplier E,Pune WH,03-08-2025,August,322,345,516,15,39,9289,9655,4981980,4.3,7,Low Stock,No,136
51157,Product 8966,Fashion,Special,Supplier C,Mumbai WH,08-12-2025,December,390,118,668,18,175,877,14827,9904436,3.9,5,In Stock,No,-178
51158,Product 9262,Sports,Basic,Supplier C,Delhi WH,01-10-2025,October,552,65,511,49,71,4782,9566,4888226,4.5,8,In Stock,No,57
51159,Product 6000,Electronics,Basic,Supplier B,Delhi WH,26-09-2025,September,377,466,629,45,159,2368,3587,2256223,2.8,2,In Stock,No,169
51160,Product 3261,Electronics,Standard,Supplier A,Pune WH,05-03-2025,March,918,195,378,15,108,6211,13851,5235678,4.8,11,In Stock,Yes,720
51161,Product 1630,Grocery,Standard,Supplier B,Bengaluru WH,21-10-2025,October,77,435,487,46,48,6915,4190,2040530,4.6,18,In Stock,No,-21
51162,Product 4680,Beauty,Basic,Supplier B,Hyderabad WH,02-07-2025,July,310,180,420,15,191,5358,1437,603540,4.5,5,In Stock,No,55
51163,Product 4717,Fashion,Basic,Supplier E,Hyderabad WH,20-09-2025,September,108,269,546,25,54,3924,4515,2465190,4.6,13,In Stock,No,-194
51164,Product 7504,Fashion,Premium,Supplier A,Pune WH,22-11-2025,November,181,222,109,31,122,2541,8410,916690,4.5,4,Low Stock,No,263
51165,Product 2516,Beauty,Premium,Supplier D,Pune WH,21-08-2025,August,702,192,449,23,199,5463,3767,1691383,4.4,18,Out of Stock,Yes,422
51166,Product 4930,Electronics,Basic,Supplier B,Delhi WH,19-10-2025,October,591,184,539,2,191,655,10378,5593742,4.7,19,In Stock,Yes,234
51167,Product 8409,Beauty,Special,Supplier C,Pune WH,11-08-2025,August,319,387,349,26,102,9043,6984,2437416,3.9,9,In Stock,No,331
51168,Product 7977,Beauty,Special,Supplier D,Pune WH,07-10-2025,October,111,228,289,27,40,1082,13948,4030972,3.5,13,In Stock,Yes,23
51169,Product 6966,Grocery,Premium,Supplier D,Bengaluru WH,21-01-2025,January,959,123,506,31,101,6032,2064,1044384,2.6,14,Low Stock,No,545
51170,Product 5660,Grocery,Basic,Supplier B,Bengaluru WH,26-12-2025,December,290,55,543,30,150,8994,1093,593499,3.3,6,In Stock,No,-228
51171,Product 2576,Beauty,Standard,Supplier C,Pune WH,21-11-2025,November,230,253,631,41,117,6516,7741,4884571,4.7,2,In Stock,No,-189
51172,Product 9986,Grocery,Special,Supplier E,Hyderabad WH,28-05-2025,May,303,132,629,37,145,1050,7964,5009356,4.9,11,In Stock,Yes,-231
51173,Product 7937,Beauty,Standard,Supplier C,Delhi WH,16-11-2025,November,202,316,33,46,37,8109,1140,37620,3.5,5,In Stock,No,439
51174,Product 2969,Grocery,Special,Supplier A,Mumbai WH,11-02-2025,February,442,80,544,49,98,8194,14302,7780288,4.3,3,In Stock,No,-71
51175,Product 4924,Beauty,Basic,Supplier C,Delhi WH,27-06-2025,June,323,119,24,33,133,4524,1684,40416,3.7,16,In Stock,Yes,385
51176,Product 2790,Electronics,Standard,Supplier E,Pune WH,16-12-2025,December,953,234,115,32,71,9752,5976,687240,4.4,12,In Stock,No,1040
51177,Product 5241,Sports,Standard,Supplier C,Bengaluru WH,20-09-2025,September,747,284,185,28,126,9646,981,181485,3.4,6,In Stock,No,818
51178,Product 6737,Sports,Standard,Supplier E,Hyderabad WH,19-02-2025,February,241,151,409,37,46,8752,7906,3233554,3.5,3,In Stock,No,-54
51179,Product 4417,Grocery,Premium,Supplier C,Delhi WH,01-05-2025,May,905,324,193,29,127,5158,13254,2558022,4.6,10,Low Stock,No,1007
51180,Product 9577,Sports,Special,Supplier C,Delhi WH,26-10-2025,October,50,371,633,36,123,3259,4335,2744055,4.2,11,In Stock,Yes,-248
51181,Product 1389,Sports,Basic,Supplier A,Mumbai WH,20-11-2025,November,173,347,667,4,146,9902,6070,4048690,4.4,9,In Stock,No,-151
51182,Product 1865,Grocery,Special,Supplier A,Delhi WH,16-01-2025,January,674,35,218,28,77,4207,2060,449080,4.6,5,Low Stock,No,463
51183,Product 2954,Home,Premium,Supplier E,Delhi WH,22-05-2025,May,687,388,17,39,148,6390,9900,168300,3.6,18,Low Stock,No,1019
51184,Product 6757,Home,Special,Supplier B,Hyderabad WH,23-11-2025,November,634,101,671,7,78,6344,9981,6697251,3.8,18,In Stock,No,57
51185,Product 4646,Electronics,Standard,Supplier A,Delhi WH,15-05-2025,May,969,343,413,40,148,1284,14126,5834038,4.2,17,In Stock,No,859
51186,Product 4630,Fashion,Premium,Supplier A,Delhi WH,02-09-2025,September,89,73,199,41,63,2837,11188,2226412,3.7,17,In Stock,No,-78
51187,Product 8814,Fashion,Premium,Supplier B,Mumbai WH,17-11-2025,November,64,229,165,18,130,1012,12591,2077515,4.4,18,In Stock,No,110
51188,Product 8184,Fashion,Premium,Supplier C,Hyderabad WH,29-11-2025,November,463,354,183,21,23,1601,8291,1517253,5,18,Low Stock,Yes,613
51189,Product 2547,Home,Standard,Supplier C,Mumbai WH,16-09-2025,September,794,29,385,8,79,2790,6576,2531760,2.6,12,Low Stock,No,430
51190,Product 8008,Sports,Special,Supplier D,Mumbai WH,06-08-2025,August,330,75,29,33,67,2997,13113,380277,2.8,16,In Stock,No,343
51191,Product 1265,Home,Standard,Supplier D,Delhi WH,12-11-2025,November,350,202,403,16,47,8880,13810,5565430,4.8,14,In Stock,Yes,133
51192,Product 9305,Beauty,Special,Supplier D,Bengaluru WH,19-02-2025,February,365,151,23,45,176,4293,6964,160172,4.7,14,In Stock,No,448
51193,Product 9553,Beauty,Premium,Supplier E,Hyderabad WH,27-08-2025,August,182,408,397,50,40,8627,8520,3382440,2.9,18,In Stock,Yes,143
51194,Product 9617,Grocery,Standard,Supplier E,Delhi WH,30-07-2025,July,101,404,322,22,34,3565,13910,4479020,3.3,2,In Stock,No,161
51195,Product 1816,Grocery,Basic,Supplier E,Hyderabad WH,28-10-2025,October,409,330,313,42,56,6445,3661,1145893,4,1,Low Stock,No,384
51196,Product 5312,Fashion,Basic,Supplier E,Pune WH,20-10-2025,October,670,351,258,21,140,7760,4315,1113270,2.5,9,In Stock,No,742
51197,Product 5337,Fashion,Basic,Supplier E,Bengaluru WH,04-03-2025,March,975,101,60,12,72,6243,10102,606120,4.4,7,In Stock,No,1004
51198,Product 7430,Beauty,Standard,Supplier D,Mumbai WH,22-07-2025,July,188,124,54,47,130,2837,7342,396468,4.1,18,In Stock,No,211
51199,Product 7995,Fashion,Standard,Supplier C,Bengaluru WH,10-05-2025,May,934,325,394,31,112,7240,13623,5367462,4.9,15,Low Stock,No,834
51200,Product 5208,Grocery,Premium,Supplier A,Pune WH,29-07-2025,July,660,27,563,4,94,628,10818,6090534,2.9,16,In Stock,No,120
51201,Product 3273,Sports,Basic,Supplier E,Hyderabad WH,25-07-2025,July,310,241,65,0,198,8968,12388,805220,3.1,9,Out of Stock,No,486
51202,Product 3702,Home,Premium,Supplier E,Hyderabad WH,14-09-2025,September,323,215,492,40,125,3444,14873,7317516,4.6,9,In Stock,No,6
51203,Product 2130,Electronics,Premium,Supplier E,Mumbai WH,30-04-2025,April,243,447,200,31,32,3955,8670,1734000,4.8,1,In Stock,No,459
51204,Product 2895,Beauty,Special,Supplier C,Bengaluru WH,18-08-2025,August,484,269,547,31,44,2109,8232,4502904,3.6,20,Low Stock,No,175
51205,Product 2760,Grocery,Basic,Supplier A,Bengaluru WH,07-12-2025,December,632,439,181,43,111,1649,11377,2059237,4.8,16,In Stock,No,847
51206,Product 1621,Sports,Basic,Supplier B,Delhi WH,19-07-2025,July,958,478,470,42,152,2957,6697,3147590,3.1,4,Low Stock,No,924
51207,Product 3416,Grocery,Premium,Supplier A,Hyderabad WH,27-07-2025,July,994,236,649,27,137,4056,12476,8096924,4.4,12,In Stock,No,554
51208,Product 1213,Fashion,Premium,Supplier C,Bengaluru WH,10-03-2025,March,791,464,638,19,60,307,9451,6029738,2.6,13,Out of Stock,No,598
51209,Product 8304,Beauty,Basic,Supplier D,Bengaluru WH,27-11-2025,November,895,419,564,40,179,7583,6616,3731424,3.1,13,Out of Stock,No,710
51210,Product 1731,Beauty,Special,Supplier C,Hyderabad WH,04-03-2025,March,54,421,136,20,102,2380,6702,911472,4.4,7,In Stock,Yes,319
51211,Product 4319,Electronics,Standard,Supplier B,Pune WH,22-04-2025,April,601,363,56,13,177,3615,1911,107016,4.9,11,Low Stock,No,895
51212,Product 5907,Home,Basic,Supplier B,Bengaluru WH,29-05-2025,May,155,166,457,16,51,8546,5950,2719150,4.8,16,In Stock,No,-152
51213,Product 7889,Fashion,Standard,Supplier D,Bengaluru WH,03-04-2025,April,205,396,695,26,99,5824,1541,1070995,2.7,8,In Stock,Yes,-120
51214,Product 2872,Fashion,Special,Supplier C,Bengaluru WH,28-11-2025,November,238,374,240,12,56,264,2655,637200,3.4,14,In Stock,Yes,360
51215,Product 6494,Sports,Basic,Supplier A,Delhi WH,08-02-2025,February,133,289,140,8,153,9955,7261,1016540,4.3,2,In Stock,No,274
51216,Product 8095,Sports,Special,Supplier A,Mumbai WH,09-05-2025,May,668,498,555,18,27,7802,14750,8186250,3.9,11,Low Stock,No,593
51217,Product 9479,Beauty,Standard,Supplier B,Bengaluru WH,22-12-2025,December,318,58,335,43,80,8396,3648,1222080,2.8,9,In Stock,No,-2
51218,Product 6542,Fashion,Standard,Supplier B,Mumbai WH,24-09-2025,September,388,260,570,18,199,4962,1144,652080,3.3,20,In Stock,Yes,60
51219,Product 8370,Beauty,Basic,Supplier C,Delhi WH,31-08-2025,August,772,156,430,28,180,8936,3020,1298600,3.8,7,Out of Stock,No,470
51220,Product 1917,Beauty,Premium,Supplier D,Mumbai WH,28-07-2025,July,225,92,219,5,161,9384,1496,327624,4.6,3,In Stock,Yes,93
51221,Product 8392,Electronics,Special,Supplier C,Pune WH,04-07-2025,July,631,413,475,10,126,7771,7245,3441375,4.9,16,Low Stock,No,559
51222,Product 8840,Home,Basic,Supplier A,Hyderabad WH,24-02-2025,February,453,63,222,6,21,722,14388,3194136,3.7,14,Low Stock,No,288
51223,Product 3300,Grocery,Standard,Supplier C,Bengaluru WH,17-09-2025,September,693,371,105,41,69,4207,6350,666750,5,10,Low Stock,Yes,918
51224,Product 2416,Grocery,Standard,Supplier D,Pune WH,22-09-2025,September,372,391,696,40,39,1152,4743,3301128,4.8,1,In Stock,No,27
51225,Product 9296,Electronics,Basic,Supplier E,Pune WH,27-03-2025,March,281,17,545,48,131,1895,6939,3781755,3.3,6,In Stock,Yes,-295
51226,Product 5060,Home,Basic,Supplier B,Mumbai WH,30-07-2025,July,435,197,342,36,188,4082,3129,1070118,4.4,14,In Stock,No,254
51227,Product 2505,Beauty,Standard,Supplier C,Pune WH,18-03-2025,March,782,424,228,42,147,5884,3143,716604,3.8,10,Out of Stock,No,936
51228,Product 5120,Fashion,Standard,Supplier A,Bengaluru WH,18-03-2025,March,83,369,78,38,134,4776,8795,686010,3.4,13,In Stock,No,336
51229,Product 7406,Sports,Premium,Supplier A,Bengaluru WH,17-10-2025,October,231,28,603,32,69,8600,9529,5745987,3.6,17,In Stock,Yes,-376
51230,Product 3463,Grocery,Premium,Supplier B,Pune WH,08-05-2025,May,463,51,33,48,189,1762,14933,492789,3.3,1,Out of Stock,No,433
51231,Product 2911,Fashion,Special,Supplier A,Bengaluru WH,25-09-2025,September,926,178,14,20,166,3111,10915,152810,2.7,9,In Stock,No,1070
51232,Product 1748,Beauty,Special,Supplier B,Delhi WH,26-01-2025,January,169,251,113,0,172,5442,2567,290071,3.6,20,Low Stock,Yes,307
51233,Product 8022,Fashion,Premium,Supplier B,Bengaluru WH,05-04-2025,April,458,319,537,27,164,8278,11185,6006345,4.1,4,Low Stock,No,213
51234,Product 4328,Grocery,Basic,Supplier E,Pune WH,13-02-2025,February,394,123,637,34,148,7153,2167,1380379,3.6,12,Low Stock,No,-154
51235,Product 6472,Home,Premium,Supplier C,Hyderabad WH,02-03-2025,March,733,221,699,12,37,6053,12788,8938812,4.2,3,Low Stock,No,243
51236,Product 4211,Grocery,Premium,Supplier A,Delhi WH,13-10-2025,October,602,495,645,10,157,5391,1151,742395,3.6,14,Low Stock,No,442
51237,Product 6225,Grocery,Premium,Supplier A,Bengaluru WH,21-02-2025,February,35,153,592,33,59,1605,6964,4122688,4.8,1,In Stock,No,-437
51238,Product 2585,Beauty,Basic,Supplier C,Mumbai WH,16-12-2025,December,91,499,296,45,178,8916,10588,3134048,3.5,8,In Stock,No,249
51239,Product 1034,Grocery,Premium,Supplier B,Delhi WH,16-12-2025,December,406,149,512,8,182,332,7656,3919872,4.7,3,Low Stock,Yes,35
51240,Product 7781,Home,Premium,Supplier D,Hyderabad WH,23-06-2025,June,786,307,324,11,153,7029,2145,694980,4.2,7,In Stock,No,758
51241,Product 9909,Beauty,Basic,Supplier D,Bengaluru WH,18-12-2025,December,901,392,686,15,95,1789,6045,4146870,4,2,Low Stock,Yes,592
51242,Product 6708,Fashion,Standard,Supplier B,Delhi WH,19-02-2025,February,63,114,83,43,81,1429,10428,865524,3.6,10,In Stock,No,51
51243,Product 8873,Electronics,Basic,Supplier D,Mumbai WH,23-04-2025,April,509,232,697,40,59,5675,509,354773,3.6,13,In Stock,No,4
51244,Product 3219,Sports,Basic,Supplier C,Hyderabad WH,26-06-2025,June,298,225,38,30,133,7709,186,7068,4.1,17,In Stock,No,455
51245,Product 7953,Electronics,Basic,Supplier E,Mumbai WH,15-06-2025,June,472,170,50,34,178,2884,8637,431850,3.9,12,Low Stock,No,558
51246,Product 8238,Grocery,Special,Supplier C,Hyderabad WH,08-05-2025,May,534,213,18,17,148,5837,1409,25362,2.8,10,In Stock,No,712
51247,Product 9979,Home,Standard,Supplier D,Mumbai WH,03-02-2025,February,422,10,208,42,79,4974,3520,732160,3.2,4,In Stock,No,182
51248,Product 4009,Home,Basic,Supplier C,Pune WH,09-03-2025,March,411,67,73,17,148,8595,1665,121545,4,6,In Stock,Yes,388
51249,Product 1990,Home,Premium,Supplier C,Mumbai WH,10-09-2025,September,251,184,494,9,117,2678,7636,3772184,3.6,17,Out of Stock,No,-68
51250,Product 6198,Home,Special,Supplier A,Delhi WH,05-02-2025,February,955,148,348,29,45,9711,10872,3783456,3,15,In Stock,No,726
51251,Product 7465,Beauty,Special,Supplier D,Delhi WH,09-11-2025,November,543,411,495,40,164,2239,6168,3053160,4.5,20,In Stock,No,419
51252,Product 3964,Beauty,Standard,Supplier B,Hyderabad WH,13-09-2025,September,898,207,615,26,89,9366,12820,7884300,2.5,8,In Stock,No,464
51253,Product 4373,Fashion,Standard,Supplier B,Delhi WH,26-12-2025,December,453,118,479,25,24,911,7739,3706981,3.7,2,Low Stock,No,67
51254,Product 6884,Grocery,Standard,Supplier B,Pune WH,08-09-2025,September,837,328,609,45,147,9512,11086,6751374,2.7,19,Low Stock,No,511
51255,Product 5322,Beauty,Standard,Supplier B,Delhi WH,27-03-2025,March,522,194,145,12,67,8271,6911,1002095,4.8,5,In Stock,No,559
51256,Product 4021,Grocery,Basic,Supplier E,Hyderabad WH,29-04-2025,April,107,32,603,24,78,2277,12686,7649658,3.1,3,In Stock,No,-488
51257,Product 3987,Beauty,Standard,Supplier B,Hyderabad WH,13-08-2025,August,741,359,645,24,171,7920,5491,3541695,4.8,11,Out of Stock,No,431
51258,Product 3896,Electronics,Special,Supplier D,Pune WH,19-03-2025,March,51,205,182,15,86,9087,1922,349804,3.6,11,In Stock,No,59
51259,Product 4970,Beauty,Special,Supplier D,Hyderabad WH,27-04-2025,April,709,221,659,17,42,3069,6033,3975747,3.1,11,In Stock,No,254
51260,Product 9454,Home,Standard,Supplier E,Bengaluru WH,05-08-2025,August,29,115,513,3,104,3797,5371,2755323,3.9,16,In Stock,No,-372
51261,Product 6739,Beauty,Premium,Supplier D,Hyderabad WH,27-10-2025,October,952,284,455,27,180,5489,10384,4724720,4.5,17,Low Stock,No,754
51262,Product 4334,Home,Basic,Supplier D,Pune WH,19-05-2025,May,579,39,52,28,93,7318,3294,171288,3.8,4,In Stock,No,538
51263,Product 5458,Fashion,Premium,Supplier B,Mumbai WH,01-08-2025,August,964,170,434,49,99,4661,2185,948290,4.4,14,In Stock,No,651
51264,Product 6095,Electronics,Premium,Supplier B,Pune WH,03-01-2025,January,441,440,523,19,138,238,7515,3930345,4.9,17,In Stock,No,339
51265,Product 4209,Beauty,Special,Supplier B,Pune WH,29-03-2025,March,463,467,428,35,197,740,13560,5803680,4.7,17,Low Stock,No,467
51266,Product 4628,Electronics,Premium,Supplier D,Mumbai WH,24-11-2025,November,105,60,670,50,148,7302,14290,9574300,2.6,16,In Stock,No,-555
51267,Product 6450,Grocery,Standard,Supplier B,Hyderabad WH,13-03-2025,March,440,454,341,18,40,8339,11711,3993451,3.3,11,Low Stock,Yes,535
51268,Product 5317,Home,Special,Supplier C,Hyderabad WH,13-11-2025,November,937,470,615,50,101,8301,1897,1166655,3.6,7,Out of Stock,No,742
51269,Product 9969,Sports,Premium,Supplier B,Delhi WH,26-11-2025,November,900,416,388,37,183,7325,6613,2565844,4.9,4,In Stock,No,891
51270,Product 6544,Beauty,Standard,Supplier E,Bengaluru WH,25-06-2025,June,607,129,345,27,187,1145,4127,1423815,3.7,12,In Stock,Yes,364
51271,Product 1800,Sports,Premium,Supplier E,Bengaluru WH,31-01-2025,January,944,431,162,3,196,1302,2810,455220,5,10,Out of Stock,No,1210
51272,Product 9191,Electronics,Basic,Supplier C,Mumbai WH,05-07-2025,July,214,475,314,13,102,3129,6662,2091868,4.6,13,Low Stock,No,362
51273,Product 7812,Home,Basic,Supplier B,Delhi WH,02-02-2025,February,297,281,250,14,178,1305,3381,845250,3.9,2,In Stock,No,314
51274,Product 9817,Grocery,Standard,Supplier E,Pune WH,25-06-2025,June,417,406,438,22,144,6989,5382,2357316,3,7,In Stock,No,363
51275,Product 6407,Fashion,Premium,Supplier D,Bengaluru WH,13-11-2025,November,402,445,538,19,77,1669,14973,8055474,4.5,16,Low Stock,No,290
51276,Product 6338,Home,Basic,Supplier A,Pune WH,19-12-2025,December,892,445,262,47,127,5333,2939,770018,3.2,18,Low Stock,Yes,1028
51277,Product 3747,Beauty,Basic,Supplier C,Bengaluru WH,17-04-2025,April,481,163,541,35,155,4077,7547,4082927,3.5,12,In Stock,No,68
51278,Product 6920,Fashion,Standard,Supplier C,Pune WH,13-04-2025,April,488,125,478,1,87,8923,8003,3825434,3,14,In Stock,Yes,134
51279,Product 3770,Beauty,Premium,Supplier C,Mumbai WH,18-02-2025,February,710,35,201,38,45,7594,8906,1790106,2.8,1,Low Stock,No,506
51280,Product 2748,Sports,Basic,Supplier D,Hyderabad WH,10-01-2025,January,687,234,146,0,128,1088,3669,535674,4.4,10,Low Stock,No,775
51281,Product 2812,Electronics,Special,Supplier C,Mumbai WH,02-02-2025,February,416,60,569,50,93,5933,1714,975266,3.4,7,In Stock,No,-143
51282,Product 4322,Sports,Premium,Supplier E,Delhi WH,18-11-2025,November,906,37,108,15,132,3270,7593,820044,3.9,9,In Stock,Yes,820
51283,Product 1729,Home,Premium,Supplier E,Delhi WH,05-08-2025,August,566,498,448,37,188,4147,13173,5901504,4.7,17,In Stock,No,579
51284,Product 7340,Beauty,Basic,Supplier A,Hyderabad WH,09-09-2025,September,234,232,589,37,128,7017,13773,8112297,2.9,9,In Stock,Yes,-160
51285,Product 7374,Beauty,Special,Supplier E,Mumbai WH,25-10-2025,October,633,93,666,32,166,3144,8646,5758236,4.3,12,In Stock,No,28
51286,Product 4082,Electronics,Premium,Supplier B,Pune WH,03-03-2025,March,175,446,471,18,153,6470,2579,1214709,2.8,17,In Stock,No,132
51287,Product 3495,Grocery,Premium,Supplier A,Delhi WH,26-05-2025,May,787,348,190,3,96,6003,9364,1779160,2.6,2,Low Stock,No,942
51288,Product 3436,Home,Premium,Supplier C,Bengaluru WH,09-10-2025,October,451,96,321,48,120,7462,5568,1787328,3,18,In Stock,No,178
51289,Product 5497,Grocery,Basic,Supplier B,Delhi WH,16-08-2025,August,615,456,341,11,117,3255,14845,5062145,2.6,11,Low Stock,No,719
51290,Product 6776,Grocery,Premium,Supplier E,Pune WH,18-10-2025,October,272,258,67,43,43,5264,10311,690837,3,2,In Stock,No,420
51291,Product 8363,Home,Premium,Supplier A,Delhi WH,10-02-2025,February,51,299,664,7,183,90,5369,3565016,2.8,5,In Stock,Yes,-321
51292,Product 2294,Electronics,Standard,Supplier E,Pune WH,17-09-2025,September,194,433,457,5,191,5109,1489,680473,3.5,12,Low Stock,No,165
51293,Product 7453,Electronics,Standard,Supplier B,Bengaluru WH,04-08-2025,August,34,391,244,16,96,7879,9749,2378756,3.1,17,In Stock,No,165
51294,Product 4746,Grocery,Standard,Supplier E,Pune WH,02-06-2025,June,804,137,210,19,186,1625,4448,934080,4.8,12,In Stock,No,712
51295,Product 5634,Home,Special,Supplier C,Bengaluru WH,16-02-2025,February,761,472,173,13,25,8919,12089,2091397,3,10,Low Stock,Yes,1047
51296,Product 3239,Beauty,Basic,Supplier E,Bengaluru WH,27-10-2025,October,827,115,326,7,21,8305,4342,1415492,2.6,10,Low Stock,No,609
51297,Product 8966,Fashion,Premium,Supplier C,Delhi WH,02-01-2025,January,243,132,224,30,108,7019,8214,1839936,4.5,18,In Stock,Yes,121
51298,Product 9233,Fashion,Premium,Supplier B,Hyderabad WH,13-04-2025,April,769,321,248,25,121,9522,4611,1143528,4.6,17,Out of Stock,No,817
51299,Product 5916,Grocery,Basic,Supplier A,Hyderabad WH,29-04-2025,April,878,200,84,24,47,4717,12417,1043028,4,14,In Stock,No,970
51300,Product 6474,Beauty,Premium,Supplier D,Mumbai WH,07-04-2025,April,517,265,668,17,166,99,4801,3207068,3.3,13,In Stock,No,97
51301,Product 1598,Sports,Premium,Supplier D,Bengaluru WH,10-11-2025,November,742,378,190,21,171,3347,2544,483360,4.7,4,In Stock,Yes,909
51302,Product 7086,Home,Premium,Supplier C,Mumbai WH,14-07-2025,July,264,480,244,21,117,330,1238,302072,3.4,19,In Stock,Yes,479
51303,Product 2218,Beauty,Basic,Supplier A,Delhi WH,19-11-2025,November,516,84,350,44,112,3805,7588,2655800,4.2,11,In Stock,No,206
51304,Product 4356,Home,Basic,Supplier A,Mumbai WH,04-11-2025,November,984,422,158,14,132,4355,12200,1927600,4.7,10,In Stock,Yes,1234
51305,Product 1196,Electronics,Special,Supplier C,Mumbai WH,05-06-2025,June,1000,338,693,33,163,1209,12643,8761599,3.9,15,Low Stock,No,612
51306,Product 7025,Home,Special,Supplier B,Delhi WH,11-01-2025,January,874,53,684,10,34,9620,12898,8822232,4.6,11,Out of Stock,No,233
51307,Product 4585,Home,Standard,Supplier D,Pune WH,13-10-2025,October,924,216,279,29,143,398,9954,2777166,4,20,Low Stock,No,832
51308,Product 3067,Grocery,Special,Supplier A,Hyderabad WH,18-04-2025,April,880,107,4,22,116,574,4026,16104,4.7,2,Low Stock,No,961
51309,Product 5974,Electronics,Basic,Supplier D,Bengaluru WH,20-03-2025,March,486,282,625,4,166,4715,10444,6527500,3.2,15,In Stock,No,139
51310,Product 1079,Electronics,Standard,Supplier D,Mumbai WH,29-12-2025,December,806,433,330,5,71,648,10868,3586440,3,12,In Stock,No,904
51311,Product 6857,Electronics,Premium,Supplier B,Delhi WH,12-09-2025,September,68,494,618,10,189,1554,7475,4619550,4.5,14,In Stock,No,-66
51312,Product 7053,Sports,Premium,Supplier A,Mumbai WH,31-12-2025,December,517,63,529,33,55,1154,5113,2704777,2.8,11,Out of Stock,No,18
51313,Product 9149,Grocery,Basic,Supplier B,Pune WH,15-08-2025,August,962,270,64,40,34,4127,2448,156672,4,15,In Stock,Yes,1128
51314,Product 4254,Fashion,Premium,Supplier B,Hyderabad WH,11-02-2025,February,913,278,542,3,129,4164,6971,3778282,4.8,1,In Stock,No,646
51315,Product 9307,Sports,Standard,Supplier B,Delhi WH,08-03-2025,March,520,374,511,18,167,9615,5065,2588215,4,2,Out of Stock,Yes,365
51316,Product 6640,Electronics,Standard,Supplier D,Mumbai WH,09-11-2025,November,514,25,335,36,134,8229,4325,1448875,4.9,11,In Stock,No,168
51317,Product 3086,Fashion,Premium,Supplier C,Pune WH,26-04-2025,April,634,391,451,15,164,6644,360,162360,3.5,19,In Stock,No,559
51318,Product 7965,Grocery,Special,Supplier B,Pune WH,18-11-2025,November,624,267,247,29,71,5082,14183,3503201,3.6,5,In Stock,No,615
51319,Product 8154,Beauty,Special,Supplier D,Bengaluru WH,11-02-2025,February,733,115,45,10,27,4056,7630,343350,4.7,3,In Stock,No,793
51320,Product 1624,Fashion,Premium,Supplier D,Mumbai WH,28-08-2025,August,792,404,380,15,192,1948,10574,4018120,2.7,6,Out of Stock,No,801
51321,Product 1201,Beauty,Basic,Supplier C,Pune WH,14-12-2025,December,223,297,670,14,122,2237,590,395300,3.6,2,In Stock,Yes,-164
51322,Product 7075,Sports,Special,Supplier D,Delhi WH,17-04-2025,April,705,14,472,0,72,7697,6082,2870704,4.3,9,Low Stock,Yes,247
51323,Product 1923,Sports,Premium,Supplier D,Bengaluru WH,15-10-2025,October,452,428,139,40,124,2049,12285,1707615,3.4,15,In Stock,Yes,701
51324,Product 3488,Sports,Premium,Supplier E,Hyderabad WH,01-02-2025,February,268,223,153,38,95,5333,9029,1381437,2.9,3,Low Stock,No,300
51325,Product 4401,Beauty,Special,Supplier D,Hyderabad WH,17-07-2025,July,736,153,576,14,50,5787,322,185472,3.3,17,In Stock,No,299
51326,Product 1428,Electronics,Premium,Supplier D,Pune WH,13-07-2025,July,524,264,309,2,130,4447,10410,3216690,3.5,17,Low Stock,No,477
51327,Product 6143,Fashion,Basic,Supplier B,Delhi WH,16-12-2025,December,474,76,280,1,179,7460,5926,1659280,3.7,14,In Stock,No,269
51328,Product 2268,Grocery,Basic,Supplier A,Hyderabad WH,17-01-2025,January,657,412,629,36,125,2066,4882,3070778,4.4,19,In Stock,Yes,404
51329,Product 6682,Home,Special,Supplier A,Delhi WH,14-07-2025,July,235,459,41,19,54,5595,14834,608194,4,8,Low Stock,Yes,634
51330,Product 5376,Fashion,Basic,Supplier A,Bengaluru WH,01-07-2025,July,513,475,63,1,165,6061,6669,420147,3.7,19,In Stock,No,924
51331,Product 2230,Beauty,Special,Supplier C,Hyderabad WH,10-03-2025,March,949,288,303,25,123,8361,11410,3457230,3,19,In Stock,No,909
51332,Product 3643,Electronics,Premium,Supplier D,Mumbai WH,25-10-2025,October,793,446,581,17,34,4899,1721,999901,3.3,14,In Stock,No,641
51333,Product 2911,Electronics,Special,Supplier C,Delhi WH,02-05-2025,May,461,35,120,41,79,4697,1910,229200,4.6,10,In Stock,No,335
51334,Product 3741,Home,Special,Supplier C,Hyderabad WH,28-12-2025,December,477,367,618,6,194,8009,6568,4059024,2.8,9,In Stock,Yes,220
51335,Product 3711,Beauty,Special,Supplier A,Hyderabad WH,26-04-2025,April,311,82,678,43,128,5738,12681,8597718,3.3,19,In Stock,No,-328
51336,Product 9247,Fashion,Standard,Supplier B,Bengaluru WH,15-06-2025,June,542,157,626,14,168,4808,8276,5180776,4.3,5,In Stock,No,59
51337,Product 6495,Fashion,Premium,Supplier C,Delhi WH,20-07-2025,July,142,304,468,10,125,1503,14152,6623136,4.6,5,Out of Stock,No,-32
51338,Product 6758,Electronics,Standard,Supplier D,Bengaluru WH,09-07-2025,July,369,286,173,45,60,8891,9902,1713046,4.5,9,Low Stock,No,437
51339,Product 7697,Electronics,Standard,Supplier A,Hyderabad WH,01-04-2025,April,444,258,372,25,118,2319,9980,3712560,4.8,14,Low Stock,No,305
51340,Product 9031,Beauty,Standard,Supplier D,Hyderabad WH,12-11-2025,November,790,471,329,48,74,7228,7263,2389527,3.2,14,In Stock,No,884
51341,Product 5061,Grocery,Premium,Supplier D,Delhi WH,14-08-2025,August,330,470,242,46,79,5973,14084,3408328,3.9,15,In Stock,Yes,512
51342,Product 7425,Grocery,Special,Supplier B,Bengaluru WH,10-11-2025,November,423,419,89,24,147,9634,14359,1277951,2.9,18,In Stock,No,729
51343,Product 1096,Electronics,Special,Supplier E,Hyderabad WH,11-11-2025,November,576,17,351,27,41,7247,2682,941382,3.6,8,Low Stock,No,215
51344,Product 9275,Electronics,Basic,Supplier D,Bengaluru WH,28-11-2025,November,639,264,215,3,187,6449,7811,1679365,4.7,2,In Stock,No,685
51345,Product 1897,Grocery,Special,Supplier B,Pune WH,14-04-2025,April,528,219,669,2,119,3429,4343,2905467,3.5,9,Low Stock,No,76
51346,Product 3984,Sports,Basic,Supplier B,Mumbai WH,27-04-2025,April,317,285,597,17,190,3708,6065,3620805,3.8,5,Low Stock,No,-12
51347,Product 6313,Home,Special,Supplier B,Pune WH,02-04-2025,April,300,48,197,21,197,758,7587,1494639,3.1,15,In Stock,No,130
51348,Product 2848,Electronics,Standard,Supplier B,Mumbai WH,09-03-2025,March,171,67,441,20,118,3331,6354,2802114,3.9,10,Out of Stock,No,-223
51349,Product 7545,Fashion,Basic,Supplier B,Pune WH,11-07-2025,July,541,361,394,8,126,196,4364,1719416,4.9,18,In Stock,No,500
51350,Product 2930,Grocery,Standard,Supplier B,Pune WH,05-06-2025,June,63,448,335,47,61,278,9826,3291710,3.1,20,In Stock,No,129
51351,Product 7666,Sports,Standard,Supplier D,Bengaluru WH,17-06-2025,June,124,235,214,41,98,7416,10818,2315052,3.5,13,In Stock,No,104
51352,Product 8246,Beauty,Standard,Supplier C,Mumbai WH,30-01-2025,January,996,78,152,30,30,7285,2088,317376,4.4,17,Low Stock,No,892
51353,Product 9112,Sports,Special,Supplier B,Mumbai WH,19-10-2025,October,543,94,445,29,161,5194,12145,5404525,3.9,2,In Stock,Yes,163
51354,Product 5217,Fashion,Standard,Supplier E,Hyderabad WH,28-04-2025,April,491,445,575,45,25,7536,12792,7355400,3.7,16,In Stock,No,316
51355,Product 8161,Sports,Special,Supplier A,Bengaluru WH,11-06-2025,June,370,324,104,14,167,9020,9723,1011192,3.9,5,In Stock,Yes,576
51356,Product 1588,Sports,Standard,Supplier C,Mumbai WH,24-02-2025,February,613,486,485,30,39,1762,2072,1004920,3.2,19,In Stock,No,584
51357,Product 8990,Grocery,Premium,Supplier B,Bengaluru WH,30-06-2025,June,247,192,279,33,163,8432,10559,2945961,3.5,8,Low Stock,No,127
51358,Product 9626,Sports,Special,Supplier B,Mumbai WH,19-06-2025,June,358,159,334,17,89,822,10938,3653292,4.5,2,In Stock,Yes,166
51359,Product 7708,Beauty,Basic,Supplier E,Bengaluru WH,15-01-2025,January,136,341,237,13,129,9455,9770,2315490,2.9,9,Out of Stock,Yes,227
51360,Product 7931,Grocery,Basic,Supplier B,Delhi WH,25-07-2025,July,285,297,63,34,43,9323,1246,78498,3.4,3,Out of Stock,Yes,485
51361,Product 8973,Electronics,Premium,Supplier C,Bengaluru WH,09-10-2025,October,668,491,427,17,109,6092,11621,4962167,4.1,14,In Stock,No,715
51362,Product 9823,Home,Special,Supplier C,Mumbai WH,03-08-2025,August,516,297,166,29,156,2835,2073,344118,3,12,In Stock,Yes,618
51363,Product 9081,Beauty,Standard,Supplier E,Mumbai WH,22-09-2025,September,823,225,316,46,197,6113,10759,3399844,4.9,7,In Stock,No,686
51364,Product 1050,Sports,Standard,Supplier C,Hyderabad WH,11-11-2025,November,58,61,485,29,98,2886,2748,1332780,3.9,11,In Stock,No,-395
51365,Product 1361,Sports,Basic,Supplier D,Bengaluru WH,22-08-2025,August,441,250,473,19,173,2485,2782,1315886,2.6,5,In Stock,No,199
51366,Product 7848,Home,Basic,Supplier C,Bengaluru WH,05-10-2025,October,136,83,422,42,117,1234,13040,5502880,2.8,9,Out of Stock,No,-245
51367,Product 9937,Grocery,Premium,Supplier E,Pune WH,17-08-2025,August,779,76,576,14,43,6996,306,176256,4.8,6,In Stock,No,265
51368,Product 2531,Electronics,Basic,Supplier A,Delhi WH,16-07-2025,July,797,440,135,30,111,5014,14668,1980180,3.9,13,In Stock,No,1072
51369,Product 4158,Fashion,Special,Supplier B,Hyderabad WH,12-03-2025,March,514,139,103,41,197,4868,4274,440222,3.9,2,In Stock,No,509
51370,Product 1558,Fashion,Standard,Supplier A,Delhi WH,27-03-2025,March,795,495,269,46,60,9395,782,210358,3.2,7,In Stock,No,975
51371,Product 4332,Beauty,Special,Supplier D,Delhi WH,05-05-2025,May,805,221,42,18,22,796,3812,160104,4.9,18,In Stock,No,966
51372,Product 1926,Beauty,Basic,Supplier C,Mumbai WH,19-09-2025,September,351,476,620,29,170,6464,13095,8118900,2.9,13,In Stock,No,178
51373,Product 9685,Grocery,Standard,Supplier E,Pune WH,07-01-2025,January,271,357,288,27,96,6166,7056,2032128,3.5,8,Out of Stock,No,313
51374,Product 6974,Electronics,Standard,Supplier E,Hyderabad WH,06-10-2025,October,846,354,505,39,173,1787,8158,4119790,4.6,1,In Stock,No,656
51375,Product 2367,Grocery,Premium,Supplier E,Delhi WH,21-08-2025,August,102,20,131,10,179,4041,10348,1355588,2.7,2,In Stock,No,-19
51376,Product 4196,Grocery,Standard,Supplier E,Bengaluru WH,28-11-2025,November,358,12,681,19,50,3851,4308,2933748,4.8,13,In Stock,No,-330
51377,Product 2505,Fashion,Standard,Supplier D,Mumbai WH,02-03-2025,March,565,275,125,9,61,1736,7997,999625,3.1,5,In Stock,No,706
51378,Product 5544,Grocery,Special,Supplier E,Bengaluru WH,28-09-2025,September,932,123,638,25,195,9599,5648,3603424,4.8,2,In Stock,Yes,392
51379,Product 7717,Grocery,Special,Supplier C,Hyderabad WH,05-11-2025,November,179,323,163,14,87,1800,13310,2169530,4.6,18,In Stock,No,325
51380,Product 6224,Home,Standard,Supplier B,Mumbai WH,06-08-2025,August,429,116,695,43,121,5300,14554,10115030,2.6,12,In Stock,No,-193
51381,Product 9324,Fashion,Basic,Supplier D,Mumbai WH,10-03-2025,March,367,290,389,32,115,5739,4460,1734940,4.6,10,In Stock,No,236
51382,Product 9493,Home,Premium,Supplier C,Mumbai WH,05-12-2025,December,152,219,246,1,86,1193,7018,1726428,3.6,12,In Stock,No,124
51383,Product 9583,Electronics,Special,Supplier C,Hyderabad WH,25-11-2025,November,90,264,32,44,43,9890,9892,316544,2.7,10,Low Stock,No,278
51384,Product 3341,Sports,Special,Supplier B,Delhi WH,11-01-2025,January,204,498,203,5,110,5762,6182,1254946,3.3,1,In Stock,No,494
51385,Product 5334,Beauty,Basic,Supplier D,Hyderabad WH,18-09-2025,September,624,2,553,47,101,8944,1514,837242,3.3,12,Low Stock,No,26
51386,Product 6221,Beauty,Premium,Supplier C,Pune WH,18-06-2025,June,745,366,197,4,62,4045,5467,1076999,2.5,6,In Stock,No,910
51387,Product 3783,Fashion,Special,Supplier C,Bengaluru WH,22-05-2025,May,902,166,164,7,73,8886,8852,1451728,3.5,17,Low Stock,No,897
51388,Product 8987,Sports,Standard,Supplier D,Delhi WH,24-12-2025,December,809,53,627,9,92,6138,113,70851,4.7,19,In Stock,Yes,226
51389,Product 2837,Beauty,Basic,Supplier E,Delhi WH,14-04-2025,April,82,342,27,18,75,7069,3187,86049,4.1,18,Low Stock,Yes,379
51390,Product 2160,Fashion,Basic,Supplier E,Delhi WH,11-05-2025,May,291,380,667,15,80,1371,5755,3838585,4.1,5,Low Stock,No,-11
51391,Product 6158,Beauty,Special,Supplier E,Mumbai WH,15-01-2025,January,926,283,51,36,155,8271,1020,52020,3.9,1,In Stock,No,1122
51392,Product 1806,Grocery,Standard,Supplier A,Bengaluru WH,11-01-2025,January,332,247,226,3,155,1308,357,80682,4.1,8,In Stock,No,350
51393,Product 1130,Sports,Special,Supplier A,Bengaluru WH,09-03-2025,March,811,82,403,2,188,6539,14835,5978505,2.7,4,In Stock,No,488
51394,Product 1713,Fashion,Basic,Supplier D,Pune WH,01-06-2025,June,590,171,217,2,157,4368,14477,3141509,2.8,6,Out of Stock,No,542
51395,Product 5598,Fashion,Premium,Supplier E,Pune WH,15-10-2025,October,800,64,402,0,152,9233,11299,4542198,3.9,16,In Stock,Yes,462
51396,Product 4347,Grocery,Premium,Supplier E,Delhi WH,07-10-2025,October,240,24,396,42,53,3162,9480,3754080,2.8,15,In Stock,No,-174
51397,Product 9755,Grocery,Basic,Supplier B,Hyderabad WH,06-03-2025,March,486,191,490,34,124,7462,12315,6034350,3.9,4,In Stock,No,153
51398,Product 9893,Beauty,Standard,Supplier E,Mumbai WH,06-02-2025,February,150,488,100,7,189,4358,14942,1494200,4.6,12,Low Stock,No,531
51399,Product 4455,Home,Special,Supplier D,Delhi WH,26-08-2025,August,832,435,150,44,140,6380,2696,404400,4.4,12,In Stock,No,1073
51400,Product 4673,Home,Premium,Supplier C,Pune WH,04-08-2025,August,327,270,50,18,160,8432,8216,410800,4,7,In Stock,No,529
51401,Product 9721,Grocery,Basic,Supplier C,Pune WH,08-07-2025,July,652,120,306,20,160,5452,1363,417078,2.9,5,In Stock,No,446
51402,Product 5045,Home,Premium,Supplier A,Hyderabad WH,16-04-2025,April,346,10,146,21,78,416,10341,1509786,3,3,In Stock,No,189
51403,Product 7015,Home,Basic,Supplier C,Delhi WH,09-08-2025,August,268,291,505,23,97,4935,5612,2834060,3,9,Low Stock,Yes,31
51404,Product 6772,Sports,Premium,Supplier B,Bengaluru WH,10-06-2025,June,882,73,319,18,132,5846,14663,4677497,4.1,17,In Stock,Yes,618
51405,Product 4054,Electronics,Standard,Supplier C,Mumbai WH,09-11-2025,November,820,382,423,30,197,9604,5692,2407716,3.6,8,In Stock,No,749
51406,Product 9734,Sports,Standard,Supplier C,Pune WH,20-07-2025,July,850,175,572,15,192,6288,13561,7756892,4.2,16,In Stock,Yes,438
51407,Product 4613,Grocery,Special,Supplier D,Hyderabad WH,02-10-2025,October,173,368,626,2,23,8291,3780,2366280,3.7,6,In Stock,No,-87
51408,Product 3677,Fashion,Special,Supplier B,Hyderabad WH,10-06-2025,June,961,382,17,30,64,4787,4126,70142,4.1,19,In Stock,Yes,1296
51409,Product 3038,Grocery,Standard,Supplier B,Hyderabad WH,29-11-2025,November,285,456,681,16,86,9215,5486,3735966,3.6,5,In Stock,Yes,44
51410,Product 7608,Sports,Premium,Supplier B,Delhi WH,24-11-2025,November,335,220,399,38,167,7781,3022,1205778,2.6,1,In Stock,No,118
51411,Product 7309,Beauty,Special,Supplier B,Pune WH,05-11-2025,November,964,332,340,25,143,3972,12253,4166020,3.8,12,Low Stock,No,931
51412,Product 5362,Grocery,Basic,Supplier A,Pune WH,31-08-2025,August,606,179,166,13,81,5804,8330,1382780,4.3,19,Low Stock,No,606
51413,Product 7815,Electronics,Special,Supplier B,Mumbai WH,29-07-2025,July,595,79,493,18,149,9550,6707,3306551,4.2,4,Low Stock,No,163
51414,Product 6815,Grocery,Standard,Supplier E,Mumbai WH,23-06-2025,June,790,436,175,48,151,1243,2143,375025,3.9,19,In Stock,Yes,1003
51415,Product 9229,Beauty,Premium,Supplier C,Mumbai WH,24-04-2025,April,784,142,424,43,73,3850,8829,3743496,2.8,10,In Stock,No,459
51416,Product 8366,Home,Basic,Supplier C,Bengaluru WH,28-10-2025,October,260,418,555,46,108,4491,10894,6046170,3.2,1,In Stock,Yes,77
51417,Product 5664,Grocery,Standard,Supplier A,Delhi WH,23-04-2025,April,259,254,113,15,181,664,10800,1220400,4.3,5,In Stock,No,385
51418,Product 6819,Electronics,Standard,Supplier B,Delhi WH,18-04-2025,April,968,314,502,38,72,9874,923,463346,3,13,Low Stock,Yes,742
51419,Product 5918,Home,Premium,Supplier E,Pune WH,14-04-2025,April,575,134,329,38,126,3508,6725,2212525,4.8,9,Low Stock,Yes,342
51420,Product 1151,Electronics,Special,Supplier E,Mumbai WH,24-06-2025,June,643,12,674,46,84,2603,7181,4839994,3.9,13,Low Stock,No,-65
51421,Product 1525,Electronics,Standard,Supplier E,Delhi WH,10-02-2025,February,586,320,381,8,37,9497,466,177546,3.7,19,In Stock,Yes,517
51422,Product 3304,Fashion,Standard,Supplier A,Hyderabad WH,04-01-2025,January,959,50,427,43,20,9696,1840,785680,2.6,9,In Stock,Yes,539
51423,Product 4357,Home,Basic,Supplier B,Delhi WH,29-12-2025,December,557,290,655,10,141,9479,8824,5779720,4.4,13,In Stock,No,182
51424,Product 1543,Grocery,Special,Supplier C,Delhi WH,22-11-2025,November,679,368,239,9,120,8248,5396,1289644,2.9,5,In Stock,No,799
51425,Product 2472,Beauty,Standard,Supplier A,Hyderabad WH,21-05-2025,May,57,26,4,40,133,5011,7194,28776,4.8,9,Low Stock,Yes,39
51426,Product 6533,Electronics,Standard,Supplier C,Pune WH,05-07-2025,July,891,107,480,10,114,149,12410,5956800,4.8,5,In Stock,No,508
51427,Product 5940,Home,Special,Supplier A,Delhi WH,27-01-2025,January,304,338,301,46,30,1560,13512,4067112,4.7,2,In Stock,No,295
51428,Product 8364,Grocery,Special,Supplier A,Mumbai WH,28-06-2025,June,759,24,194,14,78,7791,14340,2781960,4.5,4,In Stock,No,575
51429,Product 4072,Home,Special,Supplier A,Bengaluru WH,21-04-2025,April,859,411,440,9,189,3662,5366,2361040,3.4,15,In Stock,Yes,821
51430,Product 7874,Electronics,Basic,Supplier A,Delhi WH,05-05-2025,May,849,175,654,42,90,5246,9084,5940936,3.8,20,Out of Stock,No,328
51431,Product 9341,Beauty,Special,Supplier B,Hyderabad WH,11-02-2025,February,172,192,477,26,144,7609,7266,3465882,4.7,17,In Stock,No,-139
51432,Product 3680,Grocery,Basic,Supplier C,Bengaluru WH,06-11-2025,November,221,470,373,14,143,8988,7271,2712083,3.4,12,Low Stock,No,304
51433,Product 1207,Fashion,Special,Supplier C,Mumbai WH,22-11-2025,November,224,497,521,9,166,5600,10033,5227193,3.4,6,Out of Stock,No,191
51434,Product 8947,Home,Premium,Supplier E,Mumbai WH,17-06-2025,June,339,302,477,36,22,1364,9421,4493817,4.2,10,In Stock,Yes,128
51435,Product 1364,Fashion,Special,Supplier B,Bengaluru WH,07-11-2025,November,673,162,160,29,146,8685,9201,1472160,4.2,19,In Stock,No,646
51436,Product 3254,Grocery,Basic,Supplier A,Delhi WH,12-01-2025,January,296,152,134,50,41,807,7589,1016926,4.6,9,Low Stock,No,264
51437,Product 9589,Fashion,Standard,Supplier C,Pune WH,11-10-2025,October,190,305,150,27,181,983,11416,1712400,3.6,1,In Stock,No,318
51438,Product 5857,Fashion,Special,Supplier A,Bengaluru WH,18-03-2025,March,734,375,189,45,31,3161,1706,322434,3,11,Low Stock,Yes,875
51439,Product 4128,Home,Standard,Supplier C,Bengaluru WH,17-07-2025,July,227,217,573,45,51,6888,7322,4195506,4.3,4,Low Stock,No,-174
51440,Product 9149,Grocery,Standard,Supplier C,Pune WH,16-03-2025,March,156,172,294,38,119,6919,2965,871710,3.4,10,In Stock,No,-4
51441,Product 9352,Fashion,Standard,Supplier D,Hyderabad WH,29-09-2025,September,805,235,28,10,33,4444,681,19068,3.5,20,In Stock,No,1002
51442,Product 2578,Grocery,Standard,Supplier C,Mumbai WH,03-05-2025,May,136,233,496,23,178,9276,10825,5369200,3.8,12,In Stock,No,-150
51443,Product 6577,Home,Premium,Supplier C,Hyderabad WH,04-08-2025,August,776,183,35,46,73,2514,3283,114905,4.7,13,In Stock,No,878
51444,Product 7303,Home,Standard,Supplier B,Mumbai WH,24-08-2025,August,992,316,343,9,156,2044,12824,4398632,2.7,17,In Stock,No,956
51445,Product 4905,Electronics,Premium,Supplier B,Hyderabad WH,14-12-2025,December,338,109,661,48,156,941,14543,9612923,4.2,7,Out of Stock,No,-262
51446,Product 8034,Home,Special,Supplier E,Delhi WH,21-06-2025,June,820,138,413,47,149,7260,12697,5243861,4.6,20,In Stock,No,498
51447,Product 1740,Fashion,Basic,Supplier D,Mumbai WH,25-07-2025,July,386,57,98,6,138,7886,13592,1332016,4.5,13,In Stock,No,339
51448,Product 1640,Sports,Basic,Supplier D,Hyderabad WH,25-01-2025,January,256,98,607,16,132,8305,1827,1108989,3,7,In Stock,No,-269
51449,Product 1229,Beauty,Basic,Supplier C,Delhi WH,27-08-2025,August,550,255,77,9,129,2769,2166,166782,3.4,4,In Stock,No,719
51450,Product 8349,Grocery,Standard,Supplier C,Mumbai WH,08-07-2025,July,315,41,485,24,64,2008,7968,3864480,3,8,In Stock,Yes,-153
51451,Product 9128,Home,Standard,Supplier A,Mumbai WH,02-07-2025,July,210,273,97,7,29,5326,1095,106215,3.9,11,In Stock,No,379
51452,Product 3314,Grocery,Premium,Supplier B,Pune WH,01-10-2025,October,143,66,21,1,102,8381,4821,101241,3.9,20,In Stock,No,187
51453,Product 3037,Home,Special,Supplier E,Mumbai WH,07-10-2025,October,465,1,190,25,178,8708,2788,529720,3.4,12,In Stock,Yes,251
51454,Product 7009,Fashion,Premium,Supplier E,Bengaluru WH,01-09-2025,September,511,220,275,17,171,6947,8274,2275350,4.5,18,In Stock,No,439
51455,Product 2082,Sports,Standard,Supplier B,Delhi WH,31-01-2025,January,521,226,689,12,158,5275,112,77168,4,13,Low Stock,No,46
51456,Product 1637,Sports,Basic,Supplier D,Pune WH,09-08-2025,August,803,151,267,32,68,1919,7031,1877277,2.6,3,In Stock,No,655
51457,Product 5109,Fashion,Special,Supplier B,Pune WH,23-10-2025,October,459,205,360,30,55,4394,10526,3789360,2.9,19,Low Stock,No,274
51458,Product 4781,Fashion,Special,Supplier D,Mumbai WH,07-09-2025,September,568,74,490,31,69,9347,6308,3090920,2.5,3,In Stock,No,121
51459,Product 7260,Fashion,Basic,Supplier E,Delhi WH,13-10-2025,October,402,274,105,33,80,6416,9281,974505,2.9,6,In Stock,Yes,538
51460,Product 7612,Sports,Standard,Supplier C,Pune WH,13-02-2025,February,621,42,117,34,138,2150,4588,536796,4.8,1,Low Stock,No,512
51461,Product 3000,Electronics,Standard,Supplier A,Bengaluru WH,20-05-2025,May,581,295,41,5,123,4189,14117,578797,4.5,9,Low Stock,No,830
51462,Product 9107,Sports,Basic,Supplier D,Hyderabad WH,14-05-2025,May,604,45,236,11,140,6483,12475,2944100,4,12,In Stock,No,402
51463,Product 1456,Electronics,Basic,Supplier D,Bengaluru WH,02-11-2025,November,973,147,387,15,182,8039,4052,1568124,3.6,7,Low Stock,No,718
51464,Product 7239,Beauty,Basic,Supplier E,Pune WH,07-02-2025,February,621,247,203,25,119,2002,4412,895636,4.9,15,In Stock,No,640
51465,Product 9966,Grocery,Premium,Supplier A,Hyderabad WH,26-04-2025,April,854,99,671,36,117,3997,5112,3430152,3.1,19,In Stock,No,246
51466,Product 7821,Electronics,Premium,Supplier A,Hyderabad WH,22-12-2025,December,364,173,524,20,147,2868,7888,4133312,4.7,3,Out of Stock,No,-7
51467,Product 4392,Grocery,Special,Supplier C,Delhi WH,24-04-2025,April,414,56,377,9,58,5913,3875,1460875,4.3,9,In Stock,Yes,84
51468,Product 2081,Grocery,Standard,Supplier C,Bengaluru WH,15-11-2025,November,818,18,586,27,31,9021,14062,8240332,3.4,12,In Stock,Yes,223
51469,Product 3234,Beauty,Standard,Supplier D,Mumbai WH,14-06-2025,June,382,172,161,5,120,7346,5404,870044,3.3,19,Low Stock,No,388
51470,Product 7564,Grocery,Premium,Supplier D,Pune WH,20-01-2025,January,133,201,420,41,152,3773,3337,1401540,4,7,In Stock,No,-127
51471,Product 8072,Fashion,Basic,Supplier A,Hyderabad WH,23-06-2025,June,149,183,357,16,107,9775,13623,4863411,4.1,6,In Stock,No,-41
51472,Product 2031,Grocery,Premium,Supplier B,Delhi WH,27-01-2025,January,832,241,439,34,73,3094,7028,3085292,3.6,19,In Stock,No,600
51473,Product 5989,Sports,Standard,Supplier A,Delhi WH,02-05-2025,May,277,146,197,45,67,4656,780,153660,2.5,3,Low Stock,Yes,181
51474,Product 6013,Grocery,Premium,Supplier E,Hyderabad WH,22-06-2025,June,988,248,504,14,170,2897,12592,6346368,3.3,19,Out of Stock,No,718
51475,Product 6640,Beauty,Special,Supplier E,Hyderabad WH,25-10-2025,October,320,48,620,28,101,1637,6474,4013880,3,15,Out of Stock,Yes,-280
51476,Product 1379,Beauty,Basic,Supplier A,Bengaluru WH,16-01-2025,January,192,109,489,24,124,4927,3777,1846953,3.2,7,In Stock,Yes,-212
51477,Product 2943,Sports,Basic,Supplier D,Pune WH,14-10-2025,October,943,53,363,33,176,5695,6442,2338446,4.4,5,Low Stock,Yes,600
51478,Product 3453,Sports,Standard,Supplier B,Mumbai WH,06-02-2025,February,299,151,305,3,40,6858,14753,4499665,4.8,4,In Stock,No,142
51479,Product 4787,Electronics,Special,Supplier D,Hyderabad WH,20-09-2025,September,943,340,567,9,156,4300,3195,1811565,3.4,14,In Stock,Yes,707
51480,Product 8921,Grocery,Premium,Supplier B,Mumbai WH,23-11-2025,November,26,278,679,39,101,797,477,323883,4,5,Out of Stock,No,-414
51481,Product 7356,Sports,Special,Supplier C,Hyderabad WH,13-09-2025,September,979,61,387,19,106,3390,14960,5789520,4.5,5,In Stock,No,634
51482,Product 9263,Fashion,Special,Supplier D,Delhi WH,16-07-2025,July,769,83,477,18,91,1074,9748,4649796,4.8,13,In Stock,No,357
51483,Product 3668,Electronics,Basic,Supplier A,Mumbai WH,18-01-2025,January,168,231,353,42,142,7118,1527,539031,3.3,15,In Stock,No,4
51484,Product 8604,Sports,Basic,Supplier E,Mumbai WH,25-09-2025,September,275,391,592,21,80,2167,317,187664,4.8,7,In Stock,No,53
51485,Product 8056,Beauty,Premium,Supplier A,Hyderabad WH,26-04-2025,April,396,343,95,23,40,5657,13615,1293425,2.6,9,In Stock,No,621
51486,Product 1560,Electronics,Basic,Supplier E,Bengaluru WH,17-07-2025,July,608,151,396,21,194,7911,6836,2707056,4.3,12,Low Stock,No,342
51487,Product 4184,Home,Basic,Supplier E,Bengaluru WH,20-11-2025,November,559,223,517,49,125,3988,2885,1491545,3.8,5,Low Stock,No,216
51488,Product 8534,Electronics,Standard,Supplier C,Bengaluru WH,08-12-2025,December,859,273,510,33,170,3025,6650,3391500,3.9,3,Low Stock,No,589
51489,Product 6220,Grocery,Premium,Supplier E,Delhi WH,02-09-2025,September,98,327,368,5,31,1051,518,190624,4.1,17,In Stock,No,52
51490,Product 6125,Electronics,Basic,Supplier B,Hyderabad WH,15-11-2025,November,791,345,162,18,109,2198,12794,2072628,3.4,17,In Stock,No,956
51491,Product 6561,Fashion,Standard,Supplier B,Mumbai WH,20-04-2025,April,843,145,404,30,41,448,11514,4651656,4.1,5,In Stock,No,554
51492,Product 2536,Home,Premium,Supplier D,Pune WH,23-07-2025,July,210,183,639,14,118,3577,9249,5910111,4.3,1,Low Stock,No,-260
51493,Product 3099,Beauty,Standard,Supplier B,Mumbai WH,18-03-2025,March,593,10,3,8,104,2356,728,2184,5,20,Low Stock,No,592
51494,Product 7650,Beauty,Special,Supplier C,Pune WH,22-08-2025,August,787,293,91,11,149,2806,8910,810810,4.2,15,In Stock,No,978
51495,Product 1975,Beauty,Special,Supplier C,Mumbai WH,11-11-2025,November,563,295,96,46,173,4456,8913,855648,4.8,2,Low Stock,Yes,716
51496,Product 6235,Grocery,Premium,Supplier C,Pune WH,02-08-2025,August,831,253,592,9,139,6249,10615,6284080,3.6,3,Low Stock,Yes,483
51497,Product 1499,Home,Basic,Supplier C,Mumbai WH,24-01-2025,January,712,123,347,8,177,5824,10478,3635866,2.9,4,Out of Stock,No,480
51498,Product 2707,Home,Basic,Supplier D,Delhi WH,13-02-2025,February,912,5,391,47,63,1904,6176,2414816,4,6,In Stock,No,479
51499,Product 8943,Beauty,Basic,Supplier A,Pune WH,30-07-2025,July,512,352,431,37,191,4661,5203,2242493,3.4,3,In Stock,No,396
51500,Product 7463,Home,Basic,Supplier C,Delhi WH,12-07-2025,July,169,171,488,10,101,957,9803,4783864,3.6,14,Out of Stock,No,-158
51501,Product 2127,Beauty,Premium,Supplier A,Pune WH,04-11-2025,November,106,375,570,23,155,8657,6193,3530010,4.8,4,In Stock,No,-112
51502,Product 7239,Fashion,Premium,Supplier D,Delhi WH,13-08-2025,August,105,42,119,27,129,9368,7551,898569,4.3,5,Low Stock,No,1
51503,Product 3909,Electronics,Basic,Supplier C,Mumbai WH,05-04-2025,April,277,103,135,34,113,1739,1761,237735,4.7,13,Out of Stock,Yes,211
51504,Product 8299,Beauty,Premium,Supplier B,Bengaluru WH,18-10-2025,October,111,351,275,16,106,5063,13613,3743575,4.6,7,Low Stock,Yes,171
51505,Product 3103,Fashion,Basic,Supplier B,Pune WH,05-02-2025,February,946,284,244,42,141,1944,9804,2392176,4.3,3,Low Stock,No,944
51506,Product 1653,Beauty,Standard,Supplier B,Mumbai WH,15-09-2025,September,441,191,458,2,27,7930,779,356782,3.4,9,Low Stock,No,172
51507,Product 4863,Electronics,Premium,Supplier B,Mumbai WH,28-09-2025,September,250,258,616,13,165,930,126,77616,4.2,18,Low Stock,No,-121
51508,Product 7220,Home,Basic,Supplier C,Bengaluru WH,12-02-2025,February,661,239,438,50,99,7128,13145,5757510,4.7,17,Low Stock,No,412
51509,Product 7509,Fashion,Special,Supplier B,Mumbai WH,22-05-2025,May,269,306,230,30,88,6982,5858,1347340,2.8,18,Low Stock,No,315
51510,Product 2949,Fashion,Special,Supplier B,Delhi WH,22-11-2025,November,427,130,140,7,177,120,2409,337260,3.1,20,Low Stock,Yes,410
51511,Product 7655,Home,Standard,Supplier D,Hyderabad WH,30-05-2025,May,102,498,223,33,197,3264,14020,3126460,3.9,3,Low Stock,No,344
51512,Product 9950,Sports,Standard,Supplier A,Delhi WH,20-01-2025,January,993,447,483,20,191,4531,8168,3945144,2.5,10,In Stock,No,937
51513,Product 1535,Electronics,Special,Supplier B,Hyderabad WH,09-03-2025,March,839,166,15,13,109,4655,10821,162315,3.9,9,In Stock,No,977
51514,Product 1184,Electronics,Basic,Supplier D,Delhi WH,30-04-2025,April,994,496,111,48,100,5284,10659,1183149,3,13,Low Stock,No,1331
51515,Product 2430,Electronics,Premium,Supplier E,Pune WH,17-04-2025,April,494,358,625,26,63,5185,6822,4263750,3.8,6,Low Stock,No,201
51516,Product 4323,Electronics,Basic,Supplier E,Hyderabad WH,28-03-2025,March,427,306,35,14,194,4187,11864,415240,4.2,14,Low Stock,No,684
51517,Product 1308,Fashion,Special,Supplier A,Mumbai WH,05-01-2025,January,157,389,125,13,46,8595,1065,133125,2.7,16,In Stock,No,408
51518,Product 5249,Fashion,Premium,Supplier C,Bengaluru WH,27-01-2025,January,280,341,401,46,150,7219,2380,954380,3.6,4,In Stock,Yes,174
51519,Product 5337,Sports,Premium,Supplier E,Mumbai WH,31-07-2025,July,605,98,132,22,41,7603,9008,1189056,3.5,1,In Stock,No,549
51520,Product 3670,Home,Premium,Supplier B,Bengaluru WH,02-04-2025,April,699,179,384,13,50,8136,9351,3590784,2.6,16,In Stock,Yes,481
51521,Product 6135,Beauty,Special,Supplier B,Hyderabad WH,10-08-2025,August,840,425,421,14,34,1125,5786,2435906,4.8,18,In Stock,No,830
51522,Product 9236,Grocery,Premium,Supplier A,Bengaluru WH,04-12-2025,December,325,90,355,47,76,4182,11274,4002270,3.2,16,Low Stock,No,13
51523,Product 4639,Home,Basic,Supplier B,Pune WH,30-10-2025,October,500,380,241,9,83,6858,840,202440,2.5,13,Out of Stock,No,630
51524,Product 4123,Beauty,Basic,Supplier A,Hyderabad WH,15-10-2025,October,243,429,2,17,154,5039,11556,23112,2.5,20,In Stock,No,653
51525,Product 9657,Sports,Premium,Supplier B,Mumbai WH,08-05-2025,May,169,431,632,2,111,7011,8810,5567920,2.5,5,Low Stock,Yes,-34
51526,Product 8979,Grocery,Standard,Supplier A,Mumbai WH,28-11-2025,November,628,246,637,21,88,1603,6196,3946852,2.9,15,Low Stock,No,216
51527,Product 2945,Fashion,Basic,Supplier C,Bengaluru WH,13-08-2025,August,508,379,607,45,189,2806,4040,2452280,4.3,11,In Stock,No,235
51528,Product 9450,Electronics,Basic,Supplier E,Delhi WH,31-01-2025,January,451,328,129,46,149,4898,7139,920931,3.1,12,Low Stock,No,604
51529,Product 5326,Beauty,Premium,Supplier D,Bengaluru WH,23-05-2025,May,200,142,675,2,177,4723,14926,10075050,2.5,14,In Stock,No,-335
51530,Product 7429,Grocery,Premium,Supplier E,Pune WH,30-11-2025,November,600,398,445,49,112,8799,1101,489945,4.3,4,Low Stock,No,504
51531,Product 2194,Beauty,Premium,Supplier C,Delhi WH,10-11-2025,November,263,206,224,29,163,2674,5989,1341536,3,13,In Stock,No,216
51532,Product 1004,Electronics,Premium,Supplier B,Delhi WH,26-08-2025,August,240,286,198,8,150,4302,10145,2008710,3.9,12,Low Stock,No,320
51533,Product 9789,Grocery,Special,Supplier D,Pune WH,20-11-2025,November,915,360,73,7,115,8332,14759,1077407,3,4,In Stock,No,1195
51534,Product 2873,Grocery,Standard,Supplier C,Bengaluru WH,01-11-2025,November,540,359,231,41,136,7467,1485,343035,2.8,17,In Stock,Yes,627
51535,Product 9524,Grocery,Special,Supplier D,Delhi WH,26-07-2025,July,54,206,32,43,174,2476,3120,99840,4.3,12,In Stock,Yes,185
51536,Product 2796,Home,Standard,Supplier E,Delhi WH,19-01-2025,January,391,322,614,27,30,371,2038,1251332,3.2,14,Out of Stock,Yes,72
51537,Product 2624,Sports,Special,Supplier B,Hyderabad WH,03-11-2025,November,287,105,70,31,56,1070,1538,107660,3.2,16,Out of Stock,Yes,291
51538,Product 6542,Electronics,Basic,Supplier A,Pune WH,13-02-2025,February,373,439,252,2,45,797,5844,1472688,4.1,19,In Stock,No,558
51539,Product 1605,Grocery,Special,Supplier C,Delhi WH,10-04-2025,April,769,470,527,8,96,9184,645,339915,4.3,19,Out of Stock,Yes,704
51540,Product 2731,Grocery,Special,Supplier A,Delhi WH,06-08-2025,August,677,286,272,1,25,9990,13303,3618416,3.5,7,Out of Stock,Yes,690
51541,Product 1783,Fashion,Special,Supplier C,Hyderabad WH,18-11-2025,November,996,59,494,34,133,1501,1856,916864,4,15,In Stock,Yes,527
51542,Product 5049,Grocery,Special,Supplier A,Mumbai WH,01-01-2025,January,641,480,109,22,45,1917,8794,958546,3.4,14,In Stock,No,990
51543,Product 9163,Fashion,Premium,Supplier A,Hyderabad WH,30-07-2025,July,873,242,319,29,165,5424,13707,4372533,2.7,18,Low Stock,No,767
51544,Product 1279,Sports,Standard,Supplier A,Delhi WH,15-09-2025,September,209,185,449,13,32,9175,11576,5197624,3.8,4,In Stock,No,-68
51545,Product 5520,Home,Basic,Supplier A,Mumbai WH,24-05-2025,May,867,56,369,4,164,1731,9889,3649041,2.6,17,Low Stock,Yes,550
51546,Product 1439,Sports,Standard,Supplier B,Delhi WH,04-08-2025,August,261,85,200,43,152,5777,14290,2858000,4.5,3,In Stock,No,103
51547,Product 8015,Sports,Premium,Supplier B,Mumbai WH,23-04-2025,April,267,82,390,13,26,2667,1419,553410,3.8,1,In Stock,No,-54
51548,Product 9495,Beauty,Premium,Supplier E,Bengaluru WH,14-04-2025,April,470,500,493,24,139,7220,4518,2227374,3.1,17,Low Stock,No,453
51549,Product 4197,Electronics,Standard,Supplier D,Pune WH,24-01-2025,January,666,438,646,31,33,91,14237,9197102,2.5,13,In Stock,No,427
51550,Product 4810,Home,Special,Supplier D,Hyderabad WH,05-09-2025,September,103,365,477,33,42,7784,1034,493218,2.7,19,In Stock,No,-42
51551,Product 1537,Fashion,Basic,Supplier E,Delhi WH,06-03-2025,March,572,360,15,4,53,3434,771,11565,4.7,6,In Stock,No,913
51552,Product 5668,Grocery,Premium,Supplier A,Delhi WH,05-12-2025,December,858,336,447,27,88,1899,5560,2485320,3.8,7,In Stock,No,720
51553,Product 3010,Electronics,Basic,Supplier A,Pune WH,25-01-2025,January,294,44,500,10,161,6088,7554,3777000,3.7,10,Low Stock,No,-172
51554,Product 6115,Electronics,Special,Supplier D,Mumbai WH,29-11-2025,November,913,349,364,4,75,9155,10397,3784508,3.4,20,In Stock,No,894
51555,Product 3479,Beauty,Basic,Supplier E,Delhi WH,31-07-2025,July,495,133,264,41,46,752,7892,2083488,4.2,15,In Stock,No,323
51556,Product 2894,Fashion,Standard,Supplier D,Delhi WH,18-12-2025,December,992,44,151,45,95,8072,8890,1342390,3.7,6,In Stock,No,840
51557,Product 2662,Fashion,Standard,Supplier B,Mumbai WH,18-04-2025,April,430,179,559,19,83,8226,4874,2724566,4.9,2,Out of Stock,No,31
51558,Product 7247,Grocery,Premium,Supplier E,Delhi WH,24-02-2025,February,345,324,574,29,75,2299,10940,6279560,3.4,7,In Stock,No,66
51559,Product 6741,Fashion,Premium,Supplier E,Mumbai WH,06-07-2025,July,64,379,545,10,167,2143,12061,6573245,3.1,4,Low Stock,No,-112
51560,Product 8827,Grocery,Special,Supplier B,Hyderabad WH,13-07-2025,July,926,272,310,29,69,1625,12016,3724960,4.7,4,Low Stock,No,859
51561,Product 1372,Grocery,Basic,Supplier E,Bengaluru WH,10-09-2025,September,665,52,154,14,196,3819,8445,1300530,4.9,4,In Stock,Yes,549
51562,Product 7771,Fashion,Basic,Supplier E,Delhi WH,09-04-2025,April,508,458,452,46,178,6292,5747,2597644,4.5,15,In Stock,No,468
51563,Product 5425,Electronics,Basic,Supplier B,Bengaluru WH,10-07-2025,July,904,419,611,39,132,9687,11976,7317336,3.3,10,In Stock,Yes,673
51564,Product 1248,Beauty,Special,Supplier D,Delhi WH,01-12-2025,December,812,202,497,16,172,1221,4429,2201213,3.2,13,In Stock,No,501
51565,Product 7925,Sports,Premium,Supplier A,Bengaluru WH,23-01-2025,January,711,155,563,27,122,1759,3773,2124199,4.2,4,Low Stock,No,276
51566,Product 2792,Home,Special,Supplier B,Delhi WH,08-04-2025,April,613,452,449,21,151,2931,950,426550,2.7,12,Out of Stock,No,595
51567,Product 7448,Home,Special,Supplier C,Mumbai WH,26-09-2025,September,691,236,120,7,33,7023,9810,1177200,3.9,8,In Stock,No,800
51568,Product 2721,Grocery,Standard,Supplier D,Hyderabad WH,13-12-2025,December,892,207,690,18,96,2109,13363,9220470,3.1,6,In Stock,No,391
51569,Product 5495,Grocery,Special,Supplier B,Pune WH,05-11-2025,November,584,11,133,26,196,6203,5457,725781,4.8,8,Low Stock,No,436
51570,Product 6591,Grocery,Standard,Supplier B,Hyderabad WH,06-03-2025,March,754,87,8,24,166,6669,3078,24624,3.6,20,Out of Stock,No,809
51571,Product 2706,Home,Special,Supplier C,Bengaluru WH,07-09-2025,September,870,49,254,7,53,6783,8693,2208022,2.6,4,In Stock,No,658
51572,Product 8829,Home,Standard,Supplier C,Hyderabad WH,20-08-2025,August,207,486,125,23,89,5430,471,58875,2.5,2,In Stock,No,545
51573,Product 9691,Fashion,Basic,Supplier D,Delhi WH,05-02-2025,February,325,165,63,38,90,1945,8222,517986,3.9,12,In Stock,No,389
51574,Product 5276,Grocery,Standard,Supplier E,Mumbai WH,14-01-2025,January,632,498,476,19,126,7857,3718,1769768,4.2,12,In Stock,No,635
51575,Product 3405,Fashion,Special,Supplier E,Mumbai WH,21-04-2025,April,362,484,332,40,174,3396,11438,3797416,4.2,17,In Stock,No,474
51576,Product 5383,Fashion,Standard,Supplier D,Delhi WH,26-04-2025,April,118,254,381,7,199,3339,9555,3640455,3.7,8,In Stock,No,-16
51577,Product 1988,Home,Basic,Supplier B,Bengaluru WH,12-05-2025,May,693,367,68,33,79,9238,6387,434316,4.1,4,In Stock,No,959
51578,Product 5431,Fashion,Standard,Supplier B,Mumbai WH,13-12-2025,December,906,403,57,48,181,2753,3844,219108,4.9,16,In Stock,Yes,1204
51579,Product 3748,Beauty,Special,Supplier B,Delhi WH,26-10-2025,October,828,87,364,9,30,6951,6601,2402764,2.9,5,In Stock,No,542
51580,Product 9284,Sports,Basic,Supplier E,Bengaluru WH,09-10-2025,October,961,78,313,39,180,3038,7157,2240141,3.5,6,In Stock,No,687
51581,Product 2973,Sports,Standard,Supplier A,Bengaluru WH,21-12-2025,December,891,90,614,26,33,8531,3689,2265046,3.7,3,In Stock,No,341
51582,Product 6610,Beauty,Special,Supplier A,Mumbai WH,24-01-2025,January,511,368,182,12,149,97,11269,2050958,2.7,8,In Stock,No,685
51583,Product 2994,Home,Premium,Supplier D,Mumbai WH,18-02-2025,February,760,375,661,0,42,2536,12953,8561933,2.5,8,In Stock,Yes,474
51584,Product 8031,Sports,Special,Supplier E,Hyderabad WH,10-06-2025,June,445,30,234,44,56,8787,9882,2312388,2.5,10,In Stock,No,197
51585,Product 5317,Electronics,Premium,Supplier D,Hyderabad WH,25-10-2025,October,749,433,294,11,53,9580,8853,2602782,2.8,7,In Stock,Yes,877
51586,Product 7223,Home,Basic,Supplier D,Hyderabad WH,28-12-2025,December,84,381,218,6,181,9843,10836,2362248,3.5,3,Out of Stock,No,241
51587,Product 3784,Home,Special,Supplier E,Mumbai WH,23-04-2025,April,859,17,112,48,154,2498,8655,969360,2.8,1,Low Stock,Yes,716
51588,Product 4706,Grocery,Premium,Supplier A,Delhi WH,05-08-2025,August,133,447,257,0,117,7667,679,174503,3.9,13,Low Stock,Yes,323
51589,Product 7068,Sports,Basic,Supplier D,Pune WH,07-08-2025,August,508,417,141,37,125,4553,12219,1722879,3.9,13,In Stock,Yes,747
51590,Product 3881,Sports,Standard,Supplier C,Bengaluru WH,13-06-2025,June,141,17,121,35,27,7383,8975,1085975,4.5,12,Low Stock,No,2
51591,Product 2392,Grocery,Standard,Supplier D,Pune WH,16-12-2025,December,275,49,443,21,127,6369,5049,2236707,4.4,13,In Stock,Yes,-140
51592,Product 3645,Sports,Premium,Supplier A,Delhi WH,24-02-2025,February,570,212,345,12,165,4293,5119,1766055,4.5,2,Low Stock,No,425
51593,Product 7525,Sports,Premium,Supplier C,Bengaluru WH,23-07-2025,July,650,164,409,26,149,983,4887,1998783,4.6,1,Out of Stock,No,379
51594,Product 1149,Sports,Standard,Supplier C,Delhi WH,27-02-2025,February,664,134,596,0,132,6067,8360,4982560,3.2,19,In Stock,No,202
51595,Product 9073,Home,Standard,Supplier E,Bengaluru WH,11-04-2025,April,437,449,378,40,90,4183,5169,1953882,3,11,In Stock,No,468
51596,Product 8342,Fashion,Standard,Supplier C,Pune WH,27-01-2025,January,980,118,484,34,75,3607,14108,6828272,2.8,20,Out of Stock,No,580
51597,Product 4426,Electronics,Premium,Supplier E,Hyderabad WH,08-03-2025,March,942,200,348,6,187,9125,13064,4546272,3.6,12,In Stock,No,788
51598,Product 4326,Electronics,Standard,Supplier C,Bengaluru WH,09-12-2025,December,157,196,441,49,91,7769,12491,5508531,2.8,11,In Stock,No,-137
51599,Product 6670,Grocery,Basic,Supplier A,Bengaluru WH,16-04-2025,April,944,124,135,26,186,4666,6779,915165,4.8,7,Low Stock,No,907
51600,Product 9696,Grocery,Standard,Supplier E,Pune WH,30-07-2025,July,531,164,431,28,189,2043,4127,1778737,4.3,2,Out of Stock,No,236
51601,Product 8002,Home,Standard,Supplier A,Pune WH,23-07-2025,July,175,168,685,50,61,7108,8162,5590970,4.8,13,In Stock,Yes,-392
51602,Product 8937,Beauty,Special,Supplier D,Bengaluru WH,06-04-2025,April,230,35,309,20,184,9200,5695,1759755,2.5,8,In Stock,Yes,-64
51603,Product 5338,Fashion,Special,Supplier B,Hyderabad WH,16-06-2025,June,396,389,267,0,147,3603,910,242970,2.9,3,Out of Stock,No,518
51604,Product 5567,Grocery,Standard,Supplier C,Hyderabad WH,24-10-2025,October,447,381,224,3,142,8203,7799,1746976,4.4,20,In Stock,Yes,601
51605,Product 7840,Beauty,Premium,Supplier D,Delhi WH,06-05-2025,May,741,306,84,36,21,2039,5920,497280,3.3,16,Out of Stock,No,927
51606,Product 5530,Home,Premium,Supplier A,Mumbai WH,15-07-2025,July,602,322,76,2,156,3001,2678,203528,4.7,16,In Stock,No,846
51607,Product 1857,Grocery,Basic,Supplier E,Mumbai WH,11-11-2025,November,537,286,345,41,131,1619,5977,2062065,2.8,11,Low Stock,No,437
51608,Product 2541,Beauty,Premium,Supplier B,Bengaluru WH,18-03-2025,March,512,317,422,38,143,6735,9015,3804330,2.7,16,In Stock,No,369
51609,Product 8103,Home,Premium,Supplier C,Bengaluru WH,07-05-2025,May,916,409,120,3,50,579,9982,1197840,4.7,20,In Stock,No,1202
51610,Product 6971,Fashion,Special,Supplier D,Mumbai WH,14-02-2025,February,452,468,11,34,154,9075,10529,115819,4.9,5,In Stock,No,875
51611,Product 6644,Sports,Special,Supplier C,Mumbai WH,22-03-2025,March,640,125,378,29,190,8564,4269,1613682,4.7,13,In Stock,No,358
51612,Product 9322,Beauty,Premium,Supplier C,Bengaluru WH,16-08-2025,August,919,262,648,6,77,126,12682,8217936,3.4,19,Low Stock,Yes,527
51613,Product 5063,Fashion,Special,Supplier E,Hyderabad WH,10-02-2025,February,138,51,138,30,35,1964,11975,1652550,4,5,In Stock,No,21
51614,Product 6560,Sports,Premium,Supplier E,Hyderabad WH,25-07-2025,July,143,475,292,28,21,8892,8843,2582156,4.6,1,In Stock,Yes,298
51615,Product 2153,Home,Basic,Supplier C,Hyderabad WH,18-06-2025,June,669,161,344,32,124,8314,12104,4163776,3.6,2,Out of Stock,No,454
51616,Product 1404,Sports,Special,Supplier C,Hyderabad WH,27-08-2025,August,446,329,129,32,120,4160,13482,1739178,4.9,20,In Stock,No,614
51617,Product 2576,Beauty,Premium,Supplier E,Mumbai WH,19-04-2025,April,382,191,169,4,183,739,8876,1500044,3.5,2,In Stock,Yes,400
51618,Product 4945,Beauty,Basic,Supplier C,Pune WH,25-09-2025,September,448,161,619,35,180,676,12586,7790734,4.8,11,In Stock,No,-45
51619,Product 2503,Home,Special,Supplier D,Mumbai WH,31-03-2025,March,535,51,0,46,43,2956,13403,0,3.8,1,In Stock,No,540
51620,Product 1711,Beauty,Special,Supplier E,Delhi WH,03-12-2025,December,493,49,367,47,190,9323,7222,2650474,3.6,10,In Stock,No,128
51621,Product 7561,Beauty,Basic,Supplier E,Bengaluru WH,10-11-2025,November,724,499,288,28,75,8930,3092,890496,4.7,20,In Stock,Yes,907
51622,Product 1242,Fashion,Standard,Supplier A,Delhi WH,04-09-2025,September,334,150,426,10,135,3429,6156,2622456,4.7,20,Out of Stock,No,48
51623,Product 2650,Home,Premium,Supplier D,Pune WH,08-06-2025,June,924,156,446,42,122,9128,9916,4422536,4.8,4,Low Stock,Yes,592
51624,Product 9642,Beauty,Special,Supplier A,Mumbai WH,26-06-2025,June,229,489,613,46,58,5066,7877,4828601,3,18,In Stock,No,59
51625,Product 8464,Beauty,Special,Supplier C,Hyderabad WH,19-11-2025,November,184,0,187,36,197,7960,7265,1358555,3.9,9,In Stock,No,-39
51626,Product 4310,Home,Special,Supplier B,Hyderabad WH,23-05-2025,May,902,79,586,28,138,6161,1727,1012022,4.2,14,In Stock,No,367
51627,Product 5408,Grocery,Standard,Supplier E,Hyderabad WH,05-07-2025,July,77,431,282,7,185,6627,8739,2464398,4.2,5,In Stock,No,219
51628,Product 8146,Sports,Premium,Supplier E,Mumbai WH,22-05-2025,May,514,329,148,12,163,9618,7705,1140340,3.5,6,In Stock,No,683
51629,Product 3502,Home,Standard,Supplier A,Hyderabad WH,13-02-2025,February,404,409,647,3,33,1922,5304,3431688,2.9,7,In Stock,Yes,163
51630,Product 4841,Electronics,Premium,Supplier D,Hyderabad WH,12-01-2025,January,608,7,608,36,180,402,7121,4329568,5,1,In Stock,No,-29
51631,Product 4033,Fashion,Special,Supplier B,Bengaluru WH,19-05-2025,May,134,130,125,29,95,4093,6490,811250,3.2,6,In Stock,No,110
51632,Product 5359,Sports,Special,Supplier B,Mumbai WH,24-05-2025,May,294,342,287,27,160,6675,6065,1740655,3.7,13,In Stock,No,322
51633,Product 4734,Grocery,Standard,Supplier C,Hyderabad WH,22-08-2025,August,774,419,319,16,66,3979,8565,2732235,2.7,8,In Stock,No,858
51634,Product 1529,Beauty,Premium,Supplier A,Bengaluru WH,10-08-2025,August,155,428,344,45,40,1349,8492,2921248,3.8,15,In Stock,No,194
51635,Product 3389,Home,Premium,Supplier E,Mumbai WH,11-06-2025,June,377,457,447,9,137,3300,13371,5976837,3,20,Low Stock,Yes,378
51636,Product 4548,Fashion,Basic,Supplier A,Bengaluru WH,07-08-2025,August,604,52,229,12,30,9944,4768,1091872,4.1,3,In Stock,No,415
51637,Product 3482,Electronics,Standard,Supplier E,Mumbai WH,01-07-2025,July,43,35,147,31,58,6610,6852,1007244,4.6,15,Low Stock,No,-100
51638,Product 1475,Fashion,Premium,Supplier A,Hyderabad WH,20-06-2025,June,418,249,369,9,99,5522,10637,3925053,2.7,15,In Stock,Yes,289
51639,Product 3566,Grocery,Basic,Supplier B,Hyderabad WH,20-08-2025,August,504,409,15,44,155,6700,10067,151005,4,8,In Stock,Yes,854
51640,Product 7718,Home,Standard,Supplier B,Hyderabad WH,08-01-2025,January,881,82,36,11,198,3975,10271,369756,3.4,11,Low Stock,No,916
51641,Product 2644,Grocery,Standard,Supplier C,Mumbai WH,02-07-2025,July,910,106,101,19,162,9269,11878,1199678,4.5,15,In Stock,Yes,896
51642,Product 4438,Beauty,Basic,Supplier C,Hyderabad WH,23-08-2025,August,372,129,687,31,156,3108,2313,1589031,3.6,8,In Stock,Yes,-217
51643,Product 7118,Fashion,Basic,Supplier D,Pune WH,05-05-2025,May,767,237,566,30,180,5461,1649,933334,3.9,14,In Stock,No,408
51644,Product 7861,Fashion,Standard,Supplier C,Mumbai WH,05-09-2025,September,632,147,329,10,196,1273,2335,768215,4.7,10,In Stock,Yes,440
51645,Product 7475,Home,Basic,Supplier C,Delhi WH,09-03-2025,March,596,125,353,40,79,4044,14603,5154859,4.6,6,Low Stock,Yes,328
51646,Product 6647,Beauty,Special,Supplier C,Hyderabad WH,06-05-2025,May,624,265,599,44,134,715,13500,8086500,4.9,12,Low Stock,No,246
51647,Product 7199,Home,Standard,Supplier A,Delhi WH,27-08-2025,August,448,184,566,3,27,4515,11025,6240150,3,2,In Stock,No,63
51648,Product 2935,Sports,Standard,Supplier C,Bengaluru WH,02-09-2025,September,294,421,453,38,133,4893,9175,4156275,3.7,18,In Stock,No,224
51649,Product 2421,Beauty,Premium,Supplier B,Pune WH,07-03-2025,March,255,373,28,39,45,7140,2170,60760,4.1,14,In Stock,No,561
51650,Product 7608,Grocery,Special,Supplier D,Delhi WH,28-11-2025,November,583,170,424,13,168,5366,215,91160,2.8,11,In Stock,No,316
51651,Product 7341,Beauty,Standard,Supplier B,Bengaluru WH,08-09-2025,September,567,499,557,33,195,4496,7233,4028781,4,1,Low Stock,No,476
51652,Product 6863,Beauty,Standard,Supplier B,Bengaluru WH,13-08-2025,August,95,329,286,40,93,7069,10559,3019874,4.7,20,Low Stock,Yes,98
51653,Product 9397,Beauty,Premium,Supplier C,Mumbai WH,19-02-2025,February,357,340,151,22,46,2729,11402,1721702,3.7,13,In Stock,Yes,524
51654,Product 8152,Home,Basic,Supplier E,Pune WH,19-11-2025,November,792,431,321,5,94,3883,1019,327099,4.5,12,In Stock,Yes,897
51655,Product 4771,Grocery,Standard,Supplier C,Hyderabad WH,14-10-2025,October,22,327,333,39,198,7232,1176,391608,3.3,15,In Stock,No,-23
51656,Product 8853,Electronics,Premium,Supplier C,Hyderabad WH,19-04-2025,April,270,355,204,40,173,6490,7961,1624044,3.2,10,In Stock,No,381
51657,Product 6706,Beauty,Premium,Supplier D,Bengaluru WH,04-01-2025,January,177,29,13,16,133,9414,12160,158080,4.2,4,In Stock,No,177
51658,Product 1749,Grocery,Special,Supplier E,Pune WH,29-11-2025,November,741,346,270,28,63,6185,14271,3853170,3.3,5,In Stock,Yes,789
51659,Product 6724,Grocery,Premium,Supplier A,Delhi WH,05-12-2025,December,812,406,370,9,79,5688,408,150960,4,7,In Stock,No,839
51660,Product 3674,Sports,Premium,Supplier C,Hyderabad WH,30-07-2025,July,45,499,412,15,21,1710,1813,746956,2.8,14,In Stock,No,117
51661,Product 4772,Home,Premium,Supplier C,Delhi WH,27-01-2025,January,502,328,284,25,181,1446,4390,1246760,2.9,5,Out of Stock,No,521
51662,Product 7785,Electronics,Premium,Supplier D,Pune WH,26-10-2025,October,898,290,337,30,104,6791,11682,3936834,2.9,12,In Stock,Yes,821
51663,Product 1768,Electronics,Premium,Supplier D,Bengaluru WH,11-10-2025,October,590,10,115,20,95,781,5858,673670,4.2,6,In Stock,No,465
51664,Product 9609,Home,Basic,Supplier A,Hyderabad WH,24-07-2025,July,109,66,430,27,45,4636,7179,3086970,3.5,5,In Stock,Yes,-282
51665,Product 5708,Home,Premium,Supplier D,Bengaluru WH,22-05-2025,May,46,206,594,20,162,7052,2526,1500444,4.3,17,Low Stock,No,-362
51666,Product 3355,Home,Standard,Supplier C,Mumbai WH,11-03-2025,March,968,257,45,1,182,5575,4747,213615,4.7,11,In Stock,No,1179
51667,Product 8028,Grocery,Basic,Supplier D,Mumbai WH,09-09-2025,September,328,202,82,43,181,5689,7246,594172,4.1,6,In Stock,No,405
51668,Product 8966,Grocery,Standard,Supplier D,Mumbai WH,22-10-2025,October,766,190,495,36,48,991,6785,3358575,4.7,6,In Stock,No,425
51669,Product 9745,Beauty,Basic,Supplier A,Delhi WH,14-09-2025,September,65,446,69,45,155,8031,3216,221904,3.5,15,In Stock,No,397
51670,Product 7062,Electronics,Premium,Supplier E,Pune WH,06-12-2025,December,272,303,236,6,156,1834,12956,3057616,3.8,2,Out of Stock,No,333
51671,Product 9792,Electronics,Basic,Supplier C,Bengaluru WH,25-02-2025,February,703,398,585,5,71,6708,10488,6135480,4,18,In Stock,Yes,511
51672,Product 6203,Home,Standard,Supplier E,Bengaluru WH,11-07-2025,July,540,248,471,13,122,7577,1321,622191,3.1,1,In Stock,No,304
51673,Product 8289,Home,Special,Supplier E,Delhi WH,10-07-2025,July,730,182,262,40,21,5105,4767,1248954,4.8,3,In Stock,Yes,610
51674,Product 2198,Beauty,Basic,Supplier D,Mumbai WH,21-06-2025,June,555,156,467,50,83,4921,6161,2877187,4.4,11,Low Stock,Yes,194
51675,Product 3303,Electronics,Premium,Supplier A,Delhi WH,03-01-2025,January,633,335,444,31,125,5173,12534,5565096,4,19,In Stock,No,493
51676,Product 2634,Home,Special,Supplier B,Delhi WH,30-05-2025,May,487,134,535,34,73,210,9968,5332880,3.7,1,Low Stock,Yes,52
51677,Product 7881,Fashion,Special,Supplier E,Mumbai WH,09-03-2025,March,371,80,134,15,25,6135,6251,837634,3,1,In Stock,No,302
51678,Product 4540,Sports,Basic,Supplier B,Delhi WH,25-02-2025,February,276,143,85,3,123,9883,10654,905590,2.6,9,In Stock,No,331
51679,Product 5634,Sports,Standard,Supplier C,Mumbai WH,24-10-2025,October,701,460,686,32,40,6452,12945,8880270,4.9,6,Low Stock,No,443
51680,Product 1374,Fashion,Basic,Supplier A,Bengaluru WH,27-08-2025,August,979,71,389,29,103,4681,2327,905203,2.7,12,In Stock,No,632
51681,Product 1825,Grocery,Basic,Supplier E,Delhi WH,06-06-2025,June,336,236,418,47,131,8970,2224,929632,3.1,13,Low Stock,No,107
51682,Product 1461,Beauty,Premium,Supplier E,Pune WH,28-04-2025,April,640,249,307,34,170,4950,4304,1321328,2.9,7,In Stock,Yes,548
51683,Product 8403,Electronics,Special,Supplier D,Mumbai WH,12-06-2025,June,124,333,242,7,120,6761,4349,1052458,3.4,13,Low Stock,Yes,208
51684,Product 2236,Sports,Basic,Supplier E,Hyderabad WH,17-06-2025,June,983,292,681,9,196,3345,11113,7567953,3,9,In Stock,No,585
51685,Product 2563,Fashion,Special,Supplier D,Pune WH,19-09-2025,September,573,231,162,50,93,6010,9305,1507410,3.7,16,In Stock,No,592
51686,Product 1675,Grocery,Basic,Supplier C,Delhi WH,22-11-2025,November,25,391,440,15,65,1889,4783,2104520,2.6,20,In Stock,No,-39
51687,Product 5550,Sports,Premium,Supplier D,Delhi WH,17-07-2025,July,545,102,214,6,193,4904,12889,2758246,2.6,13,Low Stock,No,427
51688,Product 7536,Sports,Standard,Supplier E,Pune WH,07-09-2025,September,521,58,396,44,87,7315,13134,5201064,4.3,3,Low Stock,Yes,139
51689,Product 5436,Fashion,Special,Supplier D,Pune WH,22-02-2025,February,139,26,693,29,103,9650,9473,6564789,3.1,20,In Stock,No,-557
51690,Product 7292,Sports,Special,Supplier D,Delhi WH,09-07-2025,July,828,407,699,18,161,2691,13863,9690237,3.7,4,Out of Stock,No,518
51691,Product 4229,Fashion,Premium,Supplier D,Hyderabad WH,10-01-2025,January,472,372,136,30,157,8284,13861,1885096,3.1,3,Out of Stock,No,678
51692,Product 8993,Grocery,Premium,Supplier A,Bengaluru WH,21-10-2025,October,911,212,331,38,67,5512,8566,2835346,3.6,20,Low Stock,No,754
51693,Product 9861,Beauty,Basic,Supplier A,Mumbai WH,07-10-2025,October,734,303,90,33,117,2322,3239,291510,4.1,4,In Stock,No,914
51694,Product 2797,Electronics,Standard,Supplier B,Bengaluru WH,29-08-2025,August,490,135,490,44,158,6764,3228,1581720,2.6,11,Out of Stock,No,91
51695,Product 6597,Beauty,Premium,Supplier C,Bengaluru WH,03-01-2025,January,736,391,25,0,96,831,12811,320275,4.7,18,In Stock,No,1102
51696,Product 4424,Fashion,Standard,Supplier A,Pune WH,07-08-2025,August,970,92,135,1,42,363,10011,1351485,4.7,16,Out of Stock,Yes,926
51697,Product 1204,Home,Premium,Supplier C,Hyderabad WH,07-10-2025,October,766,149,10,43,52,2573,8086,80860,3.2,13,Low Stock,No,862
51698,Product 9195,Beauty,Premium,Supplier B,Mumbai WH,17-06-2025,June,650,105,287,3,197,4325,8172,2345364,4.5,11,Out of Stock,Yes,465
51699,Product 2679,Beauty,Special,Supplier E,Hyderabad WH,09-08-2025,August,573,345,312,27,37,3525,14262,4449744,4.1,7,Low Stock,Yes,579
51700,Product 6604,Fashion,Premium,Supplier B,Pune WH,01-12-2025,December,905,383,405,2,116,8264,14431,5844555,3,6,In Stock,No,881
51701,Product 1765,Sports,Basic,Supplier C,Pune WH,26-03-2025,March,343,44,189,26,20,5266,13777,2603853,2.7,9,Low Stock,No,172
51702,Product 7652,Electronics,Standard,Supplier D,Bengaluru WH,05-10-2025,October,787,169,280,46,95,9634,5095,1426600,3.8,7,In Stock,No,630
51703,Product 2091,Electronics,Standard,Supplier D,Hyderabad WH,14-07-2025,July,639,204,118,20,65,7625,10037,1184366,3.4,12,In Stock,No,705
51704,Product 3571,Fashion,Special,Supplier C,Bengaluru WH,07-09-2025,September,979,479,173,2,112,6816,8741,1512193,3.4,20,In Stock,No,1283
51705,Product 9105,Home,Premium,Supplier C,Pune WH,07-07-2025,July,563,134,24,24,52,2976,11233,269592,4.1,2,Low Stock,No,649
51706,Product 3886,Home,Basic,Supplier B,Bengaluru WH,05-01-2025,January,656,288,549,5,26,9975,10089,5538861,3.1,12,Low Stock,No,390
51707,Product 4160,Fashion,Special,Supplier E,Bengaluru WH,16-11-2025,November,596,500,138,19,167,6076,3708,511704,3.6,2,In Stock,No,939
51708,Product 4598,Beauty,Basic,Supplier E,Mumbai WH,15-01-2025,January,404,422,443,17,156,8259,9007,3990101,3.6,1,In Stock,No,366
51709,Product 2752,Home,Standard,Supplier B,Delhi WH,26-03-2025,March,815,430,111,9,184,158,9780,1085580,2.6,8,In Stock,Yes,1125
51710,Product 7943,Grocery,Standard,Supplier E,Delhi WH,15-01-2025,January,596,350,395,48,44,6358,13376,5283520,4.1,12,In Stock,No,503
51711,Product 5095,Electronics,Premium,Supplier D,Bengaluru WH,01-10-2025,October,103,127,446,14,88,2018,715,318890,3.5,13,In Stock,No,-230
51712,Product 5346,Grocery,Basic,Supplier E,Mumbai WH,24-07-2025,July,701,306,656,50,193,4605,10263,6732528,2.7,13,Low Stock,No,301
51713,Product 8910,Beauty,Special,Supplier C,Delhi WH,30-09-2025,September,810,404,26,9,131,1357,11523,299598,3.2,11,In Stock,No,1179
51714,Product 5151,Beauty,Special,Supplier D,Bengaluru WH,30-06-2025,June,354,328,581,11,37,7536,9182,5334742,3.8,8,Low Stock,No,90
51715,Product 7976,Beauty,Basic,Supplier C,Mumbai WH,26-05-2025,May,648,255,639,46,125,7861,2768,1768752,4.1,9,In Stock,No,218
51716,Product 3672,Grocery,Special,Supplier D,Bengaluru WH,30-01-2025,January,420,491,84,5,170,883,5172,434448,2.6,18,In Stock,No,822
51717,Product 2356,Beauty,Standard,Supplier B,Delhi WH,12-02-2025,February,385,381,53,9,125,1389,6885,364905,2.6,2,Low Stock,No,704
51718,Product 8304,Fashion,Premium,Supplier D,Pune WH,25-11-2025,November,657,438,377,40,192,4211,7453,2809781,2.7,17,In Stock,Yes,678
51719,Product 1428,Home,Standard,Supplier A,Pune WH,24-10-2025,October,111,103,127,12,78,6791,759,96393,3.6,19,In Stock,No,75
51720,Product 8871,Beauty,Basic,Supplier B,Pune WH,18-01-2025,January,749,59,128,40,28,2448,2622,335616,4.2,11,In Stock,No,640
51721,Product 7311,Grocery,Premium,Supplier B,Mumbai WH,13-05-2025,May,488,425,294,10,187,6885,3794,1115436,4,4,In Stock,No,609
51722,Product 7979,Electronics,Standard,Supplier B,Mumbai WH,15-06-2025,June,480,117,652,0,115,1478,7455,4860660,2.9,19,Low Stock,No,-55
51723,Product 2427,Beauty,Special,Supplier A,Mumbai WH,17-10-2025,October,451,123,433,50,29,9100,10406,4505798,4.3,15,In Stock,No,91
51724,Product 4761,Grocery,Standard,Supplier A,Mumbai WH,02-02-2025,February,997,418,532,38,128,1886,5694,3029208,3.3,19,In Stock,No,845
51725,Product 2353,Electronics,Basic,Supplier C,Mumbai WH,12-11-2025,November,58,298,123,5,168,7268,547,67281,2.8,14,In Stock,No,228
51726,Product 1473,Sports,Basic,Supplier B,Pune WH,11-07-2025,July,754,82,182,1,96,7586,10615,1931930,3.6,10,In Stock,No,653
51727,Product 8609,Home,Basic,Supplier B,Hyderabad WH,30-12-2025,December,953,457,682,18,179,6339,5161,3519802,4,9,In Stock,No,710
51728,Product 8742,Fashion,Standard,Supplier D,Bengaluru WH,12-03-2025,March,958,422,257,44,22,3174,7403,1902571,2.8,8,In Stock,No,1079
51729,Product 4973,Home,Special,Supplier D,Mumbai WH,22-12-2025,December,345,311,638,27,114,7473,7209,4599342,4,13,Low Stock,No,-9
51730,Product 5683,Grocery,Standard,Supplier A,Delhi WH,18-07-2025,July,82,495,534,36,49,6978,6479,3459786,4.7,12,Low Stock,No,7
51731,Product 3084,Electronics,Special,Supplier C,Mumbai WH,11-02-2025,February,445,289,673,14,83,2964,6041,4065593,4.4,7,In Stock,No,47
51732,Product 4580,Sports,Premium,Supplier E,Pune WH,11-11-2025,November,512,447,32,6,137,5944,563,18016,3.3,13,Out of Stock,No,921
51733,Product 5236,Fashion,Special,Supplier A,Bengaluru WH,19-09-2025,September,160,273,509,43,21,3875,7684,3911156,4.8,7,Out of Stock,No,-119
51734,Product 8821,Sports,Special,Supplier B,Hyderabad WH,03-10-2025,October,972,230,163,8,49,9569,5718,932034,3.1,10,In Stock,No,1031
51735,Product 9803,Electronics,Premium,Supplier D,Mumbai WH,21-07-2025,July,58,465,620,8,182,181,14994,9296280,2.8,6,In Stock,No,-105
51736,Product 4172,Beauty,Premium,Supplier E,Bengaluru WH,21-02-2025,February,21,283,262,18,135,2072,10647,2789514,3.2,1,In Stock,No,24
51737,Product 5107,Electronics,Premium,Supplier B,Delhi WH,14-11-2025,November,114,452,286,6,153,981,5682,1625052,2.8,19,In Stock,No,274
51738,Product 6815,Grocery,Standard,Supplier E,Bengaluru WH,29-09-2025,September,933,401,356,37,117,3060,11646,4145976,4,11,In Stock,Yes,941
51739,Product 9063,Fashion,Basic,Supplier B,Delhi WH,22-04-2025,April,181,461,33,2,103,1096,8742,288486,4,11,In Stock,No,607
51740,Product 7160,Home,Basic,Supplier C,Pune WH,14-05-2025,May,82,142,537,45,178,1575,6526,3504462,4.7,5,Out of Stock,No,-358
51741,Product 9001,Grocery,Standard,Supplier B,Delhi WH,14-07-2025,July,437,461,626,31,73,5176,10765,6738890,3.5,3,In Stock,No,241
51742,Product 7153,Electronics,Special,Supplier D,Bengaluru WH,28-06-2025,June,167,334,629,32,178,251,7721,4856509,3.7,10,Low Stock,No,-160
51743,Product 8864,Fashion,Special,Supplier A,Pune WH,02-02-2025,February,767,386,464,16,103,7416,3482,1615648,4,14,In Stock,No,673
51744,Product 4487,Fashion,Special,Supplier C,Pune WH,21-08-2025,August,262,443,110,15,176,8904,11875,1306250,3.9,7,In Stock,No,580
51745,Product 3369,Home,Basic,Supplier B,Pune WH,28-02-2025,February,359,437,651,44,60,1893,6276,4085676,2.8,1,In Stock,Yes,101
51746,Product 6221,Grocery,Special,Supplier B,Mumbai WH,20-06-2025,June,971,151,432,39,125,8543,8986,3881952,3,11,Low Stock,No,651
51747,Product 6408,Sports,Standard,Supplier D,Delhi WH,03-06-2025,June,425,497,598,17,98,2847,1872,1119456,4.7,18,In Stock,No,307
51748,Product 3990,Sports,Basic,Supplier E,Bengaluru WH,10-10-2025,October,954,321,647,32,79,3650,10257,6636279,4,3,Out of Stock,No,596
51749,Product 2930,Fashion,Premium,Supplier A,Hyderabad WH,29-04-2025,April,57,479,167,15,178,2147,6333,1057611,3.2,2,In Stock,No,354
51750,Product 9204,Fashion,Basic,Supplier B,Bengaluru WH,04-10-2025,October,865,336,300,11,192,2047,2186,655800,4.8,2,In Stock,No,890
51751,Product 5297,Fashion,Special,Supplier E,Pune WH,27-08-2025,August,452,83,128,49,80,8254,577,73856,2.8,19,In Stock,No,358
51752,Product 8410,Home,Basic,Supplier D,Mumbai WH,24-08-2025,August,343,323,274,13,139,1830,8284,2269816,3.1,8,In Stock,Yes,379
51753,Product 3959,Fashion,Standard,Supplier C,Delhi WH,05-04-2025,April,182,79,352,9,115,368,11352,3995904,3.7,10,In Stock,No,-100
51754,Product 3790,Electronics,Basic,Supplier B,Mumbai WH,16-08-2025,August,347,166,269,5,123,5875,3340,898460,3.2,6,In Stock,No,239
51755,Product 3950,Home,Standard,Supplier A,Hyderabad WH,06-07-2025,July,430,358,440,44,47,5190,9447,4156680,2.5,6,In Stock,Yes,304
51756,Product 2948,Home,Standard,Supplier B,Bengaluru WH,03-07-2025,July,256,323,574,26,189,372,11441,6567134,3.4,14,In Stock,Yes,-21
51757,Product 1588,Sports,Premium,Supplier E,Delhi WH,12-07-2025,July,684,297,553,50,32,2521,11649,6441897,4.6,4,In Stock,Yes,378
51758,Product 9064,Home,Premium,Supplier B,Mumbai WH,24-01-2025,January,932,25,274,36,37,4787,10673,2924402,4.8,11,Low Stock,Yes,647
51759,Product 1968,Grocery,Basic,Supplier B,Pune WH,19-01-2025,January,144,345,77,11,90,4426,13132,1011164,4.4,10,In Stock,Yes,401
51760,Product 2562,Sports,Special,Supplier E,Pune WH,10-08-2025,August,900,183,475,41,194,1683,3018,1433550,4.8,19,In Stock,No,567
51761,Product 2834,Electronics,Standard,Supplier C,Hyderabad WH,15-04-2025,April,178,434,592,46,90,5427,2494,1476448,3.2,11,In Stock,No,-26
51762,Product 2281,Fashion,Premium,Supplier E,Delhi WH,19-05-2025,May,156,14,636,49,42,3095,12269,7803084,4.7,9,Low Stock,No,-515
51763,Product 7415,Grocery,Premium,Supplier E,Hyderabad WH,27-03-2025,March,404,245,333,8,37,1528,1058,352314,3.8,1,In Stock,No,308
51764,Product 7986,Sports,Standard,Supplier A,Mumbai WH,09-07-2025,July,38,428,662,38,96,6482,219,144978,2.8,10,In Stock,Yes,-234
51765,Product 5086,Grocery,Basic,Supplier E,Delhi WH,11-06-2025,June,391,374,96,47,174,4037,7514,721344,4.3,2,Low Stock,Yes,622
51766,Product 9230,Electronics,Special,Supplier E,Mumbai WH,10-07-2025,July,125,437,441,27,131,2421,2161,953001,3.9,12,Low Stock,Yes,94
51767,Product 2405,Electronics,Basic,Supplier D,Hyderabad WH,19-10-2025,October,829,49,429,46,73,2598,13352,5728008,4.9,12,Low Stock,No,403
51768,Product 2671,Electronics,Standard,Supplier B,Mumbai WH,17-08-2025,August,354,319,336,30,85,861,14828,4982208,3.1,6,In Stock,No,307
51769,Product 5618,Fashion,Standard,Supplier B,Hyderabad WH,21-11-2025,November,470,204,523,17,20,1611,6010,3143230,5,11,Low Stock,No,134
51770,Product 1744,Sports,Basic,Supplier A,Hyderabad WH,17-06-2025,June,703,221,589,44,134,2731,940,553660,2.7,18,In Stock,No,291
51771,Product 5208,Home,Premium,Supplier D,Hyderabad WH,28-04-2025,April,875,378,326,50,157,9170,1024,333824,2.9,19,In Stock,No,877
51772,Product 6909,Electronics,Special,Supplier B,Delhi WH,08-12-2025,December,373,111,555,25,78,4424,2868,1591740,2.5,5,In Stock,No,-96
51773,Product 7060,Grocery,Basic,Supplier C,Delhi WH,03-04-2025,April,426,183,616,8,67,4420,8204,5053664,4.9,13,Low Stock,No,-15
51774,Product 1279,Sports,Premium,Supplier B,Hyderabad WH,01-06-2025,June,498,360,396,39,197,8994,14145,5601420,4.3,19,Out of Stock,No,423
51775,Product 7142,Electronics,Special,Supplier B,Delhi WH,07-09-2025,September,784,234,383,27,123,9885,1390,532370,2.5,12,Low Stock,Yes,608
51776,Product 1727,Beauty,Premium,Supplier C,Mumbai WH,09-08-2025,August,918,19,258,38,137,681,5244,1352952,2.8,18,In Stock,Yes,641
51777,Product 1843,Sports,Standard,Supplier C,Pune WH,03-05-2025,May,26,40,183,34,170,8926,11747,2149701,4.9,17,In Stock,No,-151
51778,Product 1233,Grocery,Standard,Supplier D,Pune WH,23-03-2025,March,747,182,382,11,124,7398,9110,3480020,3.7,6,In Stock,No,536
51779,Product 1279,Grocery,Standard,Supplier C,Mumbai WH,21-03-2025,March,556,84,243,28,85,3035,11449,2782107,3.5,5,Low Stock,No,369
51780,Product 6052,Home,Special,Supplier A,Pune WH,09-06-2025,June,653,170,433,49,97,2579,14760,6391080,4.2,16,In Stock,No,341
51781,Product 6267,Grocery,Basic,Supplier D,Bengaluru WH,10-08-2025,August,226,42,496,45,194,6849,14697,7289712,2.7,2,In Stock,No,-273
51782,Product 5516,Electronics,Basic,Supplier A,Pune WH,04-05-2025,May,175,455,345,3,153,2605,625,215625,2.5,17,Low Stock,No,282
51783,Product 7295,Home,Standard,Supplier A,Delhi WH,29-09-2025,September,291,79,628,15,93,535,5377,3376756,3.7,16,In Stock,No,-273
51784,Product 2540,Sports,Standard,Supplier A,Mumbai WH,15-04-2025,April,91,499,419,19,115,868,11952,5007888,3.3,19,In Stock,No,152
51785,Product 9376,Beauty,Special,Supplier E,Bengaluru WH,04-01-2025,January,186,30,498,30,131,9021,589,293322,2.8,12,In Stock,Yes,-312
51786,Product 1686,Sports,Standard,Supplier A,Delhi WH,12-05-2025,May,766,170,419,34,127,676,11562,4844478,4.9,5,In Stock,No,483
51787,Product 4952,Grocery,Standard,Supplier A,Hyderabad WH,11-06-2025,June,599,267,217,6,98,745,5436,1179612,4.4,12,In Stock,No,643
51788,Product 8234,Sports,Basic,Supplier A,Hyderabad WH,21-08-2025,August,370,150,0,19,30,2596,1387,0,5,15,In Stock,Yes,501
51789,Product 2990,Fashion,Basic,Supplier D,Mumbai WH,27-02-2025,February,682,343,486,25,22,8526,4581,2226366,3.7,5,In Stock,No,514
51790,Product 1240,Electronics,Basic,Supplier E,Bengaluru WH,21-08-2025,August,465,143,683,34,157,6801,14058,9601614,3,19,In Stock,Yes,-109
51791,Product 3912,Sports,Standard,Supplier C,Delhi WH,11-04-2025,April,439,325,235,14,69,5079,12014,2823290,4.4,15,In Stock,No,515
51792,Product 4108,Electronics,Premium,Supplier A,Delhi WH,21-06-2025,June,151,355,119,30,43,2480,6049,719831,4.6,20,Low Stock,Yes,357
51793,Product 8214,Fashion,Standard,Supplier C,Hyderabad WH,23-02-2025,February,223,121,208,30,30,8045,1125,234000,4.9,2,In Stock,No,106
51794,Product 6645,Grocery,Premium,Supplier D,Hyderabad WH,18-10-2025,October,861,168,511,46,113,2719,10243,5234173,3.8,1,In Stock,Yes,472
51795,Product 5177,Grocery,Special,Supplier B,Delhi WH,25-11-2025,November,148,301,320,23,200,7921,11881,3801920,4.2,8,In Stock,No,106
51796,Product 9162,Beauty,Basic,Supplier D,Pune WH,19-04-2025,April,388,335,647,23,37,8254,7394,4783918,4.9,18,Low Stock,No,53
51797,Product 1641,Beauty,Basic,Supplier A,Hyderabad WH,23-06-2025,June,54,105,642,9,153,5415,2456,1576752,4,3,In Stock,No,-492
51798,Product 3141,Home,Standard,Supplier E,Mumbai WH,22-12-2025,December,687,498,431,6,107,5293,8853,3815643,3.6,8,In Stock,No,748
51799,Product 3530,Electronics,Premium,Supplier A,Hyderabad WH,04-11-2025,November,752,194,237,5,171,3878,7462,1768494,2.9,15,Low Stock,No,704
51800,Product 7636,Electronics,Special,Supplier A,Bengaluru WH,20-10-2025,October,341,226,118,38,140,6884,12599,1486682,4.5,6,In Stock,Yes,411
51801,Product 6919,Grocery,Premium,Supplier A,Bengaluru WH,21-01-2025,January,322,93,628,7,168,1674,1525,957700,3.6,6,In Stock,No,-220
51802,Product 2093,Home,Standard,Supplier A,Pune WH,26-03-2025,March,215,299,637,29,66,4134,5667,3609879,4.3,16,Low Stock,Yes,-152
51803,Product 4703,Fashion,Standard,Supplier B,Bengaluru WH,02-12-2025,December,133,424,250,29,132,8779,8885,2221250,4.1,18,In Stock,No,278
51804,Product 3514,Sports,Standard,Supplier C,Hyderabad WH,29-06-2025,June,856,470,54,29,106,2940,8647,466938,3.4,13,In Stock,Yes,1243
51805,Product 5095,Beauty,Special,Supplier E,Pune WH,23-05-2025,May,796,241,102,45,60,3040,12665,1291830,3.2,20,In Stock,No,890
51806,Product 7290,Grocery,Premium,Supplier B,Bengaluru WH,28-05-2025,May,570,242,669,9,147,9520,6663,4457547,2.9,15,In Stock,No,134
51807,Product 6738,Sports,Standard,Supplier A,Bengaluru WH,27-06-2025,June,43,326,556,13,61,2793,7978,4435768,3.7,5,In Stock,No,-200
51808,Product 5774,Beauty,Special,Supplier A,Pune WH,20-11-2025,November,540,226,356,25,64,2142,14281,5084036,2.6,19,In Stock,Yes,385
51809,Product 6733,Sports,Special,Supplier B,Hyderabad WH,18-02-2025,February,413,350,283,13,144,4992,6003,1698849,4.8,2,In Stock,No,467
51810,Product 6783,Beauty,Special,Supplier C,Delhi WH,07-03-2025,March,661,206,107,25,81,4138,1510,161570,3.3,10,Out of Stock,No,735
51811,Product 5578,Fashion,Premium,Supplier A,Delhi WH,10-08-2025,August,20,462,312,22,93,9776,6728,2099136,4.5,6,In Stock,No,148
51812,Product 8842,Fashion,Premium,Supplier B,Bengaluru WH,26-05-2025,May,234,419,307,28,81,2238,1677,514839,3.7,6,In Stock,No,318
51813,Product 1947,Sports,Special,Supplier E,Delhi WH,13-04-2025,April,330,449,124,39,68,3437,7038,872712,4.7,5,In Stock,No,616
51814,Product 4574,Grocery,Premium,Supplier B,Pune WH,22-08-2025,August,115,353,43,36,95,5119,4212,181116,4.9,11,In Stock,No,389
51815,Product 3591,Fashion,Standard,Supplier E,Pune WH,15-12-2025,December,563,497,646,30,40,3100,10532,6803672,3.9,11,Low Stock,No,384
51816,Product 6956,Beauty,Standard,Supplier B,Mumbai WH,26-04-2025,April,404,102,505,43,61,57,6379,3221395,2.8,13,Low Stock,Yes,-42
51817,Product 5779,Fashion,Basic,Supplier C,Delhi WH,24-03-2025,March,977,442,473,38,135,5229,2868,1356564,2.8,9,In Stock,No,908
51818,Product 3436,Home,Premium,Supplier A,Hyderabad WH,21-04-2025,April,73,477,28,35,143,7791,12089,338492,4.2,18,In Stock,No,487
51819,Product 6127,Fashion,Premium,Supplier D,Bengaluru WH,17-09-2025,September,533,31,237,6,45,7936,1700,402900,3.9,15,Out of Stock,No,321
51820,Product 4133,Fashion,Basic,Supplier B,Pune WH,18-05-2025,May,655,213,585,32,75,5990,7930,4639050,4.8,8,In Stock,No,251
51821,Product 2562,Electronics,Premium,Supplier D,Pune WH,04-10-2025,October,888,27,401,39,69,8453,11498,4610698,2.5,7,In Stock,No,475
51822,Product 1330,Home,Premium,Supplier B,Pune WH,09-03-2025,March,852,386,599,35,130,6751,2952,1768248,3.3,7,Low Stock,Yes,604
51823,Product 2562,Sports,Premium,Supplier E,Hyderabad WH,27-11-2025,November,372,174,40,1,143,5238,3616,144640,2.7,11,Low Stock,No,505
51824,Product 6697,Home,Basic,Supplier C,Pune WH,18-03-2025,March,158,498,135,37,157,587,791,106785,3.6,4,Low Stock,No,484
51825,Product 7400,Home,Standard,Supplier A,Bengaluru WH,04-04-2025,April,660,321,164,5,195,4659,7715,1265260,2.6,4,In Stock,No,812
51826,Product 1068,Beauty,Special,Supplier E,Hyderabad WH,28-11-2025,November,411,305,495,46,109,826,606,299970,4.4,20,In Stock,No,175
51827,Product 5311,Beauty,Standard,Supplier D,Bengaluru WH,30-01-2025,January,417,121,355,15,77,8786,917,325535,2.9,20,Low Stock,Yes,168
51828,Product 3566,Grocery,Basic,Supplier E,Pune WH,23-04-2025,April,668,416,563,19,172,2095,12534,7056642,3,5,In Stock,No,502
51829,Product 4605,Grocery,Standard,Supplier A,Hyderabad WH,08-03-2025,March,492,24,32,33,48,4895,14018,448576,4.3,12,In Stock,No,451
51830,Product 3539,Fashion,Premium,Supplier B,Bengaluru WH,08-03-2025,March,832,278,335,39,92,6090,13262,4442770,4.2,2,In Stock,No,736
51831,Product 9311,Electronics,Premium,Supplier A,Delhi WH,06-07-2025,July,299,246,195,31,85,1292,12174,2373930,3,6,In Stock,No,319
51832,Product 8304,Home,Premium,Supplier A,Pune WH,28-01-2025,January,261,361,105,1,71,7986,6918,726390,4.4,16,In Stock,Yes,516
51833,Product 9748,Beauty,Special,Supplier C,Delhi WH,06-10-2025,October,594,468,528,44,32,1725,11230,5929440,4.7,6,In Stock,No,490
51834,Product 8791,Beauty,Premium,Supplier A,Hyderabad WH,10-08-2025,August,880,133,675,1,197,9211,5815,3925125,3.9,18,In Stock,No,337
51835,Product 9783,Beauty,Special,Supplier E,Mumbai WH,25-12-2025,December,794,282,33,19,53,5847,1051,34683,3.8,10,In Stock,Yes,1024
51836,Product 7414,Fashion,Basic,Supplier C,Bengaluru WH,27-07-2025,July,830,216,593,5,159,753,3748,2222564,3,16,Out of Stock,No,448
51837,Product 3231,Beauty,Special,Supplier C,Pune WH,01-01-2025,January,930,372,217,16,114,3737,4255,923335,3.7,7,In Stock,No,1069
51838,Product 7071,Fashion,Standard,Supplier C,Hyderabad WH,26-05-2025,May,890,148,648,14,103,6881,13245,8582760,2.6,9,In Stock,No,376
51839,Product 3367,Beauty,Premium,Supplier D,Hyderabad WH,10-11-2025,November,451,146,693,33,177,7352,1857,1286901,3.6,16,In Stock,No,-129
51840,Product 2335,Fashion,Basic,Supplier A,Hyderabad WH,20-06-2025,June,785,61,160,49,138,6198,873,139680,4.4,19,In Stock,No,637
51841,Product 8864,Electronics,Premium,Supplier D,Mumbai WH,15-08-2025,August,981,185,119,27,96,9693,13639,1623041,2.6,6,Low Stock,No,1020
51842,Product 5658,Electronics,Standard,Supplier C,Delhi WH,17-01-2025,January,130,159,111,39,173,6145,12635,1402485,4.1,18,Low Stock,Yes,139
51843,Product 2369,Beauty,Standard,Supplier A,Delhi WH,11-01-2025,January,632,252,27,22,66,6835,1164,31428,4,16,Low Stock,No,835
51844,Product 4116,Sports,Special,Supplier E,Bengaluru WH,01-11-2025,November,405,274,371,24,99,2852,1987,737177,5,16,Out of Stock,No,284
51845,Product 3499,Electronics,Premium,Supplier E,Hyderabad WH,25-08-2025,August,353,193,693,9,174,2444,672,465696,4.4,2,In Stock,No,-156
51846,Product 2862,Beauty,Special,Supplier C,Delhi WH,12-03-2025,March,747,99,182,50,64,787,6906,1256892,4.3,7,In Stock,No,614
51847,Product 4000,Home,Basic,Supplier E,Delhi WH,12-06-2025,June,391,500,87,23,107,9344,12465,1084455,4.2,8,Out of Stock,Yes,781
51848,Product 1487,Home,Basic,Supplier C,Bengaluru WH,13-01-2025,January,407,463,511,37,89,2114,9043,4620973,4,1,Out of Stock,Yes,322
51849,Product 5182,Grocery,Standard,Supplier C,Hyderabad WH,20-03-2025,March,549,263,171,38,112,1119,5272,901512,3.7,3,Out of Stock,No,603
51850,Product 6111,Home,Basic,Supplier D,Hyderabad WH,25-11-2025,November,386,363,119,23,198,3363,13608,1619352,3.3,14,In Stock,No,607
51851,Product 6478,Sports,Basic,Supplier C,Mumbai WH,02-07-2025,July,775,253,597,44,70,2492,6305,3764085,4.9,20,In Stock,Yes,387
51852,Product 9177,Grocery,Basic,Supplier E,Mumbai WH,23-09-2025,September,167,219,459,28,21,192,10015,4596885,2.6,12,In Stock,Yes,-101
51853,Product 1332,Grocery,Basic,Supplier D,Bengaluru WH,18-04-2025,April,391,351,457,49,163,5525,250,114250,2.7,15,Low Stock,Yes,236
51854,Product 3850,Electronics,Standard,Supplier D,Bengaluru WH,02-10-2025,October,76,120,276,17,102,9595,6711,1852236,4.2,1,In Stock,Yes,-97
51855,Product 3852,Fashion,Special,Supplier A,Hyderabad WH,25-01-2025,January,317,236,570,19,145,3421,4864,2772480,2.6,7,In Stock,No,-36
51856,Product 8261,Electronics,Standard,Supplier B,Bengaluru WH,21-12-2025,December,613,320,600,5,40,2326,14292,8575200,2.8,15,Low Stock,Yes,328
51857,Product 6493,Sports,Basic,Supplier A,Delhi WH,08-06-2025,June,643,166,141,17,163,932,3239,456699,2.6,4,In Stock,No,651
51858,Product 3849,Beauty,Special,Supplier E,Mumbai WH,12-05-2025,May,971,385,528,16,189,2411,4391,2318448,3.8,2,In Stock,No,812
51859,Product 7340,Sports,Premium,Supplier D,Pune WH,17-02-2025,February,243,71,264,43,165,9114,3216,849024,3.2,13,In Stock,No,7
51860,Product 4586,Home,Standard,Supplier D,Mumbai WH,10-01-2025,January,628,158,574,14,62,5122,8013,4599462,4.1,4,Low Stock,No,198
51861,Product 5975,Electronics,Basic,Supplier C,Bengaluru WH,10-05-2025,May,103,17,538,36,104,6243,4647,2500086,4,14,Out of Stock,No,-454
51862,Product 9812,Electronics,Special,Supplier A,Pune WH,27-12-2025,December,735,391,216,6,52,6374,11450,2473200,2.8,9,Low Stock,No,904
51863,Product 7070,Sports,Standard,Supplier C,Pune WH,19-05-2025,May,52,326,70,12,62,3899,10932,765240,3.1,18,In Stock,Yes,296
51864,Product 7720,Fashion,Standard,Supplier D,Pune WH,01-03-2025,March,171,265,417,30,71,4604,3136,1307712,2.9,5,In Stock,No,-11
51865,Product 2743,Grocery,Standard,Supplier D,Pune WH,04-03-2025,March,933,264,268,25,79,5311,1845,494460,3.5,5,In Stock,No,904
51866,Product 8938,Fashion,Special,Supplier A,Bengaluru WH,26-01-2025,January,841,226,75,0,150,1942,12960,972000,4.7,16,In Stock,Yes,992
51867,Product 7418,Sports,Premium,Supplier D,Delhi WH,08-01-2025,January,863,182,410,3,180,6288,8520,3493200,4,10,In Stock,Yes,632
51868,Product 9772,Fashion,Special,Supplier E,Hyderabad WH,09-11-2025,November,171,269,339,23,41,7262,13124,4449036,4.3,3,In Stock,No,78
51869,Product 7837,Grocery,Premium,Supplier B,Delhi WH,23-09-2025,September,937,159,542,41,192,2230,835,452570,4.5,5,In Stock,No,513
51870,Product 3680,Beauty,Premium,Supplier B,Mumbai WH,25-09-2025,September,790,149,444,13,61,6775,5248,2330112,4.4,8,Low Stock,Yes,482
51871,Product 1906,Fashion,Basic,Supplier A,Mumbai WH,23-09-2025,September,868,67,557,25,172,7196,12884,7176388,5,20,Out of Stock,Yes,353
51872,Product 5356,Sports,Special,Supplier E,Bengaluru WH,26-09-2025,September,978,431,532,24,126,4240,4705,2503060,4.3,15,Low Stock,Yes,853
51873,Product 5098,Beauty,Basic,Supplier E,Hyderabad WH,13-04-2025,April,520,194,539,29,121,442,1743,939477,2.8,5,In Stock,No,146
51874,Product 5807,Beauty,Premium,Supplier C,Hyderabad WH,27-09-2025,September,292,416,660,35,151,6172,11875,7837500,4.6,4,In Stock,Yes,13
51875,Product 7933,Fashion,Premium,Supplier B,Hyderabad WH,17-08-2025,August,132,408,115,41,84,7883,14789,1700735,4.5,16,In Stock,No,384
51876,Product 4117,Grocery,Premium,Supplier E,Pune WH,07-01-2025,January,113,281,97,1,61,7741,9623,933431,3.8,18,In Stock,No,296
51877,Product 2214,Electronics,Premium,Supplier C,Pune WH,12-05-2025,May,210,498,679,42,114,1462,11880,8066520,4.2,10,In Stock,No,-13
51878,Product 4789,Electronics,Basic,Supplier C,Hyderabad WH,15-10-2025,October,995,353,235,44,39,9674,7811,1835585,3.7,1,In Stock,No,1069
51879,Product 6668,Sports,Basic,Supplier A,Bengaluru WH,10-05-2025,May,61,216,256,47,44,7148,2605,666880,4.4,7,In Stock,No,-26
51880,Product 9483,Beauty,Standard,Supplier C,Hyderabad WH,26-08-2025,August,576,56,332,8,106,3105,7381,2450492,4.9,15,In Stock,No,292
51881,Product 8323,Fashion,Premium,Supplier D,Hyderabad WH,21-07-2025,July,719,376,379,7,33,2707,700,265300,3.4,10,In Stock,No,709
51882,Product 9112,Beauty,Basic,Supplier B,Mumbai WH,03-07-2025,July,563,284,611,40,79,2154,3003,1834833,3.5,11,In Stock,No,196
51883,Product 5153,Electronics,Premium,Supplier E,Mumbai WH,28-08-2025,August,135,249,361,48,194,50,8844,3192684,2.5,12,Low Stock,No,-25
51884,Product 3442,Beauty,Special,Supplier E,Pune WH,24-01-2025,January,572,244,553,21,181,3415,13893,7682829,4.5,1,In Stock,Yes,242
51885,Product 7945,Electronics,Premium,Supplier E,Bengaluru WH,28-11-2025,November,895,298,282,44,199,5840,3994,1126308,2.8,14,In Stock,Yes,867
51886,Product 9651,Grocery,Standard,Supplier D,Delhi WH,07-10-2025,October,108,432,305,43,92,169,6400,1952000,4.2,14,Low Stock,No,192
51887,Product 4903,Electronics,Basic,Supplier E,Pune WH,31-08-2025,August,70,127,512,1,140,6891,5199,2661888,3.1,10,In Stock,No,-316
51888,Product 4680,Home,Special,Supplier C,Delhi WH,12-06-2025,June,322,407,576,36,67,5847,8568,4935168,4.8,18,Low Stock,No,117
51889,Product 9283,Beauty,Standard,Supplier D,Mumbai WH,07-06-2025,June,927,440,484,15,161,7692,2440,1180960,3.5,15,In Stock,No,868
51890,Product 2779,Beauty,Special,Supplier B,Pune WH,24-08-2025,August,344,44,119,17,74,5103,6501,773619,2.7,13,In Stock,No,252
51891,Product 6064,Grocery,Standard,Supplier C,Mumbai WH,17-11-2025,November,341,488,489,6,78,8828,13976,6834264,3.4,20,Low Stock,Yes,334
51892,Product 5152,Home,Basic,Supplier D,Hyderabad WH,29-11-2025,November,832,106,490,44,162,6063,10046,4922540,4.1,17,In Stock,Yes,404
51893,Product 4557,Beauty,Basic,Supplier C,Mumbai WH,18-02-2025,February,352,52,555,14,130,8202,4309,2391495,3,13,Low Stock,No,-165
51894,Product 7846,Fashion,Standard,Supplier B,Bengaluru WH,17-03-2025,March,383,476,218,22,43,8104,2797,609746,4.2,14,In Stock,No,619
51895,Product 8929,Sports,Standard,Supplier E,Mumbai WH,04-02-2025,February,955,422,312,17,23,4112,7775,2425800,3.7,11,In Stock,No,1048
51896,Product 5550,Fashion,Basic,Supplier E,Mumbai WH,19-08-2025,August,90,454,286,4,87,8590,10780,3083080,3.6,13,In Stock,Yes,254
51897,Product 7327,Sports,Premium,Supplier B,Delhi WH,07-07-2025,July,713,439,667,15,24,7971,7629,5088543,3.3,14,In Stock,No,470
51898,Product 5100,Electronics,Premium,Supplier B,Delhi WH,15-04-2025,April,576,406,297,31,36,2362,14474,4298778,4.2,9,In Stock,No,654
51899,Product 5088,Beauty,Premium,Supplier C,Pune WH,02-10-2025,October,433,364,523,28,22,3999,2807,1468061,3.5,17,Low Stock,No,246
51900,Product 1540,Fashion,Basic,Supplier A,Delhi WH,02-12-2025,December,584,345,252,3,116,4658,4132,1041264,2.9,7,In Stock,No,674
51901,Product 9062,Grocery,Premium,Supplier D,Hyderabad WH,18-08-2025,August,947,461,200,47,81,8894,2492,498400,3.9,13,Low Stock,No,1161
51902,Product 8080,Sports,Premium,Supplier B,Hyderabad WH,11-09-2025,September,418,93,30,32,149,1923,4496,134880,2.8,17,Low Stock,No,449
51903,Product 9547,Beauty,Basic,Supplier C,Pune WH,06-12-2025,December,245,446,651,14,57,7651,11042,7188342,3.6,2,Low Stock,No,26
51904,Product 7355,Grocery,Standard,Supplier B,Delhi WH,22-08-2025,August,952,487,431,22,91,3032,11422,4922882,5,10,In Stock,No,986
51905,Product 6247,Sports,Basic,Supplier D,Delhi WH,23-03-2025,March,275,188,392,38,78,5820,10206,4000752,4.1,13,Low Stock,No,33
51906,Product 7390,Sports,Basic,Supplier D,Hyderabad WH,01-04-2025,April,355,374,359,28,88,3312,2256,809904,4,12,In Stock,Yes,342
51907,Product 6771,Electronics,Special,Supplier B,Bengaluru WH,11-10-2025,October,523,423,12,19,90,5201,13599,163188,3.5,12,Low Stock,Yes,915
51908,Product 7871,Beauty,Special,Supplier D,Hyderabad WH,13-03-2025,March,357,79,197,25,131,5605,8790,1731630,4.5,9,In Stock,Yes,214
51909,Product 2944,Home,Basic,Supplier C,Mumbai WH,10-09-2025,September,763,390,478,2,197,3210,2973,1421094,4,17,In Stock,Yes,673
51910,Product 1792,Home,Basic,Supplier D,Hyderabad WH,19-09-2025,September,727,483,164,7,80,5295,13352,2189728,4.2,12,In Stock,No,1039
51911,Product 3131,Sports,Basic,Supplier E,Hyderabad WH,29-05-2025,May,252,88,14,11,35,3101,6373,89222,4.6,18,Out of Stock,No,315
51912,Product 3835,Fashion,Basic,Supplier A,Pune WH,07-04-2025,April,431,442,91,27,124,694,2520,229320,3.6,15,Out of Stock,Yes,755
51913,Product 3326,Home,Basic,Supplier A,Bengaluru WH,14-04-2025,April,90,76,367,24,87,2327,3538,1298446,3.3,10,In Stock,No,-225
51914,Product 6704,Grocery,Premium,Supplier C,Pune WH,09-11-2025,November,985,230,122,35,184,5535,9389,1145458,4.8,18,Out of Stock,Yes,1058
51915,Product 2551,Beauty,Special,Supplier D,Mumbai WH,15-08-2025,August,203,110,393,43,194,4309,11017,4329681,4.6,7,In Stock,No,-123
51916,Product 3443,Grocery,Premium,Supplier D,Hyderabad WH,05-05-2025,May,981,3,361,21,198,2523,2995,1081195,2.7,4,Low Stock,No,602
51917,Product 2892,Home,Basic,Supplier E,Bengaluru WH,27-07-2025,July,922,156,653,48,152,3790,9948,6496044,3.1,18,Low Stock,No,377
51918,Product 2864,Grocery,Basic,Supplier D,Hyderabad WH,14-11-2025,November,505,396,39,27,167,4567,9533,371787,2.7,14,Low Stock,No,835
51919,Product 5027,Grocery,Standard,Supplier E,Mumbai WH,20-09-2025,September,152,82,167,15,28,595,7307,1220269,4.7,5,In Stock,Yes,52
51920,Product 7161,Home,Special,Supplier A,Delhi WH,13-10-2025,October,597,215,416,38,108,2047,12932,5379712,4.6,16,Out of Stock,No,358
51921,Product 7469,Beauty,Basic,Supplier E,Pune WH,25-04-2025,April,840,357,510,40,52,7577,6732,3433320,2.9,16,In Stock,No,647
51922,Product 3109,Fashion,Standard,Supplier D,Mumbai WH,28-06-2025,June,387,347,56,42,177,5855,5409,302904,2.6,20,In Stock,Yes,636
51923,Product 5788,Fashion,Basic,Supplier A,Mumbai WH,18-12-2025,December,70,283,254,12,33,5048,8810,2237740,3.5,16,In Stock,No,87
51924,Product 9275,Sports,Basic,Supplier B,Bengaluru WH,23-07-2025,July,114,154,156,46,159,746,8267,1289652,2.8,7,In Stock,No,66
51925,Product 5087,Home,Premium,Supplier B,Mumbai WH,07-07-2025,July,713,168,24,17,146,8683,9469,227256,4.4,11,In Stock,Yes,840
51926,Product 4775,Fashion,Premium,Supplier E,Mumbai WH,05-03-2025,March,870,183,205,29,112,7841,10131,2076855,3.3,19,In Stock,No,819
51927,Product 4429,Home,Basic,Supplier E,Hyderabad WH,04-06-2025,June,553,194,8,28,170,4065,974,7792,2.9,5,In Stock,No,711
51928,Product 1067,Grocery,Special,Supplier A,Mumbai WH,24-12-2025,December,888,83,309,39,154,4452,8070,2493630,3,7,Out of Stock,No,623
51929,Product 4128,Electronics,Special,Supplier D,Mumbai WH,16-08-2025,August,923,266,611,9,127,8554,1125,687375,4.9,7,In Stock,No,569
51930,Product 7065,Grocery,Special,Supplier B,Delhi WH,14-12-2025,December,348,460,383,39,55,5612,1957,749531,3.8,15,In Stock,Yes,386
51931,Product 2046,Sports,Special,Supplier C,Hyderabad WH,31-12-2025,December,319,107,681,46,38,6723,4840,3296040,2.9,15,In Stock,Yes,-301
51932,Product 8378,Fashion,Premium,Supplier E,Mumbai WH,24-11-2025,November,490,59,459,23,29,8529,6994,3210246,3.6,3,In Stock,No,67
51933,Product 4089,Grocery,Basic,Supplier B,Bengaluru WH,12-08-2025,August,197,456,520,50,173,1555,176,91520,2.9,7,In Stock,Yes,83
51934,Product 6472,Fashion,Special,Supplier C,Hyderabad WH,15-04-2025,April,290,424,50,21,56,1851,4537,226850,3.3,15,In Stock,No,643
51935,Product 4234,Grocery,Premium,Supplier B,Mumbai WH,03-02-2025,February,802,493,211,49,163,3189,2379,501969,4,6,In Stock,No,1035
51936,Product 7083,Home,Premium,Supplier D,Hyderabad WH,25-09-2025,September,59,56,47,36,176,6747,5848,274856,5,17,Low Stock,No,32
51937,Product 2016,Grocery,Premium,Supplier D,Hyderabad WH,14-07-2025,July,927,75,158,2,46,5858,3926,620308,3,11,In Stock,No,842
51938,Product 8196,Fashion,Basic,Supplier E,Hyderabad WH,24-02-2025,February,770,140,325,11,166,1737,6478,2105350,3.6,11,In Stock,No,574
51939,Product 2230,Fashion,Standard,Supplier C,Delhi WH,20-03-2025,March,96,136,332,14,75,2779,4358,1446856,2.7,14,Low Stock,No,-114
51940,Product 8015,Fashion,Premium,Supplier D,Hyderabad WH,11-01-2025,January,671,47,528,19,147,7071,1127,595056,3,1,In Stock,No,171
51941,Product 6313,Home,Special,Supplier B,Delhi WH,16-01-2025,January,303,287,242,19,127,2922,9772,2364824,3.9,19,In Stock,No,329
51942,Product 8246,Home,Basic,Supplier A,Mumbai WH,28-09-2025,September,192,447,658,42,93,3133,10392,6837936,4.7,14,Low Stock,No,-61
51943,Product 5554,Sports,Premium,Supplier E,Hyderabad WH,09-03-2025,March,130,455,614,49,122,4750,2551,1566314,3.4,4,In Stock,No,-78
51944,Product 9319,Fashion,Standard,Supplier D,Mumbai WH,24-03-2025,March,662,460,366,38,64,8728,11947,4372602,4.2,14,In Stock,Yes,718
51945,Product 7125,Beauty,Standard,Supplier A,Bengaluru WH,20-06-2025,June,84,327,440,17,38,1585,10351,4554440,3.1,7,Low Stock,No,-46
51946,Product 7833,Electronics,Premium,Supplier E,Bengaluru WH,09-11-2025,November,282,388,52,1,93,9662,13344,693888,4.5,8,In Stock,No,617
51947,Product 1426,Home,Premium,Supplier E,Mumbai WH,28-08-2025,August,952,177,3,23,45,8406,9284,27852,3.8,10,Low Stock,No,1103
51948,Product 1635,Fashion,Standard,Supplier B,Delhi WH,19-02-2025,February,833,95,151,32,61,5494,2012,303812,2.5,9,In Stock,No,745
51949,Product 6331,Home,Special,Supplier C,Delhi WH,23-04-2025,April,245,457,561,18,93,6091,544,305184,4.2,19,Low Stock,Yes,123
51950,Product 7492,Electronics,Premium,Supplier D,Delhi WH,23-12-2025,December,262,433,423,26,146,234,14477,6123771,3.4,5,In Stock,No,246
51951,Product 5719,Grocery,Special,Supplier C,Pune WH,26-10-2025,October,121,447,378,0,98,5069,7288,2754864,4.6,8,In Stock,No,190
51952,Product 9055,Electronics,Basic,Supplier A,Pune WH,19-04-2025,April,641,412,468,41,170,977,12975,6072300,2.7,8,Low Stock,No,544
51953,Product 3204,Electronics,Premium,Supplier D,Bengaluru WH,28-04-2025,April,627,393,221,42,185,3047,11130,2459730,3.4,13,In Stock,No,757
51954,Product 3377,Grocery,Special,Supplier B,Mumbai WH,08-05-2025,May,776,244,177,19,52,675,541,95757,3.1,17,In Stock,No,824
51955,Product 4968,Fashion,Special,Supplier B,Hyderabad WH,15-09-2025,September,503,458,585,40,48,7714,6070,3550950,2.6,5,Low Stock,No,336
51956,Product 4356,Beauty,Standard,Supplier C,Delhi WH,24-02-2025,February,677,469,168,0,68,1749,7566,1271088,2.5,1,In Stock,Yes,978
51957,Product 5085,Grocery,Basic,Supplier C,Bengaluru WH,20-02-2025,February,412,43,207,34,192,4314,5859,1212813,3.1,4,In Stock,No,214
51958,Product 4663,Home,Special,Supplier C,Hyderabad WH,26-12-2025,December,754,170,10,47,80,6756,105,1050,3.8,9,In Stock,No,867
51959,Product 6973,Grocery,Premium,Supplier B,Delhi WH,30-07-2025,July,131,289,159,32,110,2495,8226,1307934,3.1,3,In Stock,No,229
51960,Product 6382,Home,Special,Supplier E,Mumbai WH,16-05-2025,May,794,142,454,48,30,2102,5329,2419366,4,12,In Stock,No,434
51961,Product 6384,Grocery,Special,Supplier B,Mumbai WH,03-06-2025,June,826,380,80,37,153,3663,12114,969120,2.8,15,In Stock,No,1089
51962,Product 1757,Beauty,Premium,Supplier D,Hyderabad WH,28-10-2025,October,483,152,596,36,34,2654,14182,8452472,2.9,18,Low Stock,No,3
51963,Product 3299,Fashion,Basic,Supplier C,Hyderabad WH,09-02-2025,February,766,468,564,12,93,9045,7585,4277940,4.6,6,Low Stock,No,658
51964,Product 5752,Sports,Special,Supplier C,Pune WH,28-10-2025,October,535,426,246,16,142,7372,9433,2320518,4.4,16,In Stock,No,699
51965,Product 9776,Fashion,Basic,Supplier A,Mumbai WH,24-07-2025,July,902,371,677,40,189,3383,1258,851666,4.6,14,Low Stock,No,556
51966,Product 3510,Grocery,Premium,Supplier D,Mumbai WH,16-12-2025,December,502,478,327,8,182,2337,14610,4777470,2.7,2,Low Stock,Yes,645
51967,Product 8944,Grocery,Standard,Supplier A,Hyderabad WH,08-10-2025,October,728,60,236,8,189,4417,10777,2543372,3.8,20,In Stock,No,544
51968,Product 5632,Home,Basic,Supplier E,Mumbai WH,27-10-2025,October,167,147,350,18,115,8114,14461,5061350,4.4,18,In Stock,No,-54
51969,Product 8539,Beauty,Standard,Supplier A,Hyderabad WH,08-03-2025,March,550,84,154,32,128,820,7273,1120042,2.6,19,In Stock,No,448
51970,Product 2683,Home,Standard,Supplier D,Bengaluru WH,10-05-2025,May,422,302,276,38,169,8799,14906,4114056,3.3,20,In Stock,Yes,410
51971,Product 7914,Beauty,Basic,Supplier D,Pune WH,15-03-2025,March,79,485,461,4,59,2948,1000,461000,4.1,10,In Stock,No,99
51972,Product 4012,Sports,Standard,Supplier D,Mumbai WH,21-07-2025,July,231,321,563,1,21,5085,13515,7608945,3.3,15,In Stock,No,-12
51973,Product 5074,Sports,Premium,Supplier B,Delhi WH,24-01-2025,January,348,222,314,12,79,7827,9745,3059930,2.7,7,Low Stock,No,244
51974,Product 1654,Sports,Special,Supplier E,Mumbai WH,23-02-2025,February,983,232,32,17,199,2787,5182,165824,4.3,20,In Stock,No,1166
51975,Product 2514,Beauty,Special,Supplier B,Mumbai WH,12-04-2025,April,621,226,255,9,183,6626,14168,3612840,3,7,In Stock,No,583
51976,Product 1320,Fashion,Premium,Supplier C,Hyderabad WH,02-03-2025,March,769,277,231,42,157,9608,7417,1713327,2.7,5,In Stock,No,773
51977,Product 9472,Fashion,Standard,Supplier E,Hyderabad WH,13-01-2025,January,440,290,249,45,37,4235,11556,2877444,4.4,19,Low Stock,No,436
51978,Product 1647,Grocery,Special,Supplier E,Mumbai WH,07-06-2025,June,564,78,571,12,81,8278,11263,6431173,4.9,14,Low Stock,No,59
51979,Product 9893,Electronics,Special,Supplier C,Delhi WH,14-03-2025,March,127,100,148,30,193,4237,1810,267880,3.6,19,In Stock,No,49
51980,Product 8350,Sports,Standard,Supplier D,Bengaluru WH,12-02-2025,February,85,434,533,41,43,1887,2957,1576081,4.8,10,In Stock,No,-55
51981,Product 8613,Home,Basic,Supplier C,Pune WH,11-09-2025,September,370,87,140,45,149,8558,10122,1417080,4.7,9,Low Stock,Yes,272
51982,Product 2845,Grocery,Basic,Supplier B,Pune WH,19-01-2025,January,466,370,216,22,128,4356,8125,1755000,3.5,2,In Stock,No,598
51983,Product 2343,Fashion,Basic,Supplier A,Mumbai WH,14-05-2025,May,974,218,82,16,58,3756,13954,1144228,3.1,14,In Stock,No,1094
51984,Product 1677,Fashion,Premium,Supplier D,Mumbai WH,27-08-2025,August,686,405,273,13,138,1534,3971,1084083,3.6,10,Low Stock,Yes,805
51985,Product 2325,Grocery,Special,Supplier B,Bengaluru WH,02-07-2025,July,70,301,323,6,40,4838,9623,3108229,3.2,13,In Stock,No,42
51986,Product 9728,Electronics,Basic,Supplier C,Pune WH,29-11-2025,November,779,299,172,25,145,9797,11270,1938440,4.6,11,In Stock,No,881
51987,Product 4350,Electronics,Basic,Supplier C,Pune WH,31-07-2025,July,998,162,418,49,185,7498,7068,2954424,5,9,In Stock,No,693
51988,Product 4243,Electronics,Basic,Supplier C,Delhi WH,29-10-2025,October,118,43,692,42,197,218,8154,5642568,3.8,15,Out of Stock,Yes,-573
51989,Product 5739,Beauty,Special,Supplier B,Delhi WH,18-03-2025,March,74,202,440,1,105,3448,342,150480,5,8,Low Stock,No,-165
51990,Product 7110,Home,Premium,Supplier A,Hyderabad WH,13-03-2025,March,143,422,488,9,22,71,13639,6655832,4.5,1,Low Stock,No,68
51991,Product 4439,Beauty,Standard,Supplier A,Hyderabad WH,03-07-2025,July,592,391,432,8,75,7215,11353,4904496,3.2,16,In Stock,No,543
51992,Product 4835,Grocery,Standard,Supplier B,Bengaluru WH,10-05-2025,May,428,169,235,24,171,4790,742,174370,4.1,8,In Stock,Yes,338
51993,Product 1120,Fashion,Special,Supplier E,Pune WH,29-03-2025,March,563,38,150,27,188,4797,12120,1818000,4.9,9,Low Stock,No,424
51994,Product 9217,Fashion,Special,Supplier B,Delhi WH,23-06-2025,June,294,359,55,11,21,2409,12952,712360,2.8,20,Low Stock,Yes,587
51995,Product 4119,Electronics,Premium,Supplier B,Mumbai WH,01-04-2025,April,588,445,458,8,138,6089,13811,6325438,3.6,2,In Stock,Yes,567
51996,Product 4716,Home,Special,Supplier C,Delhi WH,14-07-2025,July,747,208,315,17,194,9024,5173,1629495,3.2,19,In Stock,No,623
51997,Product 5978,Electronics,Special,Supplier E,Hyderabad WH,05-03-2025,March,142,408,618,4,120,9356,12698,7847364,3.2,14,In Stock,Yes,-72
51998,Product 7209,Grocery,Standard,Supplier A,Mumbai WH,05-11-2025,November,960,115,573,50,20,8870,12531,7180263,3,10,Out of Stock,No,452
51999,Product 1829,Beauty,Special,Supplier A,Pune WH,07-11-2025,November,88,397,496,2,180,6489,12717,6307632,3.8,13,In Stock,No,-13
52000,Product 8783,Electronics,Standard,Supplier D,Hyderabad WH,02-11-2025,November,629,193,200,37,92,1695,11677,2335400,4.1,11,Out of Stock,No,585
52001,Product 4091,Home,Standard,Supplier E,Delhi WH,16-08-2025,August,237,279,175,17,100,5071,9842,1722350,3.6,11,In Stock,Yes,324
52002,Product 4126,Fashion,Premium,Supplier A,Delhi WH,10-01-2025,January,962,45,367,20,75,5778,6390,2345130,3.5,5,In Stock,No,620
52003,Product 6079,Fashion,Special,Supplier D,Pune WH,07-09-2025,September,259,487,665,37,168,141,6438,4281270,2.8,3,In Stock,No,44
52004,Product 4902,Sports,Standard,Supplier D,Bengaluru WH,13-02-2025,February,400,113,122,30,116,401,6999,853878,4.3,10,In Stock,No,361
52005,Product 9822,Sports,Basic,Supplier C,Mumbai WH,21-10-2025,October,587,496,537,13,82,9047,7603,4082811,3,2,In Stock,No,533
52006,Product 1279,Fashion,Standard,Supplier C,Hyderabad WH,25-09-2025,September,77,125,590,20,191,2375,11816,6971440,3.8,15,In Stock,Yes,-408
52007,Product 3994,Electronics,Basic,Supplier C,Hyderabad WH,16-03-2025,March,744,344,530,46,106,8841,3295,1746350,3,17,In Stock,No,512
52008,Product 5308,Electronics,Standard,Supplier E,Mumbai WH,07-10-2025,October,427,487,404,26,151,226,8507,3436828,4,5,Low Stock,No,484
52009,Product 8024,Sports,Standard,Supplier E,Mumbai WH,14-02-2025,February,567,25,582,44,151,4092,11474,6677868,4.1,13,In Stock,No,-34
52010,Product 8936,Sports,Standard,Supplier D,Delhi WH,09-08-2025,August,193,233,125,13,109,7271,205,25625,4.3,5,In Stock,Yes,288
52011,Product 2670,Home,Standard,Supplier E,Mumbai WH,09-02-2025,February,568,447,454,48,88,7840,13017,5909718,4,12,Out of Stock,Yes,513
52012,Product 3507,Electronics,Basic,Supplier D,Hyderabad WH,13-09-2025,September,289,222,531,49,101,1613,11605,6162255,3.1,11,Low Stock,Yes,-69
52013,Product 6261,Fashion,Special,Supplier E,Mumbai WH,19-06-2025,June,711,496,57,7,34,7511,13976,796632,3.7,9,In Stock,Yes,1143
52014,Product 6684,Beauty,Special,Supplier A,Mumbai WH,12-05-2025,May,602,377,640,41,196,8966,370,236800,3.4,14,In Stock,No,298
52015,Product 4685,Electronics,Special,Supplier E,Pune WH,07-03-2025,March,112,382,210,38,47,1203,5692,1195320,3.9,16,In Stock,No,246
52016,Product 1772,Electronics,Special,Supplier E,Delhi WH,17-06-2025,June,882,37,366,5,176,646,9038,3307908,3.1,1,In Stock,No,548
52017,Product 5768,Electronics,Premium,Supplier D,Hyderabad WH,05-11-2025,November,313,219,274,17,199,2693,11134,3050716,3,11,Out of Stock,No,241
52018,Product 1296,Grocery,Standard,Supplier E,Bengaluru WH,26-02-2025,February,893,151,586,12,20,7059,3696,2165856,3.2,12,Out of Stock,No,446
52019,Product 6424,Beauty,Premium,Supplier A,Hyderabad WH,02-10-2025,October,967,137,249,0,196,8438,12055,3001695,4.3,3,In Stock,No,855
52020,Product 5698,Beauty,Special,Supplier B,Pune WH,17-03-2025,March,407,256,654,28,177,3325,12969,8481726,3.3,12,In Stock,No,-19
52021,Product 7706,Home,Basic,Supplier D,Mumbai WH,12-06-2025,June,819,2,533,29,24,7944,2422,1290926,2.6,20,In Stock,No,259
52022,Product 6980,Home,Standard,Supplier A,Bengaluru WH,21-10-2025,October,122,61,639,2,53,6694,6544,4181616,4.2,16,In Stock,No,-458
52023,Product 2992,Home,Standard,Supplier D,Mumbai WH,15-01-2025,January,997,272,247,42,28,3784,2685,663195,3.2,13,Low Stock,No,980
52024,Product 1303,Home,Premium,Supplier D,Mumbai WH,18-07-2025,July,523,465,521,3,150,9518,1660,864860,3.1,18,In Stock,No,464
52025,Product 5609,Fashion,Premium,Supplier B,Bengaluru WH,23-08-2025,August,109,277,353,4,113,501,9995,3528235,3.7,16,Out of Stock,Yes,29
52026,Product 8252,Beauty,Basic,Supplier D,Mumbai WH,22-12-2025,December,781,476,327,12,108,4879,1909,624243,5,10,Out of Stock,Yes,918
52027,Product 3796,Home,Standard,Supplier A,Delhi WH,16-02-2025,February,172,93,611,44,22,178,7801,4766411,2.6,4,In Stock,No,-390
52028,Product 6263,Home,Basic,Supplier B,Delhi WH,16-10-2025,October,815,68,544,3,36,3563,3354,1824576,4.1,4,In Stock,No,336
52029,Product 3638,Fashion,Premium,Supplier A,Bengaluru WH,09-12-2025,December,846,81,38,34,60,6940,10438,396644,3.1,4,In Stock,No,855
52030,Product 3296,Grocery,Special,Supplier D,Hyderabad WH,13-11-2025,November,91,176,438,42,192,8663,1684,737592,3.7,3,In Stock,No,-213
52031,Product 8062,Beauty,Special,Supplier E,Pune WH,21-05-2025,May,94,173,138,35,150,8831,10159,1401942,3.7,4,Out of Stock,No,94
52032,Product 4654,Grocery,Basic,Supplier A,Mumbai WH,18-06-2025,June,761,483,192,37,114,6307,1045,200640,2.6,17,In Stock,Yes,1015
52033,Product 3135,Beauty,Basic,Supplier D,Bengaluru WH,05-09-2025,September,496,234,86,12,24,6027,11472,986592,4.9,16,In Stock,No,632
52034,Product 1215,Electronics,Basic,Supplier E,Pune WH,19-09-2025,September,607,282,315,33,21,9804,13989,4406535,4.9,14,In Stock,No,541
52035,Product 8786,Sports,Standard,Supplier B,Delhi WH,17-04-2025,April,47,261,576,21,192,3355,4546,2618496,2.6,18,In Stock,Yes,-289
52036,Product 9426,Sports,Premium,Supplier E,Mumbai WH,24-06-2025,June,642,64,243,26,163,6510,9084,2207412,2.8,4,Low Stock,No,437
52037,Product 7752,Fashion,Special,Supplier A,Pune WH,29-07-2025,July,178,118,673,48,55,8502,7232,4867136,4.7,10,In Stock,Yes,-425
52038,Product 1501,Home,Standard,Supplier D,Delhi WH,31-01-2025,January,885,361,463,17,180,1001,12104,5604152,3.3,10,In Stock,Yes,766
52039,Product 1376,Electronics,Standard,Supplier E,Pune WH,16-01-2025,January,378,246,595,18,49,4148,6433,3827635,3.1,2,Out of Stock,Yes,11
52040,Product 2679,Sports,Premium,Supplier C,Bengaluru WH,08-10-2025,October,967,467,1,15,192,7124,3932,3932,2.5,1,In Stock,No,1418
52041,Product 4840,Sports,Basic,Supplier B,Pune WH,01-06-2025,June,741,302,575,41,120,2942,3631,2087825,2.7,12,In Stock,No,427
52042,Product 3131,Grocery,Special,Supplier D,Delhi WH,17-11-2025,November,423,351,89,48,53,4387,6305,561145,4.6,16,In Stock,No,637
52043,Product 4848,Home,Premium,Supplier B,Mumbai WH,19-08-2025,August,725,259,465,36,60,4748,5722,2660730,4.3,10,In Stock,No,483
52044,Product 4446,Fashion,Special,Supplier D,Pune WH,24-10-2025,October,683,442,227,34,166,4749,13860,3146220,3.2,20,In Stock,No,864
52045,Product 3544,Beauty,Premium,Supplier A,Mumbai WH,07-07-2025,July,222,430,130,20,199,2748,555,72150,4.2,15,In Stock,No,502
52046,Product 8412,Beauty,Special,Supplier A,Bengaluru WH,07-11-2025,November,509,396,221,35,116,9592,5539,1224119,4.9,2,In Stock,Yes,649
52047,Product 3318,Fashion,Special,Supplier C,Hyderabad WH,24-09-2025,September,839,110,578,17,124,2632,10716,6193848,2.6,6,Out of Stock,No,354
52048,Product 2213,Electronics,Premium,Supplier E,Delhi WH,13-10-2025,October,773,418,342,46,157,8754,6417,2194614,2.9,18,Out of Stock,No,803
52049,Product 1068,Home,Standard,Supplier A,Delhi WH,11-05-2025,May,759,473,225,48,54,3143,13104,2948400,4.2,13,Out of Stock,No,959
52050,Product 2701,Grocery,Premium,Supplier D,Mumbai WH,08-08-2025,August,178,267,91,31,152,7153,3329,302939,2.6,14,Low Stock,Yes,323
52051,Product 1658,Beauty,Special,Supplier D,Pune WH,28-10-2025,October,85,358,641,11,77,6552,9974,6393334,4,2,In Stock,No,-209
52052,Product 7367,Electronics,Basic,Supplier E,Pune WH,22-04-2025,April,665,191,440,6,194,4811,4120,1812800,4.5,13,In Stock,No,410
52053,Product 9153,Grocery,Special,Supplier E,Mumbai WH,27-06-2025,June,570,59,81,45,32,887,7013,568053,2.8,5,In Stock,No,503
52054,Product 1009,Home,Standard,Supplier B,Bengaluru WH,03-10-2025,October,763,179,579,27,65,751,5640,3265560,3.9,11,In Stock,No,336
52055,Product 8850,Electronics,Special,Supplier A,Mumbai WH,30-10-2025,October,445,57,438,34,73,9351,4053,1775214,2.6,16,Low Stock,No,30
52056,Product 7309,Electronics,Premium,Supplier A,Hyderabad WH,16-09-2025,September,388,157,335,14,27,5431,10880,3644800,2.7,8,Low Stock,No,196
52057,Product 9758,Electronics,Special,Supplier A,Delhi WH,03-08-2025,August,48,48,384,9,97,8912,1813,696192,4.3,13,Out of Stock,No,-297
52058,Product 9485,Sports,Premium,Supplier E,Pune WH,03-03-2025,March,948,272,617,5,111,8898,3093,1908381,4.1,9,In Stock,No,598
52059,Product 7247,Grocery,Special,Supplier C,Mumbai WH,06-08-2025,August,960,394,304,10,70,6342,11289,3431856,4,8,In Stock,Yes,1040
52060,Product 4447,Sports,Basic,Supplier E,Pune WH,13-05-2025,May,155,374,490,34,74,2456,868,425320,3.5,16,Out of Stock,No,5
52061,Product 1385,Electronics,Basic,Supplier D,Mumbai WH,10-04-2025,April,686,287,176,13,51,5921,210,36960,2.6,20,In Stock,No,784
52062,Product 3192,Fashion,Premium,Supplier E,Bengaluru WH,17-08-2025,August,861,390,394,48,159,1407,10200,4018800,4.7,11,Out of Stock,No,809
52063,Product 3466,Electronics,Basic,Supplier C,Mumbai WH,06-01-2025,January,995,95,193,42,65,6694,851,164243,4.9,14,In Stock,No,855
52064,Product 5966,Grocery,Premium,Supplier D,Mumbai WH,02-05-2025,May,154,146,6,12,127,9420,8294,49764,3.8,19,In Stock,No,282
52065,Product 4184,Sports,Standard,Supplier B,Mumbai WH,17-01-2025,January,863,319,201,30,91,6387,8513,1711113,2.5,18,In Stock,No,951
52066,Product 9969,Fashion,Special,Supplier B,Bengaluru WH,26-10-2025,October,346,264,589,30,48,4553,1225,721525,2.6,18,In Stock,No,-9
52067,Product 9382,Sports,Premium,Supplier C,Mumbai WH,05-02-2025,February,458,331,74,5,171,8153,11840,876160,2.8,8,Low Stock,No,710
52068,Product 5214,Grocery,Basic,Supplier E,Bengaluru WH,09-01-2025,January,719,290,636,16,59,3422,535,340260,4.5,10,In Stock,No,357
52069,Product 8510,Grocery,Basic,Supplier A,Mumbai WH,13-03-2025,March,321,138,408,19,127,1780,12030,4908240,4,14,Low Stock,No,32
52070,Product 8814,Fashion,Special,Supplier C,Hyderabad WH,14-08-2025,August,47,387,314,35,60,4992,2394,751716,2.9,17,In Stock,No,85
52071,Product 8390,Fashion,Standard,Supplier A,Delhi WH,15-02-2025,February,724,58,575,21,55,4026,8901,5118075,3.8,3,In Stock,Yes,186
52072,Product 3723,Electronics,Premium,Supplier D,Pune WH,10-04-2025,April,434,457,94,25,51,4883,14285,1342790,4.6,19,Low Stock,No,772
52073,Product 4302,Grocery,Basic,Supplier B,Hyderabad WH,28-08-2025,August,301,458,532,10,141,6384,7130,3793160,3.2,7,In Stock,Yes,217
52074,Product 7798,Sports,Basic,Supplier C,Hyderabad WH,11-11-2025,November,107,470,587,23,155,3020,3096,1817352,4.4,12,In Stock,No,-33
52075,Product 4201,Electronics,Premium,Supplier E,Pune WH,19-01-2025,January,217,236,401,1,29,2587,2306,924706,3.3,19,In Stock,No,51
52076,Product 1691,Beauty,Standard,Supplier D,Mumbai WH,13-03-2025,March,526,388,585,25,91,9330,6364,3722940,3.3,15,Low Stock,No,304
52077,Product 2676,Electronics,Basic,Supplier D,Delhi WH,13-10-2025,October,672,164,563,50,123,5215,14771,8316073,4.2,15,In Stock,No,223
52078,Product 1351,Beauty,Premium,Supplier C,Mumbai WH,11-05-2025,May,208,472,218,47,189,6632,946,206228,2.9,11,In Stock,Yes,415
52079,Product 9918,Beauty,Premium,Supplier C,Delhi WH,19-08-2025,August,146,470,459,16,34,8076,12059,5535081,3.3,13,In Stock,No,141
52080,Product 2781,Home,Standard,Supplier B,Bengaluru WH,16-06-2025,June,536,199,300,27,161,7381,11005,3301500,4.2,18,In Stock,No,408
52081,Product 3009,Beauty,Premium,Supplier D,Pune WH,20-03-2025,March,476,494,572,11,70,3925,3385,1936220,3.1,8,In Stock,No,387
52082,Product 2270,Fashion,Standard,Supplier E,Bengaluru WH,11-05-2025,May,38,179,171,4,106,2717,8068,1379628,4.2,16,In Stock,No,42
52083,Product 9568,Beauty,Premium,Supplier D,Pune WH,03-09-2025,September,375,210,555,47,137,878,7431,4124205,3.4,8,In Stock,No,-17
52084,Product 5726,Electronics,Special,Supplier A,Hyderabad WH,18-11-2025,November,70,48,691,20,111,5264,6994,4832854,2.9,5,In Stock,No,-593
52085,Product 7823,Grocery,Premium,Supplier D,Delhi WH,27-10-2025,October,607,276,221,37,20,2287,8071,1783691,4.5,8,In Stock,No,625
52086,Product 9171,Grocery,Premium,Supplier D,Mumbai WH,07-01-2025,January,183,362,567,2,121,1001,3692,2093364,2.7,20,In Stock,No,-24
52087,Product 1808,Fashion,Special,Supplier E,Pune WH,25-06-2025,June,182,349,481,24,24,5557,5204,2503124,3.1,9,In Stock,No,26
52088,Product 4594,Beauty,Basic,Supplier C,Mumbai WH,18-07-2025,July,187,172,330,46,130,3322,13815,4558950,2.7,20,Low Stock,Yes,-17
52089,Product 2387,Beauty,Basic,Supplier D,Hyderabad WH,16-08-2025,August,459,378,290,34,96,9230,14042,4072180,4.4,15,Low Stock,No,513
52090,Product 5927,Grocery,Premium,Supplier D,Bengaluru WH,02-10-2025,October,181,232,33,4,179,5557,9119,300927,3.9,10,In Stock,No,376
52091,Product 2240,Sports,Standard,Supplier C,Bengaluru WH,08-09-2025,September,767,126,690,21,43,621,8234,5681460,4.4,13,In Stock,No,182
52092,Product 5061,Fashion,Standard,Supplier D,Mumbai WH,09-07-2025,July,47,243,635,13,50,3193,12812,8135620,3.9,5,In Stock,No,-358
52093,Product 5525,Grocery,Special,Supplier E,Hyderabad WH,01-02-2025,February,818,84,623,17,21,8051,14188,8839124,3.8,5,Low Stock,Yes,262
52094,Product 3361,Electronics,Premium,Supplier B,Pune WH,10-07-2025,July,45,133,147,40,30,2762,4798,705306,3.6,4,Low Stock,Yes,-9
52095,Product 8894,Grocery,Basic,Supplier D,Bengaluru WH,02-06-2025,June,460,357,409,16,187,7513,9209,3766481,4.3,13,In Stock,Yes,392
52096,Product 9747,Electronics,Premium,Supplier E,Hyderabad WH,26-06-2025,June,944,309,34,34,50,7796,13763,467942,5,8,Out of Stock,Yes,1185
52097,Product 4062,Grocery,Special,Supplier D,Bengaluru WH,23-08-2025,August,99,252,342,38,138,6873,11460,3919320,2.8,1,In Stock,No,-29
52098,Product 2255,Grocery,Premium,Supplier B,Bengaluru WH,18-08-2025,August,178,194,576,47,73,2818,6228,3587328,2.9,18,In Stock,Yes,-251
52099,Product 7364,Fashion,Basic,Supplier B,Mumbai WH,21-12-2025,December,741,461,657,20,157,2227,756,496692,4.4,1,In Stock,No,525
52100,Product 8071,Electronics,Special,Supplier A,Pune WH,13-10-2025,October,730,153,181,33,112,9080,11762,2128922,3,4,Out of Stock,No,669
52101,Product 6982,Beauty,Special,Supplier A,Bengaluru WH,16-06-2025,June,442,45,590,2,163,9021,5898,3479820,4.6,17,In Stock,No,-105
52102,Product 9180,Fashion,Special,Supplier C,Pune WH,06-08-2025,August,972,482,138,13,120,875,1190,164220,4.7,1,Low Stock,No,1303
52103,Product 5916,Home,Standard,Supplier B,Hyderabad WH,07-10-2025,October,541,266,343,16,117,5236,9322,3197446,2.9,9,In Stock,No,448
52104,Product 7877,Sports,Special,Supplier D,Bengaluru WH,21-08-2025,August,119,427,636,41,111,535,13917,8851212,4.2,2,In Stock,No,-131
52105,Product 6987,Grocery,Basic,Supplier C,Mumbai WH,13-06-2025,June,901,225,511,26,178,4296,8599,4394089,2.8,20,In Stock,Yes,589
52106,Product 3351,Home,Premium,Supplier D,Bengaluru WH,12-04-2025,April,942,172,657,37,58,6899,6314,4148298,3.7,6,In Stock,No,420
52107,Product 8857,Home,Standard,Supplier B,Hyderabad WH,26-06-2025,June,409,240,690,20,79,714,12569,8672610,2.6,17,In Stock,No,-61
52108,Product 3750,Fashion,Standard,Supplier D,Pune WH,04-08-2025,August,140,392,187,20,124,2910,7550,1411850,3.8,18,In Stock,No,325
52109,Product 3072,Home,Basic,Supplier D,Pune WH,17-01-2025,January,207,15,348,45,62,8772,4066,1414968,4.1,10,In Stock,No,-171
52110,Product 1299,Electronics,Special,Supplier E,Hyderabad WH,24-12-2025,December,950,357,378,30,51,9647,7687,2905686,3.6,9,Low Stock,No,899
52111,Product 3723,Home,Basic,Supplier E,Pune WH,25-11-2025,November,638,434,246,33,71,3723,1868,459528,2.8,11,In Stock,No,793
52112,Product 8196,Grocery,Basic,Supplier A,Mumbai WH,26-12-2025,December,984,124,603,25,156,8953,4419,2664657,4.4,18,Low Stock,No,480
52113,Product 3120,Home,Premium,Supplier C,Pune WH,28-10-2025,October,908,399,604,42,159,3948,12728,7687712,4.6,11,In Stock,No,661
52114,Product 8273,Electronics,Standard,Supplier C,Mumbai WH,08-08-2025,August,820,436,459,20,113,9378,8369,3841371,4.7,19,In Stock,No,777
52115,Product 4085,Fashion,Premium,Supplier B,Delhi WH,01-04-2025,April,951,282,68,42,86,2893,2457,167076,3.9,11,Low Stock,No,1123
52116,Product 1383,Electronics,Premium,Supplier D,Bengaluru WH,13-12-2025,December,532,148,146,30,68,6221,13381,1953626,3.7,16,Low Stock,No,504
52117,Product 4496,Electronics,Standard,Supplier D,Mumbai WH,11-06-2025,June,326,144,610,50,135,4066,14160,8637600,4.4,15,Out of Stock,No,-190
52118,Product 9722,Grocery,Premium,Supplier D,Delhi WH,22-11-2025,November,609,357,422,44,83,5147,4852,2047544,3.6,2,In Stock,Yes,500
52119,Product 3448,Grocery,Special,Supplier C,Pune WH,30-01-2025,January,176,63,367,43,186,6604,10852,3982684,4.9,16,In Stock,No,-171
52120,Product 2551,Beauty,Premium,Supplier C,Bengaluru WH,22-09-2025,September,608,405,691,11,102,7183,1145,791195,3.4,17,In Stock,No,311
52121,Product 8768,Sports,Premium,Supplier B,Pune WH,19-06-2025,June,806,21,187,25,155,2676,12097,2262139,4.5,10,Out of Stock,Yes,615
52122,Product 8213,Sports,Special,Supplier E,Mumbai WH,02-08-2025,August,752,110,460,25,65,7581,7003,3221380,3.9,19,In Stock,No,377
52123,Product 8119,Fashion,Special,Supplier D,Delhi WH,07-10-2025,October,751,360,669,47,116,8398,7157,4788033,3.2,9,Low Stock,No,395
52124,Product 9852,Beauty,Premium,Supplier C,Bengaluru WH,15-10-2025,October,413,267,467,14,158,2886,6503,3036901,4.7,11,In Stock,No,199
52125,Product 1196,Grocery,Premium,Supplier B,Bengaluru WH,25-11-2025,November,240,398,651,35,37,5737,8959,5832309,4.4,9,In Stock,No,-48
52126,Product 1814,Home,Standard,Supplier A,Pune WH,02-07-2025,July,37,190,601,35,100,2284,11834,7112234,5,11,In Stock,No,-409
52127,Product 4259,Beauty,Special,Supplier A,Delhi WH,29-07-2025,July,209,153,135,16,99,4601,1881,253935,4.1,11,In Stock,No,211
52128,Product 8184,Grocery,Basic,Supplier B,Bengaluru WH,15-02-2025,February,165,408,655,9,142,102,8663,5674265,3.9,7,Low Stock,No,-91
52129,Product 2805,Beauty,Premium,Supplier D,Bengaluru WH,20-09-2025,September,410,393,236,13,126,720,7010,1654360,3.2,10,In Stock,Yes,554
52130,Product 7878,Grocery,Standard,Supplier A,Delhi WH,08-07-2025,July,551,483,52,33,178,1446,8313,432276,2.9,18,In Stock,No,949
52131,Product 5984,Grocery,Basic,Supplier E,Hyderabad WH,29-10-2025,October,237,293,315,14,98,4168,13756,4333140,2.7,19,Low Stock,No,201
52132,Product 1520,Fashion,Basic,Supplier E,Hyderabad WH,25-04-2025,April,609,204,109,32,94,3297,13950,1520550,3.9,6,In Stock,Yes,672
52133,Product 7764,Sports,Premium,Supplier A,Delhi WH,31-07-2025,July,456,370,633,36,174,5402,14848,9398784,3,14,In Stock,No,157
52134,Product 2115,Beauty,Standard,Supplier C,Delhi WH,24-08-2025,August,722,482,467,49,175,7735,10063,4699421,2.6,7,In Stock,No,688
52135,Product 3933,Home,Basic,Supplier C,Delhi WH,14-02-2025,February,187,415,152,28,46,5343,3017,458584,4.9,15,Low Stock,No,422
52136,Product 3072,Sports,Premium,Supplier C,Delhi WH,29-06-2025,June,648,152,597,36,44,7234,12871,7683987,4.1,2,In Stock,No,167
52137,Product 1601,Grocery,Premium,Supplier E,Bengaluru WH,18-05-2025,May,618,432,111,31,114,6764,10100,1121100,2.6,3,In Stock,No,908
52138,Product 9104,Beauty,Basic,Supplier D,Bengaluru WH,26-04-2025,April,956,467,210,12,141,2777,6171,1295910,4.4,9,In Stock,No,1201
52139,Product 3192,Home,Standard,Supplier C,Mumbai WH,24-06-2025,June,666,43,241,24,89,1428,1441,347281,3.3,19,Low Stock,Yes,444
52140,Product 9813,Grocery,Standard,Supplier B,Bengaluru WH,11-12-2025,December,196,329,56,32,111,9166,6918,387408,3.5,4,Low Stock,No,437
52141,Product 1879,Electronics,Premium,Supplier E,Hyderabad WH,18-06-2025,June,616,466,662,3,185,2708,8620,5706440,2.5,1,In Stock,No,417
52142,Product 9601,Electronics,Basic,Supplier D,Delhi WH,30-01-2025,January,191,140,223,48,164,4496,5520,1230960,3.9,3,Low Stock,No,60
52143,Product 2171,Fashion,Premium,Supplier D,Pune WH,02-05-2025,May,997,201,500,21,196,3177,3426,1713000,4.9,12,In Stock,No,677
52144,Product 4966,Home,Standard,Supplier D,Hyderabad WH,02-10-2025,October,525,428,551,3,108,5928,10337,5695687,3.3,7,In Stock,No,399
52145,Product 1263,Home,Basic,Supplier B,Bengaluru WH,31-10-2025,October,40,163,334,1,52,5774,10695,3572130,4.3,7,Out of Stock,No,-132
52146,Product 3143,Home,Special,Supplier E,Mumbai WH,12-06-2025,June,478,147,520,25,49,682,5560,2891200,3.6,16,In Stock,No,80
52147,Product 2623,Beauty,Premium,Supplier B,Delhi WH,13-07-2025,July,352,320,356,19,169,4136,6023,2144188,4.2,20,In Stock,No,297
52148,Product 5825,Electronics,Standard,Supplier B,Delhi WH,18-05-2025,May,612,173,600,30,82,3144,9826,5895600,2.5,17,In Stock,No,155
52149,Product 2967,Sports,Premium,Supplier E,Mumbai WH,23-09-2025,September,422,413,391,15,145,5492,12420,4856220,4.4,19,In Stock,No,429
52150,Product 8745,Fashion,Standard,Supplier C,Delhi WH,10-06-2025,June,54,93,58,0,98,6886,9462,548796,4.7,15,In Stock,Yes,89
52151,Product 2813,Home,Basic,Supplier A,Pune WH,12-05-2025,May,25,397,291,40,158,4059,9823,2858493,3.8,16,Out of Stock,No,91
52152,Product 2768,Beauty,Standard,Supplier C,Hyderabad WH,02-04-2025,April,539,267,478,50,103,8929,4716,2254248,3.4,11,Out of Stock,No,278
52153,Product 5744,Fashion,Standard,Supplier A,Hyderabad WH,12-12-2025,December,362,169,141,5,188,8497,3403,479823,4.3,18,In Stock,No,385
52154,Product 1910,Electronics,Basic,Supplier C,Delhi WH,19-03-2025,March,432,160,13,45,70,2902,11230,145990,2.8,4,In Stock,No,534
52155,Product 5333,Home,Basic,Supplier C,Bengaluru WH,08-02-2025,February,941,446,43,45,190,3764,7119,306117,4.8,16,Out of Stock,No,1299
52156,Product 8063,Electronics,Special,Supplier E,Bengaluru WH,08-05-2025,May,779,241,456,49,72,9085,9870,4500720,4.8,18,In Stock,Yes,515
52157,Product 4488,Home,Basic,Supplier C,Delhi WH,17-01-2025,January,892,402,471,35,193,76,12985,6115935,4.9,14,In Stock,No,788
52158,Product 8129,Beauty,Special,Supplier D,Pune WH,20-04-2025,April,164,411,1,3,118,4253,7565,7565,3.1,4,In Stock,Yes,571
52159,Product 4499,Beauty,Basic,Supplier E,Pune WH,03-12-2025,December,151,234,12,27,138,2824,9493,113916,4.4,5,Low Stock,Yes,346
52160,Product 3488,Grocery,Standard,Supplier D,Bengaluru WH,18-08-2025,August,621,182,696,30,151,1067,1561,1086456,3.9,13,In Stock,Yes,77
52161,Product 8686,Home,Premium,Supplier D,Pune WH,17-09-2025,September,971,139,260,27,34,5178,7415,1927900,4,5,Out of Stock,No,823
52162,Product 6513,Grocery,Special,Supplier D,Bengaluru WH,18-02-2025,February,161,461,687,40,55,5254,9235,6344445,4.6,6,In Stock,No,-105
52163,Product 5448,Grocery,Standard,Supplier C,Pune WH,03-07-2025,July,420,218,626,4,133,8783,1680,1051680,3.2,17,Low Stock,No,8
52164,Product 6164,Fashion,Standard,Supplier D,Bengaluru WH,18-09-2025,September,554,481,672,43,165,7789,8707,5851104,3.3,14,In Stock,No,320
52165,Product 6498,Sports,Premium,Supplier A,Delhi WH,08-04-2025,April,126,453,538,16,140,8806,10233,5505354,3.5,7,In Stock,Yes,25
52166,Product 3363,Sports,Special,Supplier B,Pune WH,05-04-2025,April,187,281,563,13,192,824,9042,5090646,4.4,8,In Stock,No,-108
52167,Product 5398,Fashion,Basic,Supplier A,Bengaluru WH,25-12-2025,December,229,128,102,0,102,9659,13587,1385874,3.8,2,Out of Stock,No,255
52168,Product 1480,Electronics,Special,Supplier A,Pune WH,07-07-2025,July,65,98,312,28,151,7887,8007,2498184,5,13,In Stock,No,-177
52169,Product 1359,Fashion,Premium,Supplier E,Pune WH,04-06-2025,June,119,303,573,19,108,5173,4862,2785926,3,7,In Stock,No,-170
52170,Product 5587,Grocery,Basic,Supplier A,Hyderabad WH,12-01-2025,January,110,299,425,11,98,2510,11749,4993325,3.1,10,In Stock,No,-27
52171,Product 3373,Fashion,Special,Supplier E,Pune WH,07-05-2025,May,641,393,450,15,188,8587,448,201600,4.2,13,Out of Stock,No,569
52172,Product 6890,Sports,Basic,Supplier B,Delhi WH,01-08-2025,August,125,66,106,33,32,6070,8178,866868,4.7,11,Out of Stock,No,52
52173,Product 4641,Fashion,Standard,Supplier C,Bengaluru WH,08-07-2025,July,769,122,78,47,89,7302,5958,464724,4.3,18,In Stock,No,766
52174,Product 1758,Sports,Premium,Supplier D,Bengaluru WH,31-08-2025,August,770,365,539,38,109,722,12051,6495489,4.3,5,Low Stock,No,558
52175,Product 4854,Grocery,Premium,Supplier D,Bengaluru WH,30-01-2025,January,348,366,444,48,173,8889,1901,844044,4.4,12,In Stock,No,222
52176,Product 5402,Grocery,Special,Supplier D,Delhi WH,12-08-2025,August,411,27,277,40,120,3127,3270,905790,3.7,10,In Stock,No,121
52177,Product 5976,Grocery,Standard,Supplier B,Hyderabad WH,10-06-2025,June,640,63,102,23,102,8570,13578,1384956,4.9,16,In Stock,No,578
52178,Product 4719,Fashion,Premium,Supplier D,Delhi WH,16-02-2025,February,769,445,529,50,130,2116,1883,996107,4.9,4,Low Stock,Yes,635
52179,Product 5414,Fashion,Special,Supplier D,Hyderabad WH,25-09-2025,September,762,35,237,43,192,3880,1448,343176,4.4,6,Low Stock,No,517
52180,Product 8075,Grocery,Basic,Supplier E,Delhi WH,28-06-2025,June,209,67,135,1,140,8859,11931,1610685,3.5,5,Low Stock,No,140
52181,Product 6969,Fashion,Basic,Supplier C,Mumbai WH,21-01-2025,January,943,154,7,50,162,770,13737,96159,4.1,20,In Stock,No,1040
52182,Product 5851,Beauty,Standard,Supplier D,Hyderabad WH,21-07-2025,July,291,356,65,15,155,1490,5692,369980,3.3,2,In Stock,No,567
52183,Product 8860,Fashion,Premium,Supplier C,Mumbai WH,17-08-2025,August,830,423,463,12,42,6498,7750,3588250,3.9,18,Low Stock,No,778
52184,Product 6339,Electronics,Basic,Supplier B,Pune WH,10-03-2025,March,280,464,616,35,76,2624,12559,7736344,3.5,2,In Stock,Yes,93
52185,Product 2620,Fashion,Basic,Supplier B,Pune WH,17-12-2025,December,552,232,480,44,176,6159,5240,2515200,3.7,18,In Stock,Yes,260
52186,Product 6321,Grocery,Premium,Supplier C,Delhi WH,24-01-2025,January,308,142,566,9,24,7242,5433,3075078,3.2,20,Out of Stock,No,-125
52187,Product 4163,Fashion,Standard,Supplier A,Pune WH,27-12-2025,December,254,106,427,1,23,5958,9522,4065894,4.7,17,In Stock,No,-68
52188,Product 5457,Fashion,Special,Supplier E,Pune WH,14-05-2025,May,29,350,31,14,105,7341,11026,341806,3.6,15,In Stock,Yes,334
52189,Product 4572,Grocery,Basic,Supplier E,Delhi WH,07-09-2025,September,615,158,585,46,87,9175,6193,3622905,4.3,13,In Stock,No,142
52190,Product 4249,Home,Standard,Supplier A,Bengaluru WH,08-05-2025,May,921,425,300,45,90,1358,3138,941400,4.9,2,Low Stock,No,1001
52191,Product 4917,Beauty,Basic,Supplier C,Mumbai WH,05-05-2025,May,619,262,375,41,20,6441,11821,4432875,3.3,6,In Stock,No,465
52192,Product 4819,Sports,Standard,Supplier A,Delhi WH,21-11-2025,November,532,237,660,20,37,5133,7552,4984320,3.9,2,In Stock,No,89
52193,Product 1819,Beauty,Premium,Supplier B,Pune WH,27-10-2025,October,607,277,503,27,107,9905,2346,1180038,4,4,In Stock,No,354
52194,Product 8780,Grocery,Standard,Supplier C,Hyderabad WH,07-02-2025,February,759,483,222,16,134,8699,6482,1439004,3.1,3,In Stock,No,1004
52195,Product 1959,Home,Premium,Supplier C,Mumbai WH,21-08-2025,August,43,452,433,1,177,5051,1302,563766,4.1,6,In Stock,No,61
52196,Product 4923,Home,Premium,Supplier C,Mumbai WH,28-06-2025,June,673,295,538,47,55,7755,2102,1130876,3.9,17,In Stock,No,383
52197,Product 2264,Beauty,Basic,Supplier D,Mumbai WH,07-06-2025,June,709,251,528,8,43,991,13631,7197168,3.3,7,In Stock,No,424
52198,Product 3905,Sports,Standard,Supplier D,Delhi WH,20-04-2025,April,738,51,384,2,46,613,567,217728,4.9,14,In Stock,Yes,403
52199,Product 9418,Beauty,Standard,Supplier C,Bengaluru WH,29-04-2025,April,577,220,90,42,33,5238,11558,1040220,2.7,1,Low Stock,No,665
52200,Product 5912,Sports,Standard,Supplier C,Pune WH,09-03-2025,March,844,125,502,7,172,5718,5774,2898548,4.4,6,In Stock,No,460
52201,Product 6182,Fashion,Premium,Supplier B,Hyderabad WH,10-03-2025,March,268,210,576,13,178,8152,730,420480,3.2,16,In Stock,No,-111
52202,Product 7066,Home,Special,Supplier C,Mumbai WH,14-11-2025,November,387,478,618,36,78,1377,4294,2653692,4.6,14,Low Stock,No,211
52203,Product 5752,Grocery,Special,Supplier C,Hyderabad WH,21-08-2025,August,790,209,305,2,187,6981,12816,3908880,4.6,19,In Stock,No,692
52204,Product 1068,Grocery,Standard,Supplier E,Pune WH,24-09-2025,September,133,272,213,34,198,8515,13965,2974545,3.3,12,Low Stock,No,158
52205,Product 2149,Beauty,Premium,Supplier E,Pune WH,19-11-2025,November,167,286,543,21,184,5837,11190,6076170,4.9,5,Low Stock,No,-111
52206,Product 6009,Beauty,Premium,Supplier C,Mumbai WH,12-03-2025,March,530,93,398,3,127,3152,4941,1966518,3.2,3,In Stock,No,222
52207,Product 4079,Grocery,Basic,Supplier E,Mumbai WH,08-10-2025,October,371,484,636,32,150,3007,6249,3974364,4.8,10,In Stock,No,187
52208,Product 1197,Grocery,Basic,Supplier A,Mumbai WH,17-03-2025,March,827,280,472,34,198,3409,12668,5979296,4.3,10,In Stock,No,601
52209,Product 9661,Sports,Special,Supplier C,Mumbai WH,27-04-2025,April,26,343,459,38,177,5146,11776,5405184,4.5,4,Low Stock,No,-128
52210,Product 4164,Electronics,Premium,Supplier B,Mumbai WH,01-05-2025,May,97,312,657,27,99,5968,5300,3482100,3.8,16,Low Stock,Yes,-275
52211,Product 1599,Beauty,Special,Supplier A,Delhi WH,12-02-2025,February,793,469,385,48,82,1675,508,195580,2.9,19,In Stock,No,829
52212,Product 3315,Sports,Special,Supplier C,Mumbai WH,08-02-2025,February,122,257,611,5,109,2973,9282,5671302,4.9,10,In Stock,No,-237
52213,Product 8863,Beauty,Basic,Supplier D,Hyderabad WH,27-02-2025,February,468,213,278,11,138,7020,13455,3740490,3.4,2,In Stock,No,392
52214,Product 9606,Sports,Premium,Supplier C,Hyderabad WH,28-05-2025,May,899,391,333,6,196,2120,7916,2636028,3.9,20,In Stock,No,951
52215,Product 4023,Grocery,Special,Supplier B,Bengaluru WH,19-04-2025,April,993,334,403,10,37,3925,3669,1478607,3.6,9,Low Stock,No,914
52216,Product 1046,Fashion,Special,Supplier B,Bengaluru WH,09-05-2025,May,676,233,535,20,141,3508,4018,2149630,4.1,14,Low Stock,Yes,354
52217,Product 1691,Sports,Premium,Supplier A,Delhi WH,13-12-2025,December,285,429,447,35,116,7874,14824,6626328,4.5,13,Low Stock,No,232
52218,Product 1432,Sports,Premium,Supplier A,Pune WH,14-02-2025,February,588,27,62,0,128,1068,2507,155434,3.8,14,In Stock,No,553
52219,Product 3478,Sports,Premium,Supplier A,Delhi WH,08-04-2025,April,712,430,431,32,163,3381,4906,2114486,3,2,In Stock,No,679
52220,Product 3158,Grocery,Premium,Supplier C,Bengaluru WH,29-08-2025,August,320,267,549,47,134,9031,14735,8089515,4.6,15,In Stock,Yes,-9
52221,Product 5652,Home,Standard,Supplier E,Bengaluru WH,30-12-2025,December,92,478,655,44,22,5862,689,451295,4,7,Out of Stock,No,-129
52222,Product 8803,Beauty,Premium,Supplier B,Delhi WH,15-08-2025,August,317,392,401,37,113,4188,8345,3346345,2.6,2,Low Stock,No,271
52223,Product 2505,Fashion,Basic,Supplier A,Bengaluru WH,19-12-2025,December,995,296,517,50,179,4345,6510,3365670,3.8,9,In Stock,No,724
52224,Product 2315,Electronics,Premium,Supplier E,Delhi WH,22-04-2025,April,503,417,298,20,103,6382,5246,1563308,3.7,3,Out of Stock,No,602
52225,Product 6619,Electronics,Standard,Supplier A,Hyderabad WH,09-01-2025,January,803,231,370,34,106,2287,9734,3601580,3.9,8,Out of Stock,No,630
52226,Product 7418,Fashion,Standard,Supplier E,Hyderabad WH,20-06-2025,June,584,144,265,3,29,2541,1537,407305,2.6,12,In Stock,No,460
52227,Product 4273,Grocery,Premium,Supplier E,Bengaluru WH,06-11-2025,November,1000,394,149,32,48,3062,749,111601,4.5,13,In Stock,No,1213
52228,Product 2620,Grocery,Premium,Supplier D,Bengaluru WH,15-09-2025,September,576,482,230,11,100,2789,10608,2439840,3.1,14,In Stock,No,817
52229,Product 8895,Home,Special,Supplier E,Hyderabad WH,04-04-2025,April,295,196,474,24,120,432,3410,1616340,4.4,17,Low Stock,No,-7
52230,Product 1848,Home,Premium,Supplier A,Pune WH,09-06-2025,June,34,470,176,26,119,8731,12108,2131008,3.5,7,In Stock,No,302
52231,Product 1977,Fashion,Basic,Supplier A,Hyderabad WH,27-12-2025,December,574,374,497,49,191,9458,4944,2457168,3.5,13,Low Stock,Yes,402
52232,Product 5580,Grocery,Premium,Supplier D,Hyderabad WH,30-09-2025,September,25,202,648,38,60,3888,5754,3728592,3.4,8,In Stock,No,-459
52233,Product 8193,Home,Standard,Supplier E,Bengaluru WH,22-01-2025,January,204,25,81,22,103,6170,4377,354537,3.7,10,In Stock,No,126
52234,Product 1912,Home,Standard,Supplier E,Hyderabad WH,09-06-2025,June,715,361,495,30,176,3087,1956,968220,2.8,4,In Stock,No,551
52235,Product 3812,Grocery,Standard,Supplier C,Delhi WH,10-12-2025,December,747,135,402,23,39,2905,14081,5660562,4.2,5,In Stock,Yes,457
52236,Product 6120,Home,Special,Supplier A,Pune WH,16-10-2025,October,284,179,343,40,50,564,13519,4637017,4.1,2,In Stock,No,80
52237,Product 3032,Home,Basic,Supplier E,Mumbai WH,21-12-2025,December,800,58,650,43,142,4766,9251,6013150,4.5,19,In Stock,No,165
52238,Product 4304,Grocery,Special,Supplier E,Hyderabad WH,18-09-2025,September,645,205,301,44,63,897,206,62006,2.7,4,In Stock,No,505
52239,Product 4628,Grocery,Special,Supplier B,Pune WH,20-09-2025,September,780,419,352,24,169,7639,3287,1157024,3,20,In Stock,No,823
52240,Product 8129,Electronics,Premium,Supplier D,Hyderabad WH,29-10-2025,October,751,224,285,4,140,6448,9116,2598060,3.5,11,Low Stock,No,686
52241,Product 8607,Sports,Standard,Supplier E,Pune WH,02-09-2025,September,686,113,92,22,161,6891,10956,1007952,4.9,8,Out of Stock,No,685
52242,Product 2220,Home,Special,Supplier A,Delhi WH,08-07-2025,July,162,10,48,22,194,9407,13113,629424,4.1,20,Out of Stock,Yes,102
52243,Product 1233,Grocery,Basic,Supplier E,Pune WH,12-07-2025,July,850,264,606,11,51,4510,1893,1147158,3.3,5,Out of Stock,No,497
52244,Product 5325,Sports,Special,Supplier B,Delhi WH,10-12-2025,December,545,45,314,49,108,563,7680,2411520,3.4,8,In Stock,No,227
52245,Product 2254,Fashion,Basic,Supplier E,Hyderabad WH,23-11-2025,November,393,400,229,44,191,2196,11344,2597776,3.9,8,Low Stock,No,520
52246,Product 2415,Home,Premium,Supplier D,Hyderabad WH,25-10-2025,October,23,376,48,1,170,6488,1272,61056,2.6,17,In Stock,No,350
52247,Product 8399,Home,Standard,Supplier C,Bengaluru WH,16-06-2025,June,743,460,585,9,193,4475,5794,3389490,2.9,12,Out of Stock,No,609
52248,Product 3497,Fashion,Standard,Supplier C,Pune WH,06-03-2025,March,882,97,1,43,197,6932,7321,7321,2.7,1,Low Stock,No,935
52249,Product 2791,Beauty,Special,Supplier A,Pune WH,24-01-2025,January,865,262,588,10,136,3086,3801,2234988,3.1,12,In Stock,No,529
52250,Product 2499,Fashion,Standard,Supplier E,Hyderabad WH,17-09-2025,September,428,99,193,0,60,8228,7777,1500961,4.5,16,In Stock,No,334
52251,Product 8729,Fashion,Standard,Supplier A,Bengaluru WH,26-01-2025,January,275,337,672,3,84,3860,11236,7550592,2.8,3,In Stock,No,-63
52252,Product 2287,Grocery,Special,Supplier E,Mumbai WH,30-10-2025,October,176,1,228,18,64,4094,14483,3302124,4.4,10,Low Stock,No,-69
52253,Product 5685,Beauty,Basic,Supplier E,Hyderabad WH,15-08-2025,August,291,47,593,20,33,3275,7289,4322377,4.4,16,Out of Stock,No,-275
52254,Product 9898,Home,Premium,Supplier C,Bengaluru WH,14-02-2025,February,657,478,569,36,51,5579,8681,4939489,2.5,4,In Stock,No,530
52255,Product 7131,Beauty,Special,Supplier D,Hyderabad WH,14-12-2025,December,430,218,167,8,51,4708,6403,1069301,3.2,18,Low Stock,No,473
52256,Product 8942,Home,Standard,Supplier D,Mumbai WH,13-12-2025,December,383,305,56,0,192,2919,10537,590072,4.5,7,In Stock,No,632
52257,Product 7741,Home,Special,Supplier B,Hyderabad WH,23-01-2025,January,542,168,60,46,110,3109,3455,207300,4,6,In Stock,Yes,604
52258,Product 4121,Grocery,Standard,Supplier E,Mumbai WH,15-09-2025,September,671,13,81,21,154,2995,13073,1058913,3.3,15,Low Stock,Yes,582
52259,Product 8727,Home,Standard,Supplier B,Bengaluru WH,12-04-2025,April,940,477,625,0,40,441,1040,650000,3.1,15,In Stock,No,792
52260,Product 8514,Home,Basic,Supplier A,Pune WH,23-01-2025,January,710,89,54,46,159,8450,6975,376650,3.1,4,In Stock,No,699
52261,Product 4243,Fashion,Basic,Supplier D,Hyderabad WH,11-02-2025,February,903,394,2,28,153,2729,9726,19452,3.7,1,Low Stock,No,1267
52262,Product 8816,Fashion,Standard,Supplier C,Bengaluru WH,22-01-2025,January,956,456,522,16,28,5014,9343,4877046,3.1,11,In Stock,No,874
52263,Product 1015,Fashion,Special,Supplier D,Mumbai WH,24-08-2025,August,372,316,216,46,157,4247,4702,1015632,4.5,10,In Stock,No,426
52264,Product 4363,Electronics,Standard,Supplier A,Bengaluru WH,13-01-2025,January,537,76,266,29,175,9018,4122,1096452,4.5,19,In Stock,Yes,318
52265,Product 6765,Home,Special,Supplier C,Bengaluru WH,11-09-2025,September,282,302,317,14,166,735,13161,4172037,4.9,2,In Stock,No,253
52266,Product 5527,Home,Premium,Supplier A,Delhi WH,25-09-2025,September,159,43,134,8,30,2789,4248,569232,4.7,7,In Stock,No,60
52267,Product 1847,Electronics,Standard,Supplier D,Mumbai WH,09-06-2025,June,412,199,45,35,127,8090,7780,350100,2.9,5,In Stock,No,531
52268,Product 5586,Home,Basic,Supplier A,Hyderabad WH,23-01-2025,January,929,3,298,7,39,6135,9121,2718058,3.9,18,In Stock,No,627
52269,Product 8115,Fashion,Basic,Supplier C,Hyderabad WH,14-04-2025,April,226,184,190,3,73,7040,2524,479560,2.5,19,Out of Stock,No,217
52270,Product 3068,Fashion,Special,Supplier E,Pune WH,30-04-2025,April,551,276,649,10,109,4443,2293,1488157,4.6,11,In Stock,No,168
52271,Product 9419,Fashion,Special,Supplier D,Pune WH,04-12-2025,December,572,50,599,37,120,9025,7141,4277459,3.9,16,Low Stock,Yes,-14
52272,Product 3046,Sports,Standard,Supplier A,Pune WH,01-08-2025,August,549,291,68,49,192,9465,11098,754664,4.2,19,In Stock,No,723
52273,Product 1230,Home,Premium,Supplier A,Hyderabad WH,14-08-2025,August,126,31,309,44,56,3637,3484,1076556,3.2,12,In Stock,No,-196
52274,Product 6880,Electronics,Special,Supplier D,Hyderabad WH,25-10-2025,October,401,301,3,37,62,2051,655,1965,4.2,7,Low Stock,Yes,662
52275,Product 5685,Grocery,Special,Supplier C,Delhi WH,04-05-2025,May,200,125,211,27,154,8868,9855,2079405,3.6,18,In Stock,No,87
52276,Product 9362,Home,Basic,Supplier D,Bengaluru WH,18-11-2025,November,160,443,582,24,111,8433,12967,7546794,4.5,6,In Stock,No,-3
52277,Product 8449,Home,Standard,Supplier E,Delhi WH,07-11-2025,November,209,3,61,31,167,4932,3505,213805,4.1,16,In Stock,Yes,120
52278,Product 9973,Sports,Special,Supplier A,Mumbai WH,19-05-2025,May,772,354,276,36,178,266,7447,2055372,4.9,14,In Stock,Yes,814
52279,Product 6804,Electronics,Premium,Supplier A,Mumbai WH,29-11-2025,November,240,442,573,12,33,4832,10131,5805063,3.2,19,In Stock,No,97
52280,Product 7027,Electronics,Premium,Supplier C,Pune WH,02-04-2025,April,837,39,420,6,30,8386,10013,4205460,4.6,13,In Stock,No,450
52281,Product 4477,Sports,Premium,Supplier C,Pune WH,19-10-2025,October,318,125,419,9,196,6817,6720,2815680,3.6,17,Low Stock,No,15
52282,Product 3107,Home,Basic,Supplier E,Delhi WH,22-03-2025,March,61,431,512,17,64,2026,7740,3962880,5,13,In Stock,No,-37
52283,Product 4863,Fashion,Standard,Supplier C,Delhi WH,30-08-2025,August,326,191,290,9,179,5361,8982,2604780,4.7,7,In Stock,No,218
52284,Product 7002,Sports,Standard,Supplier B,Delhi WH,21-08-2025,August,950,352,330,5,84,3361,11894,3925020,3.2,10,Out of Stock,No,967
52285,Product 5015,Beauty,Basic,Supplier C,Mumbai WH,25-04-2025,April,517,27,479,43,165,1223,8016,3839664,3.7,1,Out of Stock,Yes,22
52286,Product 6224,Home,Basic,Supplier A,Mumbai WH,29-08-2025,August,672,6,323,15,148,7235,1309,422807,2.9,7,In Stock,No,340
52287,Product 9246,Home,Special,Supplier A,Mumbai WH,10-12-2025,December,42,492,628,8,42,2175,7160,4496480,3.2,11,Out of Stock,No,-102
52288,Product 6756,Beauty,Special,Supplier E,Bengaluru WH,08-03-2025,March,909,340,593,11,42,6567,11856,7030608,3.8,1,In Stock,No,645
52289,Product 1066,Sports,Special,Supplier E,Bengaluru WH,06-05-2025,May,688,34,79,6,119,1039,12213,964827,4.9,9,In Stock,No,637
52290,Product 5640,Beauty,Standard,Supplier C,Mumbai WH,22-10-2025,October,685,205,611,19,162,5420,2608,1593488,3.4,13,Low Stock,No,260
52291,Product 4821,Beauty,Standard,Supplier D,Hyderabad WH,04-07-2025,July,247,71,95,20,120,7508,9253,879035,3.2,15,In Stock,No,203
52292,Product 6278,Grocery,Premium,Supplier C,Mumbai WH,27-11-2025,November,135,305,690,9,197,67,1266,873540,4.6,14,Low Stock,No,-259
52293,Product 7783,Sports,Standard,Supplier E,Pune WH,25-10-2025,October,125,427,586,32,79,8700,10038,5882268,5,7,Low Stock,No,-66
52294,Product 5456,Electronics,Basic,Supplier B,Bengaluru WH,26-02-2025,February,179,471,365,44,27,70,9503,3468595,4.7,14,In Stock,No,241
52295,Product 9141,Fashion,Premium,Supplier E,Pune WH,03-12-2025,December,972,356,95,16,125,3128,12807,1216665,3.5,19,In Stock,No,1217
52296,Product 8956,Grocery,Special,Supplier B,Mumbai WH,07-07-2025,July,489,251,61,37,48,2089,3151,192211,4.9,14,In Stock,Yes,642
52297,Product 2823,Home,Standard,Supplier A,Delhi WH,28-11-2025,November,745,412,178,24,52,7915,7547,1343366,3.6,10,In Stock,Yes,955
52298,Product 9179,Grocery,Special,Supplier A,Pune WH,16-01-2025,January,942,406,282,1,189,6518,3417,963594,4,3,In Stock,Yes,1065
52299,Product 5957,Beauty,Basic,Supplier A,Hyderabad WH,01-02-2025,February,646,181,462,6,91,7175,1765,815430,3.8,5,In Stock,No,359
52300,Product 6874,Grocery,Standard,Supplier D,Pune WH,25-11-2025,November,793,436,361,5,158,8384,6335,2286935,3.5,12,Out of Stock,No,863
52301,Product 8982,Sports,Premium,Supplier E,Bengaluru WH,03-05-2025,May,164,40,193,1,134,580,12540,2420220,2.9,6,In Stock,No,10
52302,Product 8958,Fashion,Special,Supplier D,Pune WH,28-11-2025,November,602,351,120,26,87,3489,11393,1367160,2.7,5,In Stock,Yes,807
52303,Product 9755,Beauty,Standard,Supplier E,Delhi WH,14-06-2025,June,341,407,644,38,27,1573,10525,6778100,3.7,7,Low Stock,No,66
52304,Product 4329,Fashion,Special,Supplier C,Delhi WH,08-07-2025,July,477,82,60,33,79,5143,13763,825780,4.6,8,In Stock,No,466
52305,Product 4540,Home,Basic,Supplier C,Hyderabad WH,24-08-2025,August,684,146,57,6,102,9118,5105,290985,2.8,20,Low Stock,No,767
52306,Product 5240,Beauty,Special,Supplier A,Bengaluru WH,27-02-2025,February,310,458,357,39,106,1304,9070,3237990,4.2,12,Low Stock,No,372
52307,Product 2612,Grocery,Special,Supplier A,Mumbai WH,21-09-2025,September,307,198,655,1,120,895,14569,9542695,3.5,4,In Stock,No,-151
52308,Product 7432,Sports,Basic,Supplier E,Bengaluru WH,15-02-2025,February,30,3,233,50,86,8853,13736,3200488,4,19,In Stock,No,-250
52309,Product 3596,Fashion,Special,Supplier A,Hyderabad WH,21-06-2025,June,620,158,433,6,185,205,11787,5103771,2.8,16,In Stock,No,339
52310,Product 3766,Home,Basic,Supplier B,Mumbai WH,10-10-2025,October,463,311,683,42,118,7651,12344,8430952,4.5,3,In Stock,Yes,49
52311,Product 4100,Fashion,Premium,Supplier A,Pune WH,02-02-2025,February,957,430,464,16,42,2599,1232,571648,4.1,6,In Stock,No,907
52312,Product 7914,Electronics,Premium,Supplier E,Bengaluru WH,20-04-2025,April,795,412,460,25,99,7727,3646,1677160,4.9,3,Low Stock,No,722
52313,Product 9658,Sports,Special,Supplier E,Bengaluru WH,11-04-2025,April,484,120,676,35,82,4577,3312,2238912,4.4,13,In Stock,Yes,-107
52314,Product 4559,Beauty,Premium,Supplier E,Delhi WH,26-09-2025,September,109,127,679,21,141,6137,1582,1074178,3.9,13,In Stock,No,-464
52315,Product 5861,Beauty,Special,Supplier C,Delhi WH,03-02-2025,February,639,129,311,7,55,8903,10300,3203300,2.9,7,In Stock,No,450
52316,Product 5942,Fashion,Premium,Supplier C,Mumbai WH,08-08-2025,August,889,176,56,16,147,5184,14706,823536,3.2,3,In Stock,No,993
52317,Product 7799,Fashion,Basic,Supplier E,Hyderabad WH,08-08-2025,August,291,148,327,12,69,4110,13647,4462569,4.5,19,In Stock,Yes,100
52318,Product 3372,Grocery,Premium,Supplier D,Mumbai WH,22-04-2025,April,123,490,615,35,85,6361,12275,7549125,2.7,6,In Stock,Yes,-37
52319,Product 2813,Grocery,Basic,Supplier A,Hyderabad WH,05-03-2025,March,937,53,447,37,113,1819,14930,6673710,3,5,Out of Stock,No,506
52320,Product 3578,Grocery,Premium,Supplier C,Delhi WH,17-12-2025,December,780,202,445,24,142,5749,3804,1692780,4.5,12,In Stock,Yes,513
52321,Product 2458,Beauty,Basic,Supplier E,Delhi WH,18-10-2025,October,939,21,65,6,40,7656,5028,326820,2.9,20,In Stock,Yes,889
52322,Product 4725,Sports,Premium,Supplier B,Hyderabad WH,25-12-2025,December,206,96,258,23,84,3570,7653,1974474,3.1,6,In Stock,No,21
52323,Product 6262,Home,Premium,Supplier E,Mumbai WH,16-08-2025,August,980,481,469,2,139,9154,10778,5054882,2.5,3,Low Stock,No,990
52324,Product 1132,Sports,Standard,Supplier E,Pune WH,11-01-2025,January,341,78,379,2,39,5117,1167,442293,3.4,2,Out of Stock,No,38
52325,Product 7330,Sports,Basic,Supplier B,Mumbai WH,13-06-2025,June,109,213,330,44,34,5036,7489,2471370,3.7,1,Out of Stock,No,-52
52326,Product 9287,Electronics,Special,Supplier C,Pune WH,16-05-2025,May,261,437,32,31,28,2722,2846,91072,3.1,9,Low Stock,No,635
52327,Product 8591,Sports,Premium,Supplier D,Pune WH,18-07-2025,July,806,76,565,14,50,7641,14418,8146170,3.9,1,Out of Stock,Yes,303
52328,Product 4572,Beauty,Standard,Supplier B,Delhi WH,17-08-2025,August,585,128,39,13,165,7687,10895,424905,4.2,8,In Stock,No,661
52329,Product 1159,Electronics,Standard,Supplier E,Pune WH,18-02-2025,February,390,361,47,44,85,8745,1104,51888,4,14,Out of Stock,No,660
52330,Product 5162,Fashion,Special,Supplier A,Hyderabad WH,01-12-2025,December,477,232,161,25,181,1626,14748,2374428,3.9,16,In Stock,No,523
52331,Product 2293,Fashion,Standard,Supplier B,Delhi WH,13-09-2025,September,576,350,284,7,93,4076,1000,284000,4.5,17,In Stock,No,635
52332,Product 3375,Fashion,Standard,Supplier D,Delhi WH,18-09-2025,September,233,162,643,1,139,797,8393,5396699,2.8,11,In Stock,No,-249
52333,Product 3150,Home,Special,Supplier A,Pune WH,03-08-2025,August,955,103,31,0,146,7689,7481,231911,4.6,3,In Stock,No,1027
52334,Product 2802,Fashion,Basic,Supplier E,Hyderabad WH,04-04-2025,April,663,72,32,39,163,149,11555,369760,2.6,16,Low Stock,No,664
52335,Product 7074,Electronics,Premium,Supplier B,Delhi WH,02-04-2025,April,308,85,430,45,70,9629,204,87720,4.3,17,In Stock,No,-82
52336,Product 9846,Sports,Premium,Supplier A,Hyderabad WH,14-01-2025,January,200,29,137,47,40,4890,7875,1078875,3.4,15,In Stock,No,45
52337,Product 7445,Electronics,Special,Supplier D,Pune WH,05-11-2025,November,431,370,87,50,194,2425,11221,976227,2.7,12,In Stock,No,664
52338,Product 3879,Home,Special,Supplier A,Pune WH,23-10-2025,October,511,36,144,41,30,3355,4449,640656,4.8,9,In Stock,No,362
52339,Product 2405,Fashion,Standard,Supplier D,Bengaluru WH,25-10-2025,October,908,459,535,10,109,1298,1899,1015965,4.9,12,Low Stock,No,822
52340,Product 9498,Electronics,Premium,Supplier C,Pune WH,20-02-2025,February,675,115,501,41,49,7038,11424,5723424,4.6,7,In Stock,Yes,248
52341,Product 7507,Fashion,Basic,Supplier B,Bengaluru WH,27-08-2025,August,401,421,439,13,197,5779,8826,3874614,4.8,1,In Stock,No,370
52342,Product 3480,Sports,Standard,Supplier B,Mumbai WH,11-08-2025,August,344,202,581,16,164,4574,3859,2242079,3.8,3,Low Stock,No,-51
52343,Product 4935,Grocery,Special,Supplier B,Hyderabad WH,24-05-2025,May,526,187,633,8,127,4900,12685,8029605,3.4,3,Low Stock,No,72
52344,Product 1293,Home,Basic,Supplier A,Pune WH,15-11-2025,November,820,402,631,27,181,2677,12354,7795374,4.9,16,In Stock,No,564
52345,Product 7857,Sports,Special,Supplier D,Mumbai WH,28-09-2025,September,793,72,308,37,77,2913,6737,2074996,3.3,9,In Stock,No,520
52346,Product 5811,Beauty,Premium,Supplier C,Hyderabad WH,08-05-2025,May,455,147,671,41,99,9543,13724,9208804,3.6,16,Low Stock,No,-110
52347,Product 9964,Beauty,Basic,Supplier E,Mumbai WH,11-03-2025,March,999,337,509,47,132,247,8070,4107630,3.7,14,In Stock,No,780
52348,Product 5462,Fashion,Basic,Supplier B,Mumbai WH,24-09-2025,September,994,201,430,0,145,831,6703,2882290,3.5,1,In Stock,No,765
52349,Product 6075,Sports,Basic,Supplier B,Mumbai WH,08-01-2025,January,906,184,324,32,78,4833,1999,647676,3.3,12,In Stock,Yes,734
52350,Product 8657,Fashion,Special,Supplier A,Hyderabad WH,07-05-2025,May,755,230,497,40,36,1729,7095,3526215,4,20,In Stock,Yes,448
52351,Product 4664,Home,Basic,Supplier A,Mumbai WH,01-04-2025,April,584,292,316,47,137,8432,6941,2193356,4.7,2,In Stock,Yes,513
52352,Product 8605,Fashion,Standard,Supplier B,Pune WH,14-09-2025,September,199,376,129,34,164,711,13833,1784457,2.8,3,In Stock,No,412
52353,Product 9050,Beauty,Basic,Supplier D,Bengaluru WH,02-02-2025,February,652,60,556,50,188,6820,5132,2853392,4.8,9,In Stock,No,106
52354,Product 3438,Home,Premium,Supplier C,Pune WH,25-09-2025,September,554,286,560,34,99,2668,8440,4726400,4.4,11,In Stock,No,246
52355,Product 4141,Grocery,Basic,Supplier B,Pune WH,11-12-2025,December,435,123,361,18,173,8021,6652,2401372,3.5,10,In Stock,No,179
52356,Product 4331,Beauty,Special,Supplier C,Pune WH,20-12-2025,December,306,192,388,17,117,9944,12059,4678892,3.7,3,Low Stock,No,93
52357,Product 1968,Sports,Special,Supplier E,Hyderabad WH,09-02-2025,February,411,112,455,17,98,7271,8142,3704610,4.3,8,In Stock,Yes,51
52358,Product 4086,Home,Basic,Supplier E,Bengaluru WH,08-10-2025,October,255,257,365,24,68,5016,304,110960,3.1,20,In Stock,No,123
52359,Product 5991,Electronics,Special,Supplier C,Delhi WH,08-12-2025,December,805,271,306,22,90,5915,6619,2025414,4.4,2,In Stock,No,748
52360,Product 3547,Electronics,Special,Supplier D,Pune WH,19-07-2025,July,142,38,20,32,184,9566,1998,39960,3.1,16,In Stock,Yes,128
52361,Product 8299,Fashion,Premium,Supplier A,Hyderabad WH,17-01-2025,January,537,358,144,22,173,347,11338,1632672,3,19,In Stock,No,729
52362,Product 5237,Grocery,Premium,Supplier B,Delhi WH,14-04-2025,April,77,408,396,18,146,4123,4540,1797840,3.8,6,In Stock,No,71
52363,Product 5277,Home,Special,Supplier B,Delhi WH,11-11-2025,November,991,477,514,4,90,4064,8429,4332506,3.8,8,In Stock,Yes,950
52364,Product 4326,Grocery,Basic,Supplier E,Delhi WH,27-12-2025,December,246,484,535,48,28,6364,6689,3578615,2.6,2,Low Stock,No,147
52365,Product 9432,Sports,Standard,Supplier B,Bengaluru WH,12-11-2025,November,221,20,415,17,166,3605,1379,572285,5,3,Low Stock,No,-191
52366,Product 7443,Fashion,Special,Supplier B,Hyderabad WH,23-03-2025,March,444,41,673,25,97,6773,10172,6845756,2.7,11,Out of Stock,Yes,-213
52367,Product 7512,Electronics,Basic,Supplier E,Bengaluru WH,09-12-2025,December,482,274,496,4,168,5824,3390,1681440,3.5,8,In Stock,Yes,256
52368,Product 5298,Electronics,Basic,Supplier D,Bengaluru WH,06-12-2025,December,169,92,327,33,157,4303,281,91887,4.5,4,Low Stock,Yes,-99
52369,Product 4661,Grocery,Special,Supplier C,Mumbai WH,17-09-2025,September,883,68,512,43,164,271,6128,3137536,3.6,11,Low Stock,Yes,396
52370,Product 3106,Beauty,Special,Supplier B,Hyderabad WH,16-08-2025,August,913,402,512,50,93,6427,5058,2589696,4.8,5,In Stock,Yes,753
52371,Product 6702,Home,Premium,Supplier D,Hyderabad WH,31-01-2025,January,904,300,692,26,48,3190,1642,1136264,2.6,17,In Stock,No,486
52372,Product 4879,Electronics,Premium,Supplier C,Pune WH,27-10-2025,October,716,396,546,47,187,6899,8441,4608786,2.8,12,In Stock,No,519
52373,Product 4297,Electronics,Special,Supplier D,Pune WH,15-03-2025,March,966,418,343,30,75,3543,8969,3076367,3.9,12,Low Stock,No,1011
52374,Product 2906,Sports,Special,Supplier A,Mumbai WH,23-08-2025,August,833,421,278,11,178,4399,13694,3806932,5,6,In Stock,Yes,965
52375,Product 2404,Beauty,Premium,Supplier B,Pune WH,01-02-2025,February,219,90,408,26,38,8809,11537,4707096,2.9,15,In Stock,No,-125
52376,Product 4916,Grocery,Standard,Supplier C,Mumbai WH,29-07-2025,July,46,290,193,6,185,3714,3317,640181,3.7,10,In Stock,No,137
52377,Product 3371,Fashion,Premium,Supplier B,Hyderabad WH,09-07-2025,July,396,101,207,18,161,7332,3016,624312,4.4,5,In Stock,No,272
52378,Product 3057,Home,Premium,Supplier B,Bengaluru WH,14-08-2025,August,175,279,488,48,90,3234,6870,3352560,3.8,19,In Stock,No,-82
52379,Product 6084,Sports,Special,Supplier B,Bengaluru WH,29-11-2025,November,25,365,249,18,43,6762,12612,3140388,4.2,1,In Stock,No,123
52380,Product 3033,Home,Standard,Supplier C,Mumbai WH,17-08-2025,August,48,93,275,8,150,9410,3485,958375,4.5,4,In Stock,No,-142
52381,Product 7078,Beauty,Standard,Supplier B,Delhi WH,08-07-2025,July,333,464,188,3,134,9253,4269,802572,2.8,20,In Stock,Yes,606
52382,Product 6375,Sports,Standard,Supplier C,Pune WH,30-12-2025,December,765,316,260,22,121,6648,9721,2527460,4.4,5,Low Stock,Yes,799
52383,Product 3271,Beauty,Basic,Supplier D,Delhi WH,31-07-2025,July,479,363,281,14,175,2249,10609,2981129,3.3,9,Low Stock,No,547
52384,Product 2063,Grocery,Premium,Supplier E,Mumbai WH,27-05-2025,May,622,453,361,44,115,817,6607,2385127,3.2,15,In Stock,No,670
52385,Product 2927,Beauty,Premium,Supplier D,Delhi WH,10-01-2025,January,281,30,439,0,126,6514,14955,6565245,3.9,10,In Stock,No,-128
52386,Product 3058,Home,Basic,Supplier B,Mumbai WH,28-02-2025,February,414,418,447,33,114,5872,4201,1877847,3.2,19,In Stock,Yes,352
52387,Product 5053,Home,Basic,Supplier D,Hyderabad WH,24-10-2025,October,334,203,600,39,21,7593,7892,4735200,2.5,16,In Stock,No,-102
52388,Product 6377,Beauty,Basic,Supplier E,Mumbai WH,06-11-2025,November,268,342,692,21,115,710,1868,1292656,5,16,In Stock,No,-103
52389,Product 5976,Sports,Basic,Supplier C,Delhi WH,09-05-2025,May,833,383,320,49,31,5513,10335,3307200,4.3,12,In Stock,No,847
52390,Product 4343,Electronics,Basic,Supplier A,Pune WH,18-09-2025,September,386,286,138,29,146,601,1391,191958,3.7,9,In Stock,No,505
52391,Product 9705,Fashion,Standard,Supplier D,Mumbai WH,25-10-2025,October,829,202,430,36,195,9548,636,273480,4.3,20,In Stock,Yes,565
52392,Product 9854,Fashion,Premium,Supplier C,Mumbai WH,28-03-2025,March,996,77,549,27,45,7598,12793,7023357,4.3,1,Low Stock,No,497
52393,Product 6517,Fashion,Premium,Supplier D,Delhi WH,11-09-2025,September,355,414,156,9,86,6618,9019,1406964,2.9,2,In Stock,No,604
52394,Product 5549,Fashion,Premium,Supplier D,Mumbai WH,26-02-2025,February,171,496,663,31,114,2631,11626,7708038,3.9,11,Low Stock,No,-27
52395,Product 3199,Grocery,Standard,Supplier D,Bengaluru WH,09-10-2025,October,445,132,60,40,101,2270,2405,144300,3.4,3,In Stock,No,477
52396,Product 3108,Electronics,Premium,Supplier D,Mumbai WH,14-10-2025,October,953,245,585,36,118,4907,3276,1916460,2.7,8,In Stock,No,577
52397,Product 8814,Beauty,Premium,Supplier D,Delhi WH,29-05-2025,May,634,396,274,38,121,4322,12798,3506652,4.8,7,Low Stock,No,718
52398,Product 3753,Fashion,Standard,Supplier A,Pune WH,19-10-2025,October,62,81,368,32,91,8280,10702,3938336,5,20,Out of Stock,Yes,-257
52399,Product 8832,Beauty,Premium,Supplier E,Pune WH,19-06-2025,June,491,381,497,39,31,8236,5841,2902977,4.6,17,In Stock,No,336
52400,Product 5806,Electronics,Premium,Supplier D,Mumbai WH,30-07-2025,July,291,65,236,42,142,9812,3170,748120,4.5,7,In Stock,Yes,78
52401,Product 2795,Electronics,Premium,Supplier B,Hyderabad WH,21-04-2025,April,911,291,153,42,103,5764,1820,278460,4.9,20,In Stock,No,1007
52402,Product 8825,Beauty,Standard,Supplier E,Mumbai WH,01-06-2025,June,709,236,445,24,179,3307,7939,3532855,4.6,7,Low Stock,No,476
52403,Product 1522,Fashion,Special,Supplier D,Hyderabad WH,05-08-2025,August,385,445,616,21,77,6180,1878,1156848,3.3,11,Low Stock,No,193
52404,Product 3502,Fashion,Basic,Supplier E,Delhi WH,11-02-2025,February,703,46,210,7,157,936,13286,2790060,2.7,3,In Stock,No,532
52405,Product 3622,Sports,Special,Supplier B,Hyderabad WH,25-10-2025,October,858,277,660,11,128,7700,5779,3814140,3.4,18,In Stock,No,464
52406,Product 4929,Grocery,Special,Supplier D,Pune WH,17-02-2025,February,787,319,607,7,146,1111,7080,4297560,3.7,5,In Stock,No,492
52407,Product 2273,Beauty,Premium,Supplier C,Hyderabad WH,27-12-2025,December,91,253,306,4,66,1176,7274,2225844,4.4,17,In Stock,Yes,34
52408,Product 4880,Grocery,Special,Supplier D,Hyderabad WH,04-02-2025,February,531,277,676,17,199,6417,1526,1031576,4.5,6,In Stock,Yes,115
52409,Product 1768,Sports,Standard,Supplier A,Bengaluru WH,27-06-2025,June,444,93,246,6,47,6341,2635,648210,4.7,19,Out of Stock,No,285
52410,Product 3209,Grocery,Basic,Supplier A,Bengaluru WH,26-07-2025,July,369,222,268,0,107,1526,2420,648560,3.2,11,In Stock,No,323
52411,Product 2121,Home,Special,Supplier C,Delhi WH,09-10-2025,October,616,281,377,49,59,6563,4306,1623362,3,17,Low Stock,No,471
52412,Product 2456,Beauty,Standard,Supplier E,Pune WH,13-12-2025,December,347,409,489,15,25,6831,573,280197,4.7,4,In Stock,No,252
52413,Product 5549,Electronics,Basic,Supplier D,Hyderabad WH,22-09-2025,September,286,464,188,25,31,6306,1181,222028,2.9,14,In Stock,Yes,537
52414,Product 5097,Beauty,Basic,Supplier D,Pune WH,26-01-2025,January,97,301,249,48,99,821,13841,3446409,4.7,4,Low Stock,No,101
52415,Product 9829,Grocery,Basic,Supplier E,Hyderabad WH,12-01-2025,January,65,268,503,26,136,6713,3219,1619157,2.8,10,In Stock,Yes,-196
52416,Product 5819,Sports,Special,Supplier E,Pune WH,27-10-2025,October,683,493,68,17,92,2135,9033,614244,4.6,10,In Stock,Yes,1091
52417,Product 8868,Home,Premium,Supplier B,Pune WH,27-05-2025,May,113,32,360,45,51,5562,2936,1056960,3.7,14,In Stock,Yes,-260
52418,Product 9762,Beauty,Standard,Supplier A,Mumbai WH,01-06-2025,June,800,174,576,11,149,4665,4968,2861568,3.1,3,Out of Stock,No,387
52419,Product 8051,Home,Special,Supplier D,Bengaluru WH,21-11-2025,November,161,123,565,21,155,4652,589,332785,2.5,4,Low Stock,No,-302
52420,Product 9922,Grocery,Standard,Supplier A,Mumbai WH,28-12-2025,December,358,322,670,0,111,7284,11513,7713710,3.8,19,Low Stock,No,10
52421,Product 9707,Sports,Basic,Supplier A,Hyderabad WH,20-02-2025,February,112,404,580,13,161,2958,9140,5301200,2.9,6,Low Stock,No,-77
52422,Product 6719,Home,Standard,Supplier B,Pune WH,13-06-2025,June,739,95,128,41,198,4861,10036,1284608,3.2,6,In Stock,No,665
52423,Product 8700,Grocery,Premium,Supplier E,Pune WH,10-09-2025,September,269,316,170,46,70,5829,3036,516120,3.4,19,In Stock,No,369
52424,Product 5715,Home,Basic,Supplier A,Bengaluru WH,27-11-2025,November,929,417,627,31,104,4962,14898,9341046,4.2,7,Low Stock,Yes,688
52425,Product 3190,Grocery,Premium,Supplier A,Pune WH,14-12-2025,December,376,168,287,16,116,3143,6472,1857464,3.8,6,In Stock,No,241
52426,Product 9635,Electronics,Standard,Supplier D,Delhi WH,04-12-2025,December,679,297,326,41,190,3799,12310,4013060,2.7,9,Low Stock,No,609
52427,Product 9734,Home,Premium,Supplier C,Delhi WH,21-07-2025,July,991,431,76,19,123,5368,13972,1061872,2.7,3,Low Stock,No,1327
52428,Product 8212,Electronics,Basic,Supplier C,Hyderabad WH,15-04-2025,April,526,358,294,46,25,8979,7432,2185008,3.4,9,Low Stock,No,544
52429,Product 5516,Electronics,Standard,Supplier C,Pune WH,26-02-2025,February,480,166,521,33,88,4121,705,367305,2.6,13,In Stock,No,92
52430,Product 4820,Sports,Special,Supplier A,Mumbai WH,09-11-2025,November,479,21,206,12,166,7310,4237,872822,2.7,17,Low Stock,No,282
52431,Product 2465,Sports,Special,Supplier C,Mumbai WH,21-01-2025,January,867,171,71,35,169,1026,11696,830416,3.7,12,In Stock,No,932
52432,Product 4729,Sports,Standard,Supplier C,Pune WH,08-09-2025,September,773,404,343,22,67,424,4956,1699908,4.2,7,In Stock,Yes,812
52433,Product 4886,Electronics,Special,Supplier C,Hyderabad WH,30-11-2025,November,814,466,232,22,131,5912,9658,2240656,3.1,8,Low Stock,Yes,1026
52434,Product 8201,Home,Premium,Supplier A,Bengaluru WH,08-06-2025,June,162,459,401,26,185,1240,7018,2814218,3.4,5,In Stock,Yes,194
52435,Product 4830,Grocery,Standard,Supplier B,Bengaluru WH,03-01-2025,January,779,166,350,30,168,7372,13858,4850300,4.4,16,Low Stock,No,565
52436,Product 8387,Home,Basic,Supplier E,Delhi WH,20-12-2025,December,474,299,663,26,150,7869,6809,4514367,3.6,17,In Stock,No,84
52437,Product 8724,Electronics,Standard,Supplier B,Bengaluru WH,24-09-2025,September,604,423,140,22,197,3171,5278,738920,3.1,7,Low Stock,No,865
52438,Product 8279,Grocery,Standard,Supplier C,Pune WH,01-03-2025,March,952,197,621,3,96,4858,5106,3170826,2.8,9,In Stock,No,525
52439,Product 5112,Electronics,Special,Supplier A,Bengaluru WH,06-04-2025,April,77,143,638,43,149,5856,3365,2146870,3.4,4,In Stock,Yes,-461
52440,Product 4752,Beauty,Basic,Supplier A,Mumbai WH,07-01-2025,January,50,370,521,33,117,7904,12978,6761538,4.1,9,Out of Stock,No,-134
52441,Product 6309,Grocery,Premium,Supplier C,Pune WH,26-05-2025,May,984,459,447,42,157,8583,8244,3685068,3.4,11,Low Stock,No,954
52442,Product 8495,Home,Special,Supplier C,Hyderabad WH,05-07-2025,July,311,170,375,30,35,5305,3876,1453500,3,14,In Stock,Yes,76
52443,Product 6727,Sports,Special,Supplier A,Hyderabad WH,20-09-2025,September,362,352,123,18,59,6109,5672,697656,4.3,1,Low Stock,Yes,573
52444,Product 3433,Sports,Basic,Supplier B,Mumbai WH,16-07-2025,July,414,298,655,0,90,5068,2076,1359780,3.4,8,In Stock,No,57
52445,Product 3814,Fashion,Standard,Supplier D,Bengaluru WH,26-02-2025,February,754,274,448,1,59,6719,7470,3346560,3.9,20,Low Stock,No,579
52446,Product 1981,Electronics,Standard,Supplier B,Delhi WH,24-11-2025,November,41,371,681,25,67,305,3899,2655219,3.2,6,In Stock,Yes,-294
52447,Product 8211,Sports,Standard,Supplier E,Pune WH,21-05-2025,May,994,237,381,35,46,3343,3616,1377696,3.8,2,In Stock,No,815
52448,Product 5160,Home,Premium,Supplier D,Bengaluru WH,29-05-2025,May,290,478,587,18,22,8290,3536,2075632,4.1,7,In Stock,No,163
52449,Product 2963,Beauty,Premium,Supplier C,Pune WH,26-05-2025,May,319,398,491,1,60,9351,8476,4161716,2.7,7,In Stock,No,225
52450,Product 6695,Fashion,Standard,Supplier A,Delhi WH,03-07-2025,July,42,427,203,25,129,5783,3670,745010,3.2,15,Low Stock,No,241
52451,Product 5623,Beauty,Premium,Supplier B,Delhi WH,07-11-2025,November,549,116,674,10,147,3861,3008,2027392,4.7,9,In Stock,Yes,-19
52452,Product 8735,Sports,Special,Supplier A,Delhi WH,29-01-2025,January,878,81,658,13,49,9595,8170,5375860,3.5,13,Out of Stock,No,288
52453,Product 7796,Home,Premium,Supplier E,Bengaluru WH,26-05-2025,May,215,283,555,20,130,5198,9336,5181480,4,11,Out of Stock,Yes,-77
52454,Product 2034,Fashion,Special,Supplier E,Hyderabad WH,30-10-2025,October,266,385,676,17,176,6251,8437,5703412,2.5,9,Out of Stock,Yes,-42
52455,Product 5211,Beauty,Special,Supplier E,Hyderabad WH,18-08-2025,August,434,379,468,22,181,1990,10853,5079204,2.7,1,In Stock,No,323
52456,Product 4776,Home,Standard,Supplier A,Pune WH,02-09-2025,September,528,468,521,27,93,2608,13095,6822495,2.6,18,In Stock,No,448
52457,Product 4076,Beauty,Special,Supplier A,Pune WH,16-06-2025,June,125,200,580,12,64,8337,563,326540,4.5,14,In Stock,Yes,-267
52458,Product 2732,Beauty,Standard,Supplier B,Hyderabad WH,16-04-2025,April,868,420,549,4,118,8070,4621,2536929,3.6,8,In Stock,No,735
52459,Product 8472,Beauty,Standard,Supplier B,Hyderabad WH,11-08-2025,August,972,137,682,24,94,1416,7255,4947910,3.6,5,Out of Stock,No,403
52460,Product 1160,Beauty,Basic,Supplier A,Delhi WH,01-01-2025,January,987,389,690,39,135,3485,9831,6783390,5,7,In Stock,No,647
52461,Product 1984,Grocery,Standard,Supplier B,Hyderabad WH,08-04-2025,April,25,268,113,42,149,1915,8781,992253,4.4,14,Low Stock,Yes,138
52462,Product 8002,Electronics,Special,Supplier D,Hyderabad WH,15-08-2025,August,557,134,1,21,133,5155,13982,13982,4,8,In Stock,No,669
52463,Product 8659,Beauty,Standard,Supplier B,Delhi WH,20-02-2025,February,613,388,310,16,29,7088,9340,2895400,4.1,17,Out of Stock,No,675
52464,Product 9267,Home,Special,Supplier D,Mumbai WH,15-01-2025,January,954,141,694,16,180,4937,14817,10282998,4.9,17,In Stock,Yes,385
52465,Product 5121,Home,Premium,Supplier C,Delhi WH,14-04-2025,April,449,146,615,13,181,6791,13827,8503605,4.7,3,Low Stock,No,-33
52466,Product 6245,Sports,Standard,Supplier D,Mumbai WH,09-08-2025,August,630,464,618,31,118,7530,1925,1189650,3.4,16,In Stock,No,445
52467,Product 1605,Sports,Special,Supplier C,Pune WH,30-11-2025,November,242,286,197,31,142,7385,2249,443053,3.7,4,Low Stock,No,300
52468,Product 3252,Sports,Premium,Supplier D,Mumbai WH,30-05-2025,May,351,486,503,48,166,2040,10812,5438436,3.4,7,In Stock,No,286
52469,Product 3176,Electronics,Standard,Supplier A,Mumbai WH,29-04-2025,April,804,345,655,31,51,5398,10572,6924660,3.2,9,In Stock,No,463
52470,Product 2397,Sports,Premium,Supplier A,Delhi WH,29-11-2025,November,443,187,448,34,200,9316,5610,2513280,4.9,16,In Stock,No,148
52471,Product 4042,Electronics,Special,Supplier D,Pune WH,18-03-2025,March,935,428,392,3,191,2951,8203,3215576,4.7,17,In Stock,Yes,968
52472,Product 4088,Fashion,Standard,Supplier E,Pune WH,29-08-2025,August,405,403,653,32,61,8796,1822,1189766,4.4,20,Out of Stock,No,123
52473,Product 6347,Sports,Standard,Supplier E,Bengaluru WH,12-08-2025,August,364,474,583,5,196,4242,2238,1304754,4.6,8,Low Stock,No,250
52474,Product 5668,Beauty,Basic,Supplier C,Delhi WH,16-05-2025,May,664,401,290,2,37,3809,2658,770820,2.9,13,In Stock,Yes,773
52475,Product 7175,Sports,Premium,Supplier B,Bengaluru WH,03-04-2025,April,655,496,573,6,189,5777,12040,6898920,4.4,14,In Stock,No,572
52476,Product 4627,Beauty,Basic,Supplier B,Bengaluru WH,31-07-2025,July,683,232,612,21,66,7445,1121,686052,4.2,6,Low Stock,Yes,282
52477,Product 3794,Beauty,Special,Supplier B,Mumbai WH,03-08-2025,August,841,237,580,15,148,2101,12662,7343960,4.5,4,In Stock,No,483
52478,Product 7382,Beauty,Basic,Supplier B,Bengaluru WH,03-09-2025,September,761,489,187,49,52,765,337,63019,4.4,8,In Stock,No,1014
52479,Product 1114,Grocery,Standard,Supplier A,Hyderabad WH,13-01-2025,January,171,19,402,32,84,1106,13049,5245698,4.9,17,Low Stock,No,-244
52480,Product 9191,Sports,Premium,Supplier E,Mumbai WH,12-11-2025,November,962,28,384,18,119,643,316,121344,3,18,In Stock,No,588
52481,Product 4356,Fashion,Basic,Supplier B,Delhi WH,06-04-2025,April,759,149,63,16,34,8456,14399,907137,2.9,17,Low Stock,No,829
52482,Product 2306,Grocery,Basic,Supplier D,Hyderabad WH,18-08-2025,August,886,492,550,15,127,7407,1844,1014200,4.1,14,In Stock,No,813
52483,Product 2689,Home,Basic,Supplier A,Hyderabad WH,10-06-2025,June,74,374,45,16,70,2148,13926,626670,4.2,4,Out of Stock,No,387
52484,Product 8970,Fashion,Basic,Supplier A,Hyderabad WH,28-09-2025,September,63,423,540,3,72,8413,3123,1686420,4.5,5,Low Stock,No,-57
52485,Product 9195,Beauty,Premium,Supplier B,Hyderabad WH,07-08-2025,August,362,209,600,48,41,1803,5676,3405600,2.7,6,In Stock,Yes,-77
52486,Product 1570,Beauty,Special,Supplier E,Bengaluru WH,24-07-2025,July,956,399,493,7,159,8303,14022,6912846,4.3,7,Low Stock,Yes,855
52487,Product 4849,Grocery,Premium,Supplier B,Pune WH,28-01-2025,January,165,92,516,3,96,5259,7797,4023252,3.4,14,In Stock,No,-262
52488,Product 6685,Home,Special,Supplier B,Delhi WH,12-08-2025,August,710,291,224,34,94,4701,4358,976192,3.4,2,In Stock,Yes,743
52489,Product 5066,Beauty,Standard,Supplier E,Hyderabad WH,06-04-2025,April,96,5,49,20,160,3623,3081,150969,4,12,Low Stock,No,32
52490,Product 5926,Home,Premium,Supplier A,Delhi WH,27-12-2025,December,74,438,609,7,20,5644,11459,6978531,3.5,8,Low Stock,Yes,-104
52491,Product 9002,Sports,Premium,Supplier C,Mumbai WH,13-10-2025,October,334,130,210,39,70,4143,4972,1044120,3.5,16,Low Stock,Yes,215
52492,Product 8702,Fashion,Basic,Supplier A,Mumbai WH,12-06-2025,June,275,112,307,44,86,9932,4729,1451803,3.3,16,Out of Stock,No,36
52493,Product 9566,Grocery,Premium,Supplier E,Delhi WH,08-06-2025,June,51,147,637,44,153,9268,6531,4160247,2.7,1,In Stock,No,-483
52494,Product 9525,Grocery,Special,Supplier B,Delhi WH,06-10-2025,October,306,3,581,43,62,6052,7572,4399332,3.3,8,Low Stock,Yes,-315
52495,Product 8058,Home,Basic,Supplier B,Hyderabad WH,24-12-2025,December,725,216,398,4,86,4660,6545,2604910,3.2,19,In Stock,No,539
52496,Product 3682,Sports,Standard,Supplier D,Pune WH,24-12-2025,December,176,184,218,8,34,235,8283,1805694,3.6,8,Low Stock,Yes,134
52497,Product 6863,Fashion,Standard,Supplier D,Bengaluru WH,27-08-2025,August,743,1,220,8,67,5789,4157,914540,3.9,18,Low Stock,No,516
52498,Product 5354,Sports,Basic,Supplier C,Delhi WH,17-11-2025,November,415,142,696,38,187,4835,14036,9769056,4.4,4,Out of Stock,No,-177
52499,Product 8219,Grocery,Special,Supplier E,Bengaluru WH,15-03-2025,March,669,176,481,23,188,5874,10372,4988932,2.6,1,Low Stock,Yes,341
52500,Product 1966,Home,Standard,Supplier E,Pune WH,23-03-2025,March,769,218,102,6,86,7776,12981,1324062,2.8,12,In Stock,No,879
52501,Product 6859,Sports,Special,Supplier E,Bengaluru WH,03-08-2025,August,638,301,432,20,160,1426,13141,5676912,2.5,2,In Stock,No,487
52502,Product 8785,Electronics,Special,Supplier A,Bengaluru WH,31-12-2025,December,91,352,494,49,86,6426,8270,4085380,2.9,1,In Stock,No,-100
52503,Product 6566,Home,Basic,Supplier C,Hyderabad WH,01-10-2025,October,876,31,258,5,148,5192,12675,3270150,4.1,9,Low Stock,No,644
52504,Product 2185,Electronics,Premium,Supplier C,Bengaluru WH,14-08-2025,August,294,218,241,4,78,9517,10496,2529536,4.9,11,Low Stock,No,267
52505,Product 2879,Electronics,Premium,Supplier E,Hyderabad WH,16-12-2025,December,326,342,516,33,82,7508,12511,6455676,4.2,5,In Stock,No,119
52506,Product 3782,Beauty,Basic,Supplier C,Mumbai WH,07-02-2025,February,974,72,94,6,127,5716,5570,523580,4.3,13,Low Stock,Yes,946
52507,Product 9336,Home,Standard,Supplier C,Delhi WH,27-02-2025,February,272,328,683,44,132,9931,8071,5512493,4.6,6,Out of Stock,No,-127
52508,Product 3383,Grocery,Special,Supplier C,Delhi WH,05-06-2025,June,137,441,395,33,31,222,6299,2488105,4.3,3,In Stock,No,150
52509,Product 8364,Sports,Special,Supplier A,Hyderabad WH,17-04-2025,April,800,435,592,36,86,2819,14838,8784096,3.4,5,Low Stock,No,607
52510,Product 6161,Sports,Premium,Supplier B,Bengaluru WH,06-03-2025,March,99,55,699,28,101,3269,9077,6344823,4.2,16,In Stock,Yes,-573
52511,Product 3406,Home,Premium,Supplier D,Hyderabad WH,12-01-2025,January,229,476,626,13,32,4817,14826,9281076,3.9,14,In Stock,No,66
52512,Product 2661,Grocery,Special,Supplier B,Bengaluru WH,27-09-2025,September,758,253,676,42,152,7057,5586,3776136,4.5,5,Out of Stock,No,293
52513,Product 1642,Sports,Premium,Supplier B,Pune WH,18-03-2025,March,353,440,4,13,58,8187,7730,30920,4.3,8,In Stock,Yes,776
52514,Product 2459,Electronics,Special,Supplier C,Pune WH,26-09-2025,September,428,303,414,28,64,810,14919,6176466,4.1,4,In Stock,Yes,289
52515,Product 8567,Sports,Special,Supplier A,Mumbai WH,02-02-2025,February,890,330,468,46,141,5346,14971,7006428,4.4,15,In Stock,Yes,706
52516,Product 1366,Electronics,Special,Supplier B,Hyderabad WH,25-04-2025,April,681,109,149,50,154,819,10276,1531124,3.9,9,In Stock,No,591
52517,Product 7348,Grocery,Premium,Supplier E,Bengaluru WH,26-06-2025,June,772,81,684,38,149,5019,523,357732,2.5,14,In Stock,No,131
52518,Product 6326,Fashion,Basic,Supplier E,Hyderabad WH,13-05-2025,May,30,49,394,15,45,3699,14831,5843414,2.9,19,In Stock,Yes,-330
52519,Product 4314,Sports,Basic,Supplier A,Mumbai WH,22-10-2025,October,153,201,624,32,183,4943,8942,5579808,4.3,8,In Stock,Yes,-302
52520,Product 9347,Sports,Standard,Supplier E,Mumbai WH,06-11-2025,November,770,393,235,21,82,6307,1895,445325,4.3,12,Low Stock,Yes,907
52521,Product 8375,Fashion,Premium,Supplier E,Mumbai WH,01-06-2025,June,111,285,519,47,25,5616,6300,3269700,4,20,In Stock,Yes,-170
52522,Product 1920,Beauty,Standard,Supplier E,Hyderabad WH,19-07-2025,July,623,79,508,17,172,1768,819,416052,3.8,10,Low Stock,No,177
52523,Product 4069,Grocery,Premium,Supplier B,Hyderabad WH,22-12-2025,December,213,303,559,28,65,2585,14976,8371584,4.7,12,In Stock,No,-71
52524,Product 3752,Sports,Premium,Supplier D,Delhi WH,21-02-2025,February,117,200,33,22,42,1939,11321,373593,3.5,1,Low Stock,No,262
52525,Product 1968,Grocery,Basic,Supplier B,Mumbai WH,21-10-2025,October,40,245,372,39,40,5647,7485,2784420,4.9,10,In Stock,No,-126
52526,Product 2086,Grocery,Standard,Supplier E,Pune WH,01-12-2025,December,456,438,576,16,92,8983,10703,6164928,5,17,In Stock,No,302
52527,Product 2989,Grocery,Premium,Supplier C,Delhi WH,09-12-2025,December,390,292,441,25,30,6215,11374,5015934,3.2,1,In Stock,No,216
52528,Product 5614,Electronics,Standard,Supplier E,Mumbai WH,17-12-2025,December,165,60,637,49,49,2262,14802,9428874,4.8,12,In Stock,No,-461
52529,Product 1323,Beauty,Standard,Supplier D,Hyderabad WH,17-11-2025,November,870,467,342,50,183,7992,10745,3674790,2.7,19,In Stock,No,945
52530,Product 5696,Fashion,Premium,Supplier A,Pune WH,19-01-2025,January,803,252,630,50,171,3804,7448,4692240,3.6,18,Out of Stock,No,375
52531,Product 1966,Beauty,Special,Supplier E,Delhi WH,31-07-2025,July,358,45,468,25,154,7515,14554,6811272,2.8,18,In Stock,Yes,-90
52532,Product 5446,Beauty,Special,Supplier C,Bengaluru WH,27-05-2025,May,493,422,336,39,96,7099,11697,3930192,2.9,5,In Stock,No,540
52533,Product 5884,Sports,Premium,Supplier D,Hyderabad WH,08-09-2025,September,527,158,4,26,33,991,6391,25564,3.3,17,In Stock,No,655
52534,Product 3226,Beauty,Basic,Supplier B,Bengaluru WH,07-06-2025,June,781,363,551,49,39,1003,6484,3572684,4,6,In Stock,No,544
52535,Product 8111,Sports,Special,Supplier C,Pune WH,15-07-2025,July,752,95,685,13,20,2874,9843,6742455,2.8,10,Low Stock,No,149
52536,Product 5040,Grocery,Premium,Supplier C,Hyderabad WH,17-11-2025,November,480,407,213,27,195,1633,11468,2442684,3.4,16,In Stock,No,647
52537,Product 6280,Electronics,Special,Supplier B,Delhi WH,21-12-2025,December,431,234,571,15,87,2200,8550,4882050,3.4,10,Low Stock,Yes,79
52538,Product 9841,Electronics,Special,Supplier A,Bengaluru WH,30-08-2025,August,700,191,316,14,96,2198,11679,3690564,4.2,6,In Stock,No,561
52539,Product 6878,Fashion,Premium,Supplier A,Bengaluru WH,30-05-2025,May,778,499,72,5,155,6495,1179,84888,2.8,6,In Stock,Yes,1200
52540,Product 6171,Grocery,Premium,Supplier A,Delhi WH,19-11-2025,November,756,263,332,42,75,8070,10990,3648680,4.8,5,In Stock,No,645
52541,Product 7719,Electronics,Premium,Supplier E,Bengaluru WH,08-01-2025,January,433,496,561,20,129,1270,11558,6484038,4.6,11,In Stock,No,348
52542,Product 4775,Beauty,Standard,Supplier C,Bengaluru WH,28-01-2025,January,858,211,603,28,56,2983,1718,1035954,4.7,20,Out of Stock,No,438
52543,Product 6795,Beauty,Special,Supplier E,Hyderabad WH,31-03-2025,March,797,106,138,23,60,8715,14240,1965120,3,1,In Stock,No,742
52544,Product 8117,Electronics,Premium,Supplier A,Mumbai WH,19-03-2025,March,62,165,306,22,107,4522,11198,3426588,4.7,1,In Stock,No,-101
52545,Product 2188,Beauty,Premium,Supplier A,Pune WH,25-03-2025,March,647,381,118,19,199,8330,3196,377128,4.4,18,Out of Stock,Yes,891
52546,Product 5508,Beauty,Basic,Supplier A,Delhi WH,11-10-2025,October,280,379,401,27,140,1854,13306,5335706,4.2,4,In Stock,No,231
52547,Product 7100,Beauty,Premium,Supplier C,Pune WH,07-12-2025,December,401,306,149,10,168,7270,6045,900705,3.6,6,Low Stock,No,548
52548,Product 2839,Beauty,Special,Supplier C,Mumbai WH,19-09-2025,September,579,265,690,1,200,7734,9506,6559140,2.5,7,In Stock,Yes,153
52549,Product 3404,Fashion,Standard,Supplier E,Pune WH,29-04-2025,April,533,325,375,33,98,776,2724,1021500,3.1,5,In Stock,Yes,450
52550,Product 8048,Fashion,Special,Supplier B,Mumbai WH,07-07-2025,July,802,258,308,22,93,5368,13196,4064368,4.7,12,In Stock,No,730
52551,Product 7168,Grocery,Premium,Supplier A,Pune WH,03-09-2025,September,711,278,287,12,187,7522,10867,3118829,4.8,18,In Stock,No,690
52552,Product 1420,Grocery,Special,Supplier B,Hyderabad WH,05-12-2025,December,73,354,237,35,68,4444,12577,2980749,4,4,Out of Stock,No,155
52553,Product 2540,Electronics,Basic,Supplier C,Mumbai WH,19-01-2025,January,690,318,358,29,76,4530,5966,2135828,5,17,In Stock,Yes,621
52554,Product 4072,Fashion,Basic,Supplier C,Bengaluru WH,19-03-2025,March,586,466,439,40,187,3649,12602,5532278,3.1,9,In Stock,Yes,573
52555,Product 7881,Grocery,Special,Supplier E,Bengaluru WH,26-04-2025,April,782,338,558,30,145,856,12054,6726132,4.1,20,In Stock,No,532
52556,Product 5127,Grocery,Basic,Supplier B,Hyderabad WH,10-08-2025,August,701,434,315,8,21,3036,2383,750645,2.7,16,In Stock,No,812
52557,Product 5641,Beauty,Standard,Supplier C,Hyderabad WH,23-08-2025,August,53,328,401,40,185,9298,11650,4671650,3.2,15,In Stock,No,-60
52558,Product 8693,Grocery,Special,Supplier C,Hyderabad WH,05-07-2025,July,811,300,412,33,95,1430,8250,3399000,4.2,12,In Stock,No,666
52559,Product 9973,Electronics,Special,Supplier E,Pune WH,19-01-2025,January,875,279,657,32,135,4175,2830,1859310,2.6,19,In Stock,No,465
52560,Product 4591,Sports,Basic,Supplier E,Hyderabad WH,23-01-2025,January,264,110,256,50,149,1195,7911,2025216,2.5,3,In Stock,No,68
52561,Product 9445,Beauty,Standard,Supplier E,Mumbai WH,07-04-2025,April,738,364,434,31,153,1448,10090,4379060,4.2,14,In Stock,Yes,637
52562,Product 3299,Grocery,Special,Supplier A,Pune WH,31-07-2025,July,839,314,529,49,45,3709,3478,1839862,2.8,2,In Stock,No,575
52563,Product 5956,Fashion,Standard,Supplier E,Bengaluru WH,04-11-2025,November,134,363,510,45,83,4344,10914,5566140,5,4,In Stock,No,-58
52564,Product 1731,Sports,Basic,Supplier E,Bengaluru WH,30-07-2025,July,888,378,561,13,35,8679,5679,3185919,2.5,15,In Stock,No,692
52565,Product 8990,Home,Basic,Supplier E,Delhi WH,03-01-2025,January,296,247,672,24,193,6037,8559,5751648,3,14,In Stock,No,-153
52566,Product 8130,Fashion,Basic,Supplier C,Pune WH,14-10-2025,October,510,457,46,37,54,427,8838,406548,3,1,In Stock,No,884
52567,Product 8024,Beauty,Special,Supplier A,Hyderabad WH,17-11-2025,November,465,78,430,0,152,9900,12795,5501850,3.8,1,In Stock,No,113
52568,Product 5453,Home,Basic,Supplier B,Mumbai WH,19-07-2025,July,572,32,324,10,173,9395,1666,539784,4.2,9,Out of Stock,No,270
52569,Product 4477,Electronics,Premium,Supplier D,Mumbai WH,06-03-2025,March,635,401,471,30,197,7364,3310,1559010,4.8,1,In Stock,No,535
52570,Product 7228,Home,Basic,Supplier D,Bengaluru WH,08-04-2025,April,367,279,410,29,51,6229,4334,1776940,4.7,18,Out of Stock,No,207
52571,Product 5868,Grocery,Special,Supplier B,Pune WH,18-07-2025,July,376,328,437,10,158,7523,9911,4331107,3.8,2,Low Stock,No,257
52572,Product 3144,Electronics,Premium,Supplier E,Pune WH,07-01-2025,January,67,466,171,45,85,9019,1563,267273,4.3,4,Low Stock,No,317
52573,Product 6711,Home,Premium,Supplier C,Bengaluru WH,01-02-2025,February,181,325,608,31,181,9084,2395,1456160,2.9,17,Low Stock,No,-133
52574,Product 2073,Grocery,Standard,Supplier C,Delhi WH,14-02-2025,February,926,437,456,40,72,9934,6494,2961264,3.6,4,In Stock,No,867
52575,Product 8174,Grocery,Special,Supplier A,Hyderabad WH,03-05-2025,May,114,144,218,41,107,4837,9173,1999714,4.3,15,In Stock,No,-1
52576,Product 2354,Home,Premium,Supplier D,Bengaluru WH,28-08-2025,August,487,203,627,1,82,4199,2311,1448997,4,9,Out of Stock,No,62
52577,Product 1930,Fashion,Premium,Supplier A,Mumbai WH,18-11-2025,November,307,370,64,12,111,7440,1918,122752,4.8,6,In Stock,No,601
52578,Product 9541,Sports,Basic,Supplier A,Delhi WH,01-04-2025,April,698,252,293,50,64,910,13617,3989781,3.8,18,Low Stock,No,607
52579,Product 5321,Home,Basic,Supplier A,Bengaluru WH,27-02-2025,February,869,277,107,17,196,6748,9872,1056304,4.3,14,Low Stock,No,1022
52580,Product 9186,Fashion,Basic,Supplier B,Pune WH,27-11-2025,November,100,107,77,17,64,1210,2764,212828,3.3,10,In Stock,Yes,113
52581,Product 9410,Electronics,Standard,Supplier A,Delhi WH,27-09-2025,September,697,265,35,15,120,2801,797,27895,3.8,7,In Stock,No,912
52582,Product 5402,Home,Special,Supplier B,Hyderabad WH,25-09-2025,September,699,138,411,4,48,7906,9048,3718728,5,4,Low Stock,No,422
52583,Product 9920,Sports,Special,Supplier C,Mumbai WH,17-09-2025,September,613,198,194,40,47,8225,13812,2679528,2.9,1,In Stock,No,577
52584,Product 9598,Fashion,Basic,Supplier D,Bengaluru WH,11-03-2025,March,573,77,76,33,117,5502,9845,748220,2.9,13,In Stock,No,541
52585,Product 8987,Electronics,Premium,Supplier C,Mumbai WH,24-10-2025,October,25,266,375,13,115,7686,7454,2795250,3.8,4,In Stock,No,-97
52586,Product 1306,Home,Basic,Supplier D,Delhi WH,01-09-2025,September,861,150,20,28,46,6592,13385,267700,2.9,13,In Stock,No,963
52587,Product 7524,Electronics,Special,Supplier C,Bengaluru WH,14-10-2025,October,918,31,603,6,92,4566,7453,4494159,2.6,8,Low Stock,No,340
52588,Product 9562,Fashion,Standard,Supplier D,Mumbai WH,27-10-2025,October,846,474,365,8,122,1004,3541,1292465,4.2,8,In Stock,Yes,947
52589,Product 8342,Fashion,Standard,Supplier B,Hyderabad WH,08-10-2025,October,87,288,218,12,156,9852,5476,1193768,3.2,1,In Stock,Yes,145
52590,Product 4864,Sports,Premium,Supplier B,Hyderabad WH,18-06-2025,June,898,191,98,1,32,6037,11744,1150912,3.2,19,Low Stock,No,990
52591,Product 2233,Home,Special,Supplier B,Hyderabad WH,20-10-2025,October,919,196,168,11,109,579,14177,2381736,2.9,3,Low Stock,No,936
52592,Product 8269,Electronics,Premium,Supplier A,Bengaluru WH,23-02-2025,February,927,360,127,33,175,5409,7492,951484,3.7,15,In Stock,No,1127
52593,Product 7257,Home,Standard,Supplier A,Pune WH,05-01-2025,January,724,49,342,15,190,2122,6777,2317734,3,18,In Stock,No,416
52594,Product 6043,Fashion,Standard,Supplier C,Bengaluru WH,28-03-2025,March,429,331,220,39,120,9583,3680,809600,4.2,2,In Stock,No,501
52595,Product 2609,Sports,Special,Supplier B,Hyderabad WH,20-02-2025,February,460,60,276,5,70,7427,9134,2520984,3.9,12,In Stock,No,239
52596,Product 5562,Sports,Special,Supplier B,Pune WH,24-12-2025,December,545,278,576,44,134,2247,11567,6662592,3.3,9,In Stock,No,203
52597,Product 1573,Fashion,Premium,Supplier E,Delhi WH,08-07-2025,July,678,323,306,37,82,7558,1155,353430,4.3,8,In Stock,Yes,658
52598,Product 3323,Fashion,Premium,Supplier D,Bengaluru WH,28-07-2025,July,893,348,384,0,26,7789,11627,4464768,2.7,17,Low Stock,No,857
52599,Product 8061,Sports,Standard,Supplier D,Mumbai WH,01-02-2025,February,282,7,330,24,105,1772,6408,2114640,3.9,8,Low Stock,No,-65
52600,Product 8486,Home,Standard,Supplier D,Mumbai WH,04-02-2025,February,60,12,473,45,33,4386,11353,5369969,2.5,6,Low Stock,Yes,-446
52601,Product 5527,Fashion,Special,Supplier D,Pune WH,24-04-2025,April,789,124,620,12,158,6875,8314,5154680,4.4,16,In Stock,No,281
52602,Product 2149,Fashion,Standard,Supplier C,Bengaluru WH,07-11-2025,November,307,77,87,21,95,5256,11017,958479,4.9,10,In Stock,No,276
52603,Product 9674,Electronics,Basic,Supplier B,Delhi WH,16-07-2025,July,315,207,646,10,72,3675,830,536180,3.7,15,Out of Stock,No,-134
52604,Product 9151,Electronics,Standard,Supplier E,Pune WH,23-04-2025,April,307,458,666,40,71,2359,2627,1749582,3.3,19,In Stock,No,59
52605,Product 7779,Electronics,Basic,Supplier B,Hyderabad WH,01-08-2025,August,307,493,443,37,187,1106,1673,741139,4.5,18,In Stock,Yes,320
52606,Product 9472,Home,Special,Supplier A,Mumbai WH,30-01-2025,January,821,315,137,25,98,4247,9410,1289170,4.1,18,In Stock,No,974
52607,Product 1640,Grocery,Premium,Supplier C,Bengaluru WH,08-04-2025,April,443,290,374,15,116,1614,10073,3767302,4.4,5,Out of Stock,No,344
52608,Product 3702,Sports,Special,Supplier D,Pune WH,27-03-2025,March,550,492,618,39,165,8369,5897,3644346,4.4,16,Out of Stock,No,385
52609,Product 7949,Home,Standard,Supplier C,Bengaluru WH,26-02-2025,February,346,100,380,19,130,7135,12702,4826760,4.9,19,In Stock,No,47
52610,Product 5280,Fashion,Standard,Supplier A,Bengaluru WH,11-09-2025,September,728,276,1,24,117,3000,4245,4245,3.5,10,In Stock,No,979
52611,Product 8144,Beauty,Premium,Supplier C,Mumbai WH,22-08-2025,August,160,177,199,13,103,6967,1443,287157,3.3,19,In Stock,No,125
52612,Product 6836,Electronics,Premium,Supplier A,Hyderabad WH,12-07-2025,July,751,199,338,47,183,8916,5066,1712308,3.5,20,In Stock,No,565
52613,Product 9859,Grocery,Special,Supplier A,Bengaluru WH,29-12-2025,December,981,159,83,31,33,5007,620,51460,3.4,8,In Stock,No,1026
52614,Product 6734,Grocery,Basic,Supplier C,Mumbai WH,10-03-2025,March,333,441,197,49,67,2148,13839,2726283,4.9,19,Low Stock,Yes,528
52615,Product 4063,Home,Standard,Supplier B,Bengaluru WH,22-02-2025,February,577,232,473,39,172,4452,8590,4063070,4.8,5,Low Stock,Yes,297
52616,Product 5856,Beauty,Standard,Supplier E,Hyderabad WH,07-04-2025,April,420,458,125,49,138,2052,6044,755500,4.2,8,In Stock,No,704
52617,Product 9447,Electronics,Special,Supplier B,Mumbai WH,21-04-2025,April,807,257,436,11,154,3033,1640,715040,4.7,12,In Stock,No,617
52618,Product 3983,Beauty,Standard,Supplier B,Pune WH,17-03-2025,March,524,313,151,41,161,3109,1485,224235,4.4,16,In Stock,No,645
52619,Product 6822,Sports,Special,Supplier D,Hyderabad WH,04-10-2025,October,998,75,699,21,145,3101,7479,5227821,3.8,8,In Stock,No,353
52620,Product 8625,Fashion,Basic,Supplier D,Bengaluru WH,19-09-2025,September,788,313,138,45,103,9122,7620,1051560,3.2,18,In Stock,No,918
52621,Product 2677,Home,Standard,Supplier E,Mumbai WH,05-06-2025,June,598,142,493,40,182,2308,2831,1395683,2.6,1,Low Stock,No,207
52622,Product 6372,Grocery,Premium,Supplier E,Mumbai WH,01-05-2025,May,321,457,525,50,75,97,1482,778050,3.7,3,Low Stock,Yes,203
52623,Product 4221,Beauty,Standard,Supplier D,Mumbai WH,18-12-2025,December,877,380,556,4,50,5300,13920,7739520,4.5,18,In Stock,No,697
52624,Product 8116,Sports,Standard,Supplier C,Pune WH,03-08-2025,August,951,85,198,13,110,6997,9432,1867536,3.7,15,Low Stock,No,825
52625,Product 9932,Beauty,Standard,Supplier E,Pune WH,21-08-2025,August,42,58,385,50,28,8045,14203,5468155,3.2,10,Low Stock,No,-335
52626,Product 1465,Electronics,Standard,Supplier A,Mumbai WH,30-09-2025,September,905,435,420,32,27,4966,11553,4852260,3.2,6,Low Stock,Yes,888
52627,Product 8203,Grocery,Basic,Supplier C,Mumbai WH,21-12-2025,December,734,487,542,8,183,9057,12954,7021068,3.7,19,In Stock,No,671
52628,Product 8915,Home,Premium,Supplier E,Delhi WH,26-11-2025,November,736,179,624,19,168,7750,9417,5876208,2.5,14,In Stock,No,272
52629,Product 1172,Electronics,Standard,Supplier C,Pune WH,15-07-2025,July,686,416,612,13,200,2630,2548,1559376,4,10,Out of Stock,Yes,477
52630,Product 5260,Grocery,Special,Supplier C,Bengaluru WH,12-01-2025,January,229,265,534,43,96,5682,12371,6606114,5,5,Low Stock,Yes,-83
52631,Product 4157,Grocery,Basic,Supplier C,Hyderabad WH,07-12-2025,December,165,29,423,41,178,7601,13908,5883084,4,11,Low Stock,No,-270
52632,Product 9485,Electronics,Special,Supplier D,Bengaluru WH,13-04-2025,April,881,251,647,25,127,3086,3721,2407487,3.9,6,Low Stock,No,460
52633,Product 8329,Fashion,Standard,Supplier A,Bengaluru WH,25-09-2025,September,541,110,566,18,149,6463,10875,6155250,4.7,6,In Stock,Yes,67
52634,Product 3551,Fashion,Special,Supplier E,Pune WH,03-05-2025,May,924,8,484,13,103,6779,1428,691152,5,19,Low Stock,No,435
52635,Product 6921,Sports,Premium,Supplier A,Pune WH,01-08-2025,August,600,51,72,33,189,306,11758,846576,2.7,13,Out of Stock,No,546
52636,Product 2671,Home,Special,Supplier D,Mumbai WH,24-02-2025,February,288,468,624,35,108,1389,7434,4638816,2.9,6,In Stock,No,97
52637,Product 4778,Electronics,Standard,Supplier D,Delhi WH,30-11-2025,November,291,446,97,43,128,6150,7504,727888,4,17,In Stock,No,597
52638,Product 8928,Electronics,Premium,Supplier C,Bengaluru WH,27-11-2025,November,955,337,325,48,107,8176,3716,1207700,4,15,In Stock,No,919
52639,Product 7959,Grocery,Standard,Supplier C,Bengaluru WH,01-08-2025,August,947,65,224,38,71,5094,11621,2603104,2.9,16,Low Stock,No,750
52640,Product 8541,Beauty,Premium,Supplier B,Hyderabad WH,29-06-2025,June,793,270,639,12,126,693,9763,6238557,4.3,15,Low Stock,No,412
52641,Product 6745,Beauty,Premium,Supplier E,Bengaluru WH,25-04-2025,April,581,307,487,42,199,8978,1837,894619,2.7,5,Low Stock,No,359
52642,Product 7953,Beauty,Premium,Supplier E,Delhi WH,09-01-2025,January,453,105,312,31,131,9265,11786,3677232,4.6,14,Low Stock,Yes,215
52643,Product 3173,Beauty,Special,Supplier A,Delhi WH,26-08-2025,August,153,211,691,42,110,1260,3563,2462033,4,14,Low Stock,Yes,-369
52644,Product 8636,Home,Special,Supplier D,Hyderabad WH,18-07-2025,July,412,303,307,4,122,9352,12437,3818159,3,13,In Stock,No,404
52645,Product 3900,Fashion,Special,Supplier A,Pune WH,15-01-2025,January,629,485,115,5,180,4280,7465,858475,3.2,20,In Stock,No,994
52646,Product 8763,Beauty,Premium,Supplier E,Bengaluru WH,22-09-2025,September,81,248,126,22,103,3056,2315,291690,2.7,1,Out of Stock,No,181
52647,Product 3574,Electronics,Standard,Supplier B,Mumbai WH,10-05-2025,May,377,100,160,21,99,4796,8939,1430240,4.3,2,Low Stock,Yes,296
52648,Product 8589,Electronics,Special,Supplier D,Pune WH,07-03-2025,March,842,146,538,37,115,2800,4020,2162760,4.6,1,In Stock,Yes,413
52649,Product 1622,Electronics,Premium,Supplier A,Hyderabad WH,29-12-2025,December,768,62,613,14,190,9933,12767,7826171,4.9,7,Low Stock,Yes,203
52650,Product 1130,Sports,Premium,Supplier A,Mumbai WH,30-03-2025,March,371,305,501,39,28,3842,6711,3362211,2.7,5,In Stock,No,136
52651,Product 4058,Sports,Basic,Supplier C,Hyderabad WH,26-11-2025,November,592,319,590,47,152,3151,11771,6944890,2.6,2,Out of Stock,Yes,274
52652,Product 6203,Sports,Premium,Supplier A,Bengaluru WH,09-08-2025,August,954,404,482,44,144,5414,3958,1907756,3.3,4,In Stock,No,832
52653,Product 7118,Sports,Special,Supplier C,Hyderabad WH,14-03-2025,March,913,278,62,35,132,4442,195,12090,3.7,2,In Stock,No,1094
52654,Product 7416,Beauty,Special,Supplier E,Bengaluru WH,16-10-2025,October,137,477,443,49,194,143,14357,6360151,2.6,13,In Stock,No,122
52655,Product 2068,Fashion,Special,Supplier B,Delhi WH,14-08-2025,August,101,20,414,40,49,8043,3694,1529316,4,10,Low Stock,No,-333
52656,Product 4703,Sports,Basic,Supplier C,Mumbai WH,01-04-2025,April,825,196,200,30,46,5147,3070,614000,4.7,8,In Stock,No,791
52657,Product 8632,Fashion,Premium,Supplier B,Pune WH,24-10-2025,October,429,91,636,35,36,5187,7070,4496520,4,4,In Stock,No,-151
52658,Product 9911,Sports,Standard,Supplier E,Delhi WH,17-08-2025,August,568,412,235,46,39,4768,7160,1682600,3.2,7,In Stock,No,699
52659,Product 2728,Home,Special,Supplier A,Pune WH,23-09-2025,September,528,128,672,50,137,6396,13677,9190944,3.8,13,Low Stock,No,-66
52660,Product 3620,Home,Premium,Supplier E,Hyderabad WH,25-01-2025,January,749,87,346,1,104,6784,13333,4613218,3.3,16,In Stock,No,489
52661,Product 8001,Sports,Special,Supplier A,Delhi WH,02-01-2025,January,677,422,697,30,130,161,6227,4340219,3.7,4,Out of Stock,No,372
52662,Product 7211,Electronics,Standard,Supplier C,Mumbai WH,25-01-2025,January,421,361,408,9,66,6779,7185,2931480,2.5,13,In Stock,No,365
52663,Product 6032,Electronics,Standard,Supplier D,Delhi WH,11-06-2025,June,570,93,132,50,167,1706,6724,887568,4.9,6,Low Stock,Yes,481
52664,Product 6035,Fashion,Premium,Supplier B,Pune WH,27-04-2025,April,675,279,317,37,172,6758,1731,548727,4.2,1,Out of Stock,Yes,600
52665,Product 1480,Sports,Special,Supplier D,Hyderabad WH,29-01-2025,January,266,245,65,15,55,4338,5480,356200,4.5,8,Low Stock,No,431
52666,Product 9925,Beauty,Standard,Supplier B,Delhi WH,29-01-2025,January,170,454,90,46,122,1331,2039,183510,4.7,1,Low Stock,Yes,488
52667,Product 1463,Home,Special,Supplier B,Hyderabad WH,07-12-2025,December,423,62,646,37,70,3819,11802,7624092,4.1,5,In Stock,Yes,-198
52668,Product 3433,Fashion,Standard,Supplier A,Bengaluru WH,07-09-2025,September,247,250,148,33,149,236,13659,2021532,3.1,17,In Stock,No,316
52669,Product 4379,Sports,Standard,Supplier C,Hyderabad WH,10-08-2025,August,286,347,600,1,177,9085,4691,2814600,3.2,5,In Stock,No,32
52670,Product 1050,Fashion,Basic,Supplier C,Hyderabad WH,26-04-2025,April,667,284,393,10,55,3734,5234,2056962,4.1,15,In Stock,No,548
52671,Product 8384,Sports,Special,Supplier B,Mumbai WH,15-11-2025,November,630,144,338,4,130,1925,1702,575276,5,9,In Stock,Yes,432
52672,Product 5387,Sports,Premium,Supplier C,Pune WH,24-12-2025,December,487,62,253,32,182,9024,11558,2924174,3.7,14,In Stock,No,264
52673,Product 8425,Sports,Special,Supplier B,Hyderabad WH,17-05-2025,May,577,308,587,36,133,4475,11107,6519809,3.9,8,In Stock,No,262
52674,Product 8685,Fashion,Standard,Supplier A,Pune WH,05-01-2025,January,894,337,61,10,191,8535,3500,213500,4.5,6,Low Stock,No,1160
52675,Product 8880,Fashion,Special,Supplier D,Pune WH,22-10-2025,October,788,21,639,8,99,6323,2583,1650537,2.7,18,In Stock,No,162
52676,Product 7546,Grocery,Basic,Supplier A,Pune WH,20-05-2025,May,227,276,201,30,142,7723,10170,2044170,2.5,4,Out of Stock,No,272
52677,Product 4464,Grocery,Standard,Supplier E,Pune WH,24-01-2025,January,133,170,5,11,86,6402,9334,46670,3.6,1,In Stock,No,287
52678,Product 5390,Grocery,Standard,Supplier E,Hyderabad WH,30-12-2025,December,714,15,66,38,71,9023,10580,698280,3.1,15,Low Stock,Yes,625
52679,Product 6600,Sports,Premium,Supplier D,Delhi WH,21-06-2025,June,800,329,634,29,33,3416,5457,3459738,3.6,13,In Stock,No,466
52680,Product 5727,Sports,Special,Supplier E,Mumbai WH,20-09-2025,September,88,455,65,1,174,1831,1258,81770,4.8,12,In Stock,No,477
52681,Product 9497,Grocery,Basic,Supplier E,Pune WH,11-11-2025,November,561,19,595,27,54,2363,12617,7507115,4.1,19,In Stock,No,-42
52682,Product 7381,Grocery,Basic,Supplier A,Bengaluru WH,22-07-2025,July,977,331,250,43,39,8363,10103,2525750,2.5,11,Low Stock,No,1015
52683,Product 2857,Grocery,Premium,Supplier C,Delhi WH,19-10-2025,October,495,139,551,48,172,8102,6837,3767187,2.7,10,In Stock,Yes,35
52684,Product 1200,Grocery,Special,Supplier C,Hyderabad WH,12-11-2025,November,289,459,52,34,149,1261,2604,135408,2.5,19,In Stock,No,662
52685,Product 6430,Sports,Premium,Supplier A,Bengaluru WH,28-09-2025,September,384,73,640,35,23,5415,4649,2975360,4.5,16,Out of Stock,No,-218
52686,Product 8540,Sports,Standard,Supplier D,Hyderabad WH,28-04-2025,April,288,77,177,2,176,3610,10246,1813542,4.7,18,In Stock,No,186
52687,Product 6963,Electronics,Premium,Supplier B,Pune WH,10-09-2025,September,518,455,274,21,125,9829,8804,2412296,3.5,17,Low Stock,No,678
52688,Product 1861,Home,Basic,Supplier C,Hyderabad WH,04-03-2025,March,310,299,110,31,148,7835,9338,1027180,2.7,20,In Stock,No,468
52689,Product 3910,Beauty,Special,Supplier B,Pune WH,16-12-2025,December,746,408,515,3,172,3731,10031,5165965,2.9,16,In Stock,Yes,636
52690,Product 6164,Fashion,Standard,Supplier D,Bengaluru WH,26-03-2025,March,414,446,182,4,76,1032,9343,1700426,4.2,11,In Stock,No,674
52691,Product 4548,Electronics,Standard,Supplier E,Pune WH,25-05-2025,May,898,182,272,41,142,4079,1600,435200,4,12,In Stock,Yes,767
52692,Product 4605,Grocery,Standard,Supplier C,Bengaluru WH,17-08-2025,August,257,26,147,18,130,2397,3138,461286,3.1,20,In Stock,No,118
52693,Product 8006,Fashion,Basic,Supplier B,Pune WH,03-04-2025,April,367,155,61,2,148,285,2050,125050,3.5,14,In Stock,No,459
52694,Product 6233,Home,Standard,Supplier C,Hyderabad WH,02-03-2025,March,140,21,93,24,60,2457,5836,542748,4,2,In Stock,Yes,44
52695,Product 7332,Electronics,Special,Supplier B,Mumbai WH,02-07-2025,July,442,237,651,44,22,6980,9808,6385008,3.8,1,In Stock,No,-16
52696,Product 1584,Beauty,Special,Supplier E,Mumbai WH,16-11-2025,November,203,310,288,6,184,1028,12748,3671424,2.7,8,Low Stock,No,219
52697,Product 4283,Grocery,Standard,Supplier C,Bengaluru WH,25-11-2025,November,284,43,288,30,148,5595,8170,2352960,3.7,20,In Stock,No,9
52698,Product 8841,Sports,Standard,Supplier E,Pune WH,07-12-2025,December,956,352,217,41,136,2613,10167,2206239,3.2,17,In Stock,No,1050
52699,Product 9142,Home,Special,Supplier E,Bengaluru WH,24-11-2025,November,73,374,226,14,194,2036,5224,1180624,2.8,1,Low Stock,Yes,207
52700,Product 8810,Sports,Standard,Supplier B,Hyderabad WH,12-02-2025,February,561,23,274,8,76,6837,3307,906118,2.8,3,Low Stock,No,302
52701,Product 5873,Home,Basic,Supplier B,Bengaluru WH,04-07-2025,July,600,459,640,13,88,3227,3312,2119680,3.8,19,In Stock,No,406
52702,Product 5664,Sports,Basic,Supplier D,Pune WH,06-10-2025,October,271,200,166,46,20,107,6204,1029864,3.8,17,In Stock,No,259
52703,Product 3701,Fashion,Basic,Supplier C,Bengaluru WH,20-09-2025,September,92,116,571,6,174,6129,3787,2162377,4.4,2,Out of Stock,No,-369
52704,Product 7562,Beauty,Standard,Supplier A,Delhi WH,05-01-2025,January,692,241,545,15,109,6206,7890,4300050,3.5,18,Low Stock,Yes,373
52705,Product 7204,Fashion,Special,Supplier D,Mumbai WH,28-10-2025,October,569,232,549,16,92,2966,3443,1890207,2.7,17,Low Stock,Yes,236
52706,Product 6356,Electronics,Standard,Supplier E,Hyderabad WH,25-01-2025,January,290,133,329,6,181,2311,7950,2615550,4,3,In Stock,No,88
52707,Product 1134,Home,Special,Supplier C,Mumbai WH,28-06-2025,June,852,375,355,48,44,569,12180,4323900,4.1,17,In Stock,No,824
52708,Product 9338,Fashion,Special,Supplier A,Mumbai WH,08-11-2025,November,477,172,285,42,27,2134,13315,3794775,4.1,14,In Stock,No,322
52709,Product 6086,Home,Special,Supplier D,Mumbai WH,16-02-2025,February,992,81,34,17,144,777,2369,80546,2.8,19,In Stock,No,1022
52710,Product 2719,Home,Basic,Supplier C,Pune WH,31-01-2025,January,219,250,180,30,196,1914,3986,717480,3.5,1,Low Stock,No,259
52711,Product 1954,Fashion,Basic,Supplier E,Bengaluru WH,02-02-2025,February,493,484,505,48,149,8011,2290,1156450,4.6,4,In Stock,No,424
52712,Product 7358,Electronics,Special,Supplier B,Hyderabad WH,19-04-2025,April,599,307,600,22,191,3781,10948,6568800,4.2,18,In Stock,No,284
52713,Product 8078,Home,Basic,Supplier C,Mumbai WH,30-06-2025,June,979,489,131,40,147,1673,14430,1890330,4.8,12,In Stock,Yes,1297
52714,Product 7448,Electronics,Basic,Supplier D,Mumbai WH,28-04-2025,April,65,222,83,47,190,7693,9049,751067,4.2,7,In Stock,Yes,157
52715,Product 2011,Grocery,Premium,Supplier B,Delhi WH,16-11-2025,November,330,325,258,11,49,6396,1999,515742,3.5,9,Low Stock,No,386
52716,Product 4751,Beauty,Basic,Supplier D,Pune WH,28-04-2025,April,525,238,648,11,58,3104,4933,3196584,4.8,12,In Stock,No,104
52717,Product 7427,Grocery,Premium,Supplier B,Delhi WH,23-12-2025,December,488,448,208,25,27,6924,217,45136,3.4,19,In Stock,Yes,703
52718,Product 1847,Electronics,Basic,Supplier A,Delhi WH,19-05-2025,May,634,259,693,50,148,6989,1725,1195425,4.3,14,Low Stock,No,150
52719,Product 5622,Beauty,Premium,Supplier D,Pune WH,19-11-2025,November,223,186,290,29,52,6705,7680,2227200,4.1,16,In Stock,No,90
52720,Product 8214,Electronics,Basic,Supplier E,Pune WH,04-12-2025,December,746,34,569,35,35,2909,11383,6476927,3.9,10,Out of Stock,Yes,176
52721,Product 8319,Home,Basic,Supplier B,Bengaluru WH,24-07-2025,July,798,114,546,26,109,8869,8098,4421508,4.6,15,Out of Stock,No,340
52722,Product 2096,Grocery,Basic,Supplier B,Hyderabad WH,16-07-2025,July,241,351,52,7,28,1290,4794,249288,3.8,1,Low Stock,No,533
52723,Product 2688,Sports,Standard,Supplier C,Delhi WH,08-11-2025,November,736,203,476,38,164,3045,1715,816340,3.7,2,In Stock,No,425
52724,Product 3899,Beauty,Premium,Supplier A,Pune WH,19-01-2025,January,797,356,62,4,150,6602,12058,747596,2.6,10,Low Stock,No,1087
52725,Product 5030,Beauty,Basic,Supplier C,Delhi WH,07-10-2025,October,721,443,226,31,179,5658,1395,315270,3.8,2,In Stock,No,907
52726,Product 8430,Fashion,Basic,Supplier A,Delhi WH,24-02-2025,February,574,363,695,23,116,3763,3406,2367170,4.9,8,In Stock,No,219
52727,Product 3984,Home,Special,Supplier B,Mumbai WH,05-01-2025,January,462,199,320,35,189,6541,3964,1268480,3.6,2,Low Stock,No,306
52728,Product 8827,Electronics,Basic,Supplier D,Pune WH,30-12-2025,December,839,337,568,5,151,8341,2399,1362632,2.9,1,Low Stock,Yes,603
52729,Product 3085,Home,Special,Supplier A,Mumbai WH,18-03-2025,March,173,461,676,40,181,3627,14118,9543768,3,10,Out of Stock,No,-82
52730,Product 5789,Grocery,Basic,Supplier D,Delhi WH,17-11-2025,November,212,477,325,48,149,5739,8960,2912000,4.9,12,In Stock,No,316
52731,Product 9778,Fashion,Special,Supplier D,Hyderabad WH,12-11-2025,November,381,350,582,14,118,3909,2722,1584204,3.3,17,Low Stock,No,135
52732,Product 6686,Grocery,Premium,Supplier B,Hyderabad WH,15-04-2025,April,282,77,286,2,78,5075,12749,3646214,4.4,8,In Stock,No,71
52733,Product 5696,Fashion,Basic,Supplier B,Pune WH,05-05-2025,May,95,144,159,22,194,5775,9751,1550409,3,10,Low Stock,No,58
52734,Product 9573,Fashion,Basic,Supplier D,Mumbai WH,22-01-2025,January,176,336,506,44,81,3650,14967,7573302,3.9,18,Out of Stock,Yes,-38
52735,Product 4263,Home,Special,Supplier E,Bengaluru WH,04-01-2025,January,139,349,409,41,94,8471,12276,5020884,3.5,3,In Stock,Yes,38
52736,Product 2184,Fashion,Special,Supplier B,Bengaluru WH,12-05-2025,May,512,484,273,23,124,2931,14573,3978429,3.4,6,In Stock,No,700
52737,Product 3757,Home,Basic,Supplier B,Hyderabad WH,30-03-2025,March,508,25,691,33,193,3760,11619,8028729,4.1,14,In Stock,Yes,-191
52738,Product 8226,Fashion,Special,Supplier E,Bengaluru WH,03-01-2025,January,38,363,152,30,75,5806,8406,1277712,3,3,In Stock,No,219
52739,Product 6626,Fashion,Basic,Supplier B,Hyderabad WH,07-04-2025,April,663,43,274,41,164,3370,6187,1695238,3.4,3,Low Stock,No,391
52740,Product 7238,Beauty,Standard,Supplier D,Delhi WH,01-03-2025,March,842,390,439,3,37,1832,396,173844,2.9,8,In Stock,Yes,790
52741,Product 8108,Beauty,Special,Supplier B,Hyderabad WH,05-04-2025,April,305,171,212,39,92,769,8778,1860936,3.6,11,Low Stock,Yes,225
52742,Product 4926,Fashion,Standard,Supplier E,Mumbai WH,29-01-2025,January,757,116,70,50,36,2154,5613,392910,4.7,16,Low Stock,No,753
52743,Product 5731,Grocery,Premium,Supplier E,Pune WH,23-04-2025,April,26,266,501,16,190,3771,4974,2491974,2.6,12,In Stock,No,-225
52744,Product 1410,Electronics,Basic,Supplier C,Delhi WH,25-02-2025,February,707,140,438,0,117,2420,1598,699924,4.7,3,In Stock,Yes,409
52745,Product 7367,Electronics,Standard,Supplier A,Pune WH,18-10-2025,October,460,461,206,35,94,9409,7495,1543970,4.8,2,Low Stock,No,680
52746,Product 3920,Fashion,Basic,Supplier A,Pune WH,10-12-2025,December,728,114,469,48,192,624,4931,2312639,3,15,In Stock,Yes,325
52747,Product 9019,Sports,Special,Supplier C,Delhi WH,01-09-2025,September,973,62,585,50,146,1209,13890,8125650,4,14,Low Stock,Yes,400
52748,Product 1500,Grocery,Standard,Supplier C,Delhi WH,19-06-2025,June,447,421,304,31,71,9191,7479,2273616,4.2,12,In Stock,No,533
52749,Product 8915,Beauty,Premium,Supplier D,Hyderabad WH,16-11-2025,November,939,439,676,38,63,7355,11778,7961928,3.8,7,Out of Stock,Yes,664
52750,Product 2756,Beauty,Standard,Supplier D,Pune WH,24-09-2025,September,288,444,255,27,33,4873,7477,1906635,3.5,9,Low Stock,No,450
52751,Product 1959,Grocery,Premium,Supplier D,Pune WH,18-09-2025,September,626,152,647,40,133,2755,3530,2283910,4.9,2,In Stock,No,91
52752,Product 4258,Beauty,Basic,Supplier D,Delhi WH,26-01-2025,January,447,279,228,17,64,1935,9901,2257428,3.8,8,In Stock,No,481
52753,Product 1522,Electronics,Standard,Supplier C,Delhi WH,24-01-2025,January,479,428,500,49,187,4594,2718,1359000,3.6,10,In Stock,No,358
52754,Product 5270,Sports,Special,Supplier A,Delhi WH,20-03-2025,March,345,487,290,32,159,888,10597,3073130,3,7,In Stock,Yes,510
52755,Product 7310,Electronics,Standard,Supplier E,Bengaluru WH,29-08-2025,August,829,127,168,17,39,3391,9817,1649256,4.9,5,In Stock,No,771
52756,Product 9031,Fashion,Basic,Supplier A,Hyderabad WH,12-05-2025,May,854,318,564,8,77,8332,13906,7842984,3.8,16,In Stock,No,600
52757,Product 5516,Grocery,Standard,Supplier E,Mumbai WH,13-01-2025,January,549,408,689,18,33,98,5052,3480828,4.2,15,In Stock,No,250
52758,Product 1160,Sports,Special,Supplier C,Mumbai WH,30-06-2025,June,445,245,169,46,127,6694,7885,1332565,2.7,9,In Stock,No,475
52759,Product 8048,Electronics,Special,Supplier B,Hyderabad WH,14-05-2025,May,939,359,220,36,110,9127,11254,2475880,3.1,8,In Stock,No,1042
52760,Product 6451,Grocery,Standard,Supplier E,Bengaluru WH,07-11-2025,November,80,11,151,50,52,2061,13074,1974174,3.1,20,In Stock,No,-110
52761,Product 4556,Grocery,Premium,Supplier C,Bengaluru WH,14-12-2025,December,880,125,479,38,134,4483,6731,3224149,3.3,14,In Stock,Yes,488
52762,Product 4919,Grocery,Special,Supplier A,Mumbai WH,14-02-2025,February,63,149,290,28,177,8539,13159,3816110,3.8,1,In Stock,Yes,-106
52763,Product 9704,Fashion,Premium,Supplier E,Bengaluru WH,18-04-2025,April,769,472,364,39,41,8684,748,272272,3.5,14,In Stock,No,838
52764,Product 1420,Electronics,Special,Supplier B,Bengaluru WH,03-12-2025,December,868,496,410,30,130,4151,10325,4233250,4.3,8,In Stock,No,924
52765,Product 2687,Fashion,Basic,Supplier C,Pune WH,12-01-2025,January,558,18,102,6,45,990,3850,392700,3,1,Low Stock,No,468
52766,Product 8107,Fashion,Standard,Supplier E,Mumbai WH,04-09-2025,September,251,292,490,43,45,9983,11253,5513970,3.4,3,Low Stock,No,10
52767,Product 6810,Grocery,Special,Supplier D,Delhi WH,15-07-2025,July,852,281,690,13,172,3032,7491,5168790,4.3,8,Low Stock,No,430
52768,Product 6274,Sports,Premium,Supplier E,Hyderabad WH,31-08-2025,August,344,38,91,49,54,3726,1586,144326,3.9,7,In Stock,No,242
52769,Product 3622,Beauty,Premium,Supplier C,Pune WH,21-06-2025,June,645,335,470,42,161,7317,14663,6891610,4.8,2,In Stock,No,468
52770,Product 2262,Fashion,Basic,Supplier B,Mumbai WH,21-12-2025,December,311,266,649,31,54,3300,14741,9566909,4.5,14,Low Stock,No,-103
52771,Product 1354,Grocery,Basic,Supplier B,Mumbai WH,28-09-2025,September,122,353,187,41,137,8553,5024,939488,4.6,3,In Stock,Yes,247
52772,Product 2069,Sports,Standard,Supplier C,Delhi WH,01-03-2025,March,879,30,37,22,28,5574,12900,477300,3.3,7,Low Stock,No,850
52773,Product 7813,Grocery,Basic,Supplier E,Hyderabad WH,07-11-2025,November,399,164,324,21,83,1416,1214,393336,4.5,15,In Stock,Yes,218
52774,Product 1153,Sports,Premium,Supplier D,Mumbai WH,24-08-2025,August,216,226,328,42,96,6822,3427,1124056,3.8,16,In Stock,No,72
52775,Product 2206,Grocery,Special,Supplier C,Hyderabad WH,16-09-2025,September,27,180,447,14,135,4484,1366,610602,4.4,14,Low Stock,No,-254
52776,Product 5879,Grocery,Standard,Supplier D,Mumbai WH,28-03-2025,March,325,403,115,32,70,8122,4067,467705,2.9,6,In Stock,No,581
52777,Product 4587,Electronics,Special,Supplier A,Pune WH,05-05-2025,May,942,315,280,26,38,4659,12903,3612840,3.6,9,In Stock,No,951
52778,Product 8933,Fashion,Premium,Supplier A,Delhi WH,05-04-2025,April,68,318,597,46,98,9318,12416,7412352,4.9,16,In Stock,No,-257
52779,Product 9118,Sports,Standard,Supplier E,Mumbai WH,21-08-2025,August,668,92,425,31,99,5137,8930,3795250,3.6,3,In Stock,No,304
52780,Product 5652,Fashion,Premium,Supplier E,Hyderabad WH,09-10-2025,October,952,464,564,30,108,7105,4118,2322552,2.6,4,Low Stock,No,822
52781,Product 3423,Home,Standard,Supplier D,Hyderabad WH,20-08-2025,August,202,212,358,43,119,3491,10517,3765086,2.7,18,In Stock,No,13
52782,Product 3434,Home,Special,Supplier E,Pune WH,20-10-2025,October,936,69,673,25,159,7664,9024,6073152,3.6,19,In Stock,No,307
52783,Product 4861,Sports,Special,Supplier A,Pune WH,25-02-2025,February,775,431,95,6,100,8782,3795,360525,3.5,4,In Stock,No,1105
52784,Product 5582,Electronics,Basic,Supplier A,Delhi WH,21-06-2025,June,186,417,345,13,75,4903,10277,3545565,3,3,In Stock,No,245
52785,Product 1938,Home,Premium,Supplier B,Bengaluru WH,23-12-2025,December,142,79,201,22,22,7816,5640,1133640,2.7,6,Out of Stock,No,-2
52786,Product 4737,Fashion,Premium,Supplier C,Bengaluru WH,30-11-2025,November,943,110,204,34,161,4924,10572,2156688,4.8,4,In Stock,No,815
52787,Product 5194,Beauty,Premium,Supplier D,Mumbai WH,09-08-2025,August,717,95,94,16,165,3426,12297,1155918,4.5,19,In Stock,No,702
52788,Product 5540,Home,Standard,Supplier A,Pune WH,24-09-2025,September,535,216,455,15,164,4985,5777,2628535,4.7,18,In Stock,No,281
52789,Product 7687,Fashion,Special,Supplier C,Mumbai WH,04-11-2025,November,389,391,500,23,23,6421,13112,6556000,2.7,7,In Stock,No,257
52790,Product 9291,Grocery,Basic,Supplier B,Pune WH,21-09-2025,September,857,116,266,24,55,9191,1903,506198,2.9,1,Low Stock,Yes,683
52791,Product 2265,Beauty,Standard,Supplier A,Delhi WH,14-02-2025,February,740,494,601,36,23,1979,6880,4134880,3.3,15,Low Stock,No,597
52792,Product 8154,Grocery,Special,Supplier D,Mumbai WH,10-01-2025,January,285,135,445,13,72,1368,3489,1552605,4.5,11,Low Stock,Yes,-38
52793,Product 6289,Sports,Special,Supplier C,Hyderabad WH,16-10-2025,October,142,248,541,13,124,9453,14497,7842877,2.5,20,In Stock,No,-164
52794,Product 3411,Home,Standard,Supplier C,Hyderabad WH,21-06-2025,June,142,120,531,40,29,5446,2035,1080585,2.9,1,In Stock,No,-309
52795,Product 4081,Beauty,Basic,Supplier C,Hyderabad WH,15-11-2025,November,715,406,32,35,71,8088,11339,362848,2.6,2,In Stock,No,1054
52796,Product 6436,Electronics,Basic,Supplier C,Mumbai WH,18-11-2025,November,396,182,392,29,52,7277,6882,2697744,4.8,19,Low Stock,Yes,157
52797,Product 6053,Fashion,Basic,Supplier E,Delhi WH,20-04-2025,April,928,144,361,10,145,1120,5224,1885864,3.8,9,In Stock,No,701
52798,Product 5491,Home,Standard,Supplier C,Mumbai WH,08-11-2025,November,338,190,363,19,125,3242,11418,4144734,3.1,14,In Stock,No,146
52799,Product 7161,Grocery,Standard,Supplier B,Hyderabad WH,19-11-2025,November,185,415,237,5,171,8012,483,114471,3.6,20,Low Stock,No,358
52800,Product 2045,Electronics,Standard,Supplier C,Delhi WH,04-05-2025,May,455,283,450,2,115,5753,6545,2945250,4.4,10,In Stock,No,286
52801,Product 4051,Grocery,Basic,Supplier B,Delhi WH,19-10-2025,October,404,478,614,1,128,8582,14928,9165792,4.5,3,In Stock,No,267
52802,Product 9123,Beauty,Basic,Supplier E,Delhi WH,19-01-2025,January,192,196,422,33,36,6083,14915,6294130,3.1,17,In Stock,No,-67
52803,Product 3804,Fashion,Special,Supplier A,Pune WH,25-01-2025,January,999,391,638,46,152,2907,2978,1899964,3.1,4,Low Stock,No,706
52804,Product 9651,Fashion,Premium,Supplier E,Bengaluru WH,14-12-2025,December,321,78,84,19,172,2838,6514,547176,4.6,20,In Stock,Yes,296
52805,Product 7474,Home,Premium,Supplier E,Delhi WH,08-09-2025,September,845,331,664,36,115,2073,1822,1209808,3.1,5,In Stock,No,476
52806,Product 3807,Home,Standard,Supplier B,Hyderabad WH,12-01-2025,January,325,63,306,27,171,8877,3215,983790,3.5,6,In Stock,Yes,55
52807,Product 6642,Sports,Standard,Supplier B,Mumbai WH,30-09-2025,September,90,223,169,16,183,685,9719,1642511,3.3,12,Low Stock,No,128
52808,Product 3573,Electronics,Basic,Supplier D,Bengaluru WH,18-11-2025,November,939,81,537,16,113,752,11876,6377412,4.1,5,In Stock,No,467
52809,Product 2039,Fashion,Premium,Supplier E,Pune WH,27-01-2025,January,941,319,543,2,148,9552,7527,4087161,4.2,4,Low Stock,No,715
52810,Product 6476,Home,Special,Supplier E,Hyderabad WH,27-04-2025,April,96,75,10,45,103,5498,2381,23810,2.7,2,In Stock,No,116
52811,Product 4240,Grocery,Special,Supplier D,Hyderabad WH,14-01-2025,January,471,191,75,36,174,9436,10758,806850,5,8,In Stock,No,551
52812,Product 9349,Grocery,Premium,Supplier C,Hyderabad WH,30-07-2025,July,634,99,32,30,140,2363,11935,381920,3,13,In Stock,No,671
52813,Product 9204,Home,Standard,Supplier B,Pune WH,02-09-2025,September,86,39,184,48,23,8404,4526,832784,3.9,5,In Stock,No,-107
52814,Product 5198,Grocery,Basic,Supplier A,Pune WH,28-07-2025,July,440,441,266,28,28,4639,433,115178,3.4,10,In Stock,No,587
52815,Product 5521,Electronics,Special,Supplier C,Hyderabad WH,10-07-2025,July,225,259,354,48,169,978,4351,1540254,4.3,7,In Stock,No,82
52816,Product 2519,Sports,Standard,Supplier E,Mumbai WH,11-05-2025,May,224,342,348,35,77,6947,10896,3791808,4.2,19,Low Stock,No,183
52817,Product 4418,Sports,Basic,Supplier C,Pune WH,21-05-2025,May,964,449,579,29,22,3853,5793,3354147,3.7,6,In Stock,No,805
52818,Product 9164,Beauty,Special,Supplier C,Hyderabad WH,13-10-2025,October,523,215,490,0,131,2981,5716,2800840,4.5,12,In Stock,No,248
52819,Product 4036,Sports,Special,Supplier A,Pune WH,30-12-2025,December,574,488,1,46,104,1402,12412,12412,3.2,13,In Stock,No,1015
52820,Product 7076,Electronics,Standard,Supplier C,Delhi WH,18-08-2025,August,902,215,515,27,183,6127,10054,5177810,4.1,16,In Stock,Yes,575
52821,Product 6989,Fashion,Special,Supplier C,Mumbai WH,12-06-2025,June,59,153,459,43,42,8267,6457,2963763,3.7,18,In Stock,No,-290
52822,Product 2496,Beauty,Basic,Supplier B,Bengaluru WH,16-11-2025,November,22,184,121,28,120,7294,14040,1698840,4.4,6,In Stock,Yes,57
52823,Product 1310,Fashion,Basic,Supplier A,Pune WH,07-11-2025,November,772,252,433,7,191,2624,14199,6148167,2.6,8,In Stock,No,584
52824,Product 6593,Home,Standard,Supplier D,Mumbai WH,05-03-2025,March,402,72,601,35,79,7645,14992,9010192,4.4,11,In Stock,Yes,-162
52825,Product 3620,Home,Premium,Supplier E,Hyderabad WH,05-06-2025,June,60,259,664,40,73,2331,10890,7230960,4.4,10,In Stock,No,-385
52826,Product 2675,Sports,Basic,Supplier C,Bengaluru WH,19-12-2025,December,308,411,405,17,53,8830,536,217080,2.8,16,In Stock,No,297
52827,Product 1837,Beauty,Basic,Supplier C,Pune WH,21-06-2025,June,732,17,604,3,108,1319,5076,3065904,4.4,2,In Stock,No,142
52828,Product 2302,Home,Premium,Supplier D,Hyderabad WH,23-10-2025,October,418,360,312,36,115,7664,9251,2886312,2.7,17,In Stock,No,430
52829,Product 3855,Electronics,Premium,Supplier A,Pune WH,29-11-2025,November,240,487,183,7,162,3647,8757,1602531,3.2,16,Low Stock,Yes,537
52830,Product 2360,Grocery,Standard,Supplier D,Bengaluru WH,12-07-2025,July,731,215,547,26,56,7389,1673,915131,3.5,16,In Stock,No,373
52831,Product 3963,Grocery,Basic,Supplier E,Mumbai WH,26-07-2025,July,676,285,683,11,184,7137,14592,9966336,3.1,3,In Stock,No,267
52832,Product 5525,Home,Premium,Supplier C,Pune WH,04-04-2025,April,886,95,201,47,78,4584,11336,2278536,2.6,19,Out of Stock,No,733
52833,Product 3182,Grocery,Premium,Supplier A,Bengaluru WH,14-03-2025,March,437,370,596,22,35,7810,8720,5197120,4.9,11,In Stock,No,189
52834,Product 8993,Grocery,Premium,Supplier C,Delhi WH,20-08-2025,August,709,226,562,21,66,2283,1376,773312,4.9,10,Low Stock,No,352
52835,Product 9714,Sports,Basic,Supplier A,Hyderabad WH,09-10-2025,October,229,346,273,45,46,2146,14669,4004637,3.1,3,In Stock,Yes,257
52836,Product 9924,Beauty,Special,Supplier C,Hyderabad WH,03-09-2025,September,607,460,669,38,101,4550,8541,5713929,2.6,7,Low Stock,No,360
52837,Product 2556,Beauty,Premium,Supplier C,Mumbai WH,28-01-2025,January,383,227,608,32,142,3866,6226,3785408,3.4,13,In Stock,No,-30
52838,Product 4338,Beauty,Basic,Supplier A,Mumbai WH,24-12-2025,December,422,57,238,12,178,524,13438,3198244,3.5,12,Low Stock,No,229
52839,Product 5106,Grocery,Basic,Supplier A,Pune WH,19-11-2025,November,574,380,612,45,86,5157,10800,6609600,3.4,15,Out of Stock,No,297
52840,Product 5451,Electronics,Standard,Supplier A,Pune WH,13-03-2025,March,40,330,407,45,20,6114,10372,4221404,4.3,9,In Stock,No,-82
52841,Product 9890,Home,Special,Supplier E,Delhi WH,07-03-2025,March,774,393,150,7,156,6602,12358,1853700,4.1,2,Low Stock,Yes,1010
52842,Product 1414,Electronics,Standard,Supplier A,Delhi WH,02-03-2025,March,678,229,226,48,135,1521,572,129272,4.1,17,In Stock,Yes,633
52843,Product 4945,Sports,Special,Supplier B,Bengaluru WH,29-11-2025,November,453,128,567,48,165,8249,9793,5552631,2.5,5,In Stock,No,-34
52844,Product 2607,Beauty,Premium,Supplier E,Mumbai WH,23-05-2025,May,431,467,506,35,186,5048,8890,4498340,4.5,7,In Stock,No,357
52845,Product 4198,Home,Special,Supplier D,Mumbai WH,09-02-2025,February,210,330,586,19,112,5748,4963,2908318,4.9,17,Low Stock,No,-65
52846,Product 5235,Beauty,Special,Supplier C,Hyderabad WH,17-07-2025,July,234,161,683,38,136,9209,12388,8461004,4.9,15,In Stock,Yes,-326
52847,Product 8483,Beauty,Standard,Supplier A,Mumbai WH,15-04-2025,April,125,90,356,1,165,3452,4045,1440020,3.1,4,In Stock,No,-142
52848,Product 9472,Grocery,Premium,Supplier E,Delhi WH,30-11-2025,November,360,468,377,12,63,6900,5642,2127034,3.1,16,In Stock,No,439
52849,Product 9825,Fashion,Premium,Supplier B,Bengaluru WH,14-02-2025,February,180,447,109,13,54,7046,3901,425209,3,13,In Stock,No,505
52850,Product 5638,Fashion,Basic,Supplier D,Hyderabad WH,13-01-2025,January,839,253,407,20,178,7025,4526,1842082,4.2,2,In Stock,No,665
52851,Product 9567,Home,Premium,Supplier D,Pune WH,07-01-2025,January,935,379,427,23,105,9052,14805,6321735,2.8,11,Out of Stock,No,864
52852,Product 8501,Grocery,Basic,Supplier B,Mumbai WH,04-02-2025,February,305,466,120,50,49,9024,8206,984720,4.2,1,In Stock,Yes,601
52853,Product 6619,Home,Basic,Supplier C,Bengaluru WH,11-10-2025,October,92,183,402,16,36,928,1790,719580,4.7,20,Low Stock,No,-143
52854,Product 6564,Sports,Basic,Supplier D,Mumbai WH,03-04-2025,April,445,88,25,3,183,66,1849,46225,3.9,14,In Stock,Yes,505
52855,Product 2038,Beauty,Basic,Supplier C,Bengaluru WH,05-11-2025,November,234,360,426,41,158,3236,4126,1757676,4.8,13,In Stock,Yes,127
52856,Product 1511,Fashion,Standard,Supplier D,Bengaluru WH,27-08-2025,August,936,67,434,28,72,8157,12410,5385940,2.9,12,In Stock,No,541
52857,Product 5103,Sports,Standard,Supplier C,Pune WH,31-05-2025,May,895,146,583,9,95,4375,12842,7486886,2.7,13,In Stock,No,449
52858,Product 3835,Home,Basic,Supplier E,Mumbai WH,10-12-2025,December,67,4,463,46,85,5182,6224,2881712,3.9,2,Out of Stock,No,-438
52859,Product 3741,Grocery,Standard,Supplier D,Bengaluru WH,23-03-2025,March,78,25,655,14,106,2440,5425,3553375,3.7,1,In Stock,No,-566
52860,Product 1689,Beauty,Standard,Supplier B,Delhi WH,22-05-2025,May,724,128,166,4,23,7749,7207,1196362,3.5,19,In Stock,No,682
52861,Product 2208,Fashion,Standard,Supplier D,Hyderabad WH,09-02-2025,February,979,498,318,9,115,4601,13211,4201098,3.8,4,In Stock,No,1150
52862,Product 9070,Grocery,Basic,Supplier A,Hyderabad WH,07-01-2025,January,53,200,486,33,99,7110,10832,5264352,3.1,11,In Stock,Yes,-266
52863,Product 7188,Sports,Standard,Supplier A,Bengaluru WH,21-10-2025,October,231,202,214,29,120,6791,2038,436132,2.8,9,In Stock,No,190
52864,Product 3126,Electronics,Special,Supplier C,Pune WH,12-04-2025,April,273,183,400,43,165,7201,5386,2154400,4.8,8,In Stock,No,13
52865,Product 2580,Home,Standard,Supplier C,Hyderabad WH,25-04-2025,April,988,355,170,50,123,9848,5046,857820,3.9,18,In Stock,No,1123
52866,Product 2139,Beauty,Premium,Supplier E,Pune WH,10-07-2025,July,232,435,590,9,177,3685,14239,8401010,3.1,19,In Stock,No,68
52867,Product 3213,Fashion,Special,Supplier A,Bengaluru WH,06-11-2025,November,690,99,575,5,57,6803,4989,2868675,3.9,13,In Stock,No,209
52868,Product 1255,Beauty,Special,Supplier C,Bengaluru WH,13-11-2025,November,487,46,247,37,170,7449,13014,3214458,4.3,16,In Stock,No,249
52869,Product 7867,Grocery,Basic,Supplier C,Delhi WH,01-03-2025,March,271,26,395,40,104,1390,13479,5324205,2.9,6,In Stock,No,-138
52870,Product 4925,Sports,Standard,Supplier D,Mumbai WH,12-03-2025,March,214,478,606,49,153,9961,10075,6105450,5,4,In Stock,No,37
52871,Product 9865,Grocery,Premium,Supplier B,Pune WH,17-06-2025,June,265,293,556,26,127,2690,3479,1934324,4.3,19,Out of Stock,No,-24
52872,Product 4968,Home,Standard,Supplier B,Pune WH,26-08-2025,August,159,146,432,48,154,5458,8182,3534624,3.2,2,In Stock,No,-175
52873,Product 3651,Electronics,Standard,Supplier E,Mumbai WH,20-12-2025,December,468,143,84,13,88,2555,7320,614880,2.7,2,In Stock,No,514
52874,Product 4863,Electronics,Premium,Supplier B,Hyderabad WH,11-01-2025,January,288,458,328,41,108,7495,9350,3066800,4.8,2,In Stock,No,377
52875,Product 3029,Sports,Special,Supplier A,Hyderabad WH,22-06-2025,June,496,96,219,38,170,3682,6569,1438611,3.8,13,In Stock,Yes,335
52876,Product 2334,Sports,Special,Supplier C,Delhi WH,19-10-2025,October,1000,66,156,11,84,5460,5323,830388,3.7,5,Low Stock,No,899
52877,Product 8650,Grocery,Premium,Supplier A,Bengaluru WH,05-04-2025,April,830,234,191,9,129,5655,8326,1590266,4.2,7,In Stock,No,864
52878,Product 8301,Home,Premium,Supplier D,Mumbai WH,12-10-2025,October,596,92,65,0,166,7780,3620,235300,3.8,9,In Stock,No,623
52879,Product 1883,Electronics,Standard,Supplier B,Bengaluru WH,04-02-2025,February,966,489,246,24,93,2276,449,110454,2.5,17,Out of Stock,Yes,1185
52880,Product 8897,Sports,Premium,Supplier D,Pune WH,06-03-2025,March,954,7,4,50,191,8782,10670,42680,2.5,3,In Stock,No,907
52881,Product 3095,Beauty,Special,Supplier B,Pune WH,21-05-2025,May,372,424,419,25,75,2902,4198,1758962,3.6,3,In Stock,No,352
52882,Product 7003,Electronics,Basic,Supplier B,Pune WH,14-03-2025,March,132,109,42,43,42,9604,4419,185598,2.8,12,In Stock,No,156
52883,Product 1574,Grocery,Standard,Supplier B,Mumbai WH,12-05-2025,May,861,333,627,26,51,3987,6593,4133811,4.4,18,In Stock,No,541
52884,Product 2367,Sports,Basic,Supplier E,Delhi WH,15-02-2025,February,89,131,404,27,193,3574,945,381780,4.4,9,Out of Stock,No,-211
52885,Product 2523,Grocery,Special,Supplier B,Delhi WH,30-10-2025,October,542,23,24,12,82,6083,1363,32712,3.7,14,In Stock,No,529
52886,Product 5234,Electronics,Basic,Supplier C,Bengaluru WH,03-11-2025,November,824,494,589,42,83,6362,4006,2359534,2.8,8,Out of Stock,No,687
52887,Product 4375,Fashion,Basic,Supplier C,Mumbai WH,19-10-2025,October,917,336,68,11,114,1969,8757,595476,4.3,1,In Stock,Yes,1174
52888,Product 9109,Grocery,Special,Supplier B,Bengaluru WH,01-10-2025,October,334,333,456,30,170,634,1904,868224,2.8,1,Low Stock,Yes,181
52889,Product 7839,Fashion,Premium,Supplier B,Bengaluru WH,01-03-2025,March,598,67,347,40,84,8905,7538,2615686,4.8,7,In Stock,No,278
52890,Product 9155,Fashion,Premium,Supplier B,Pune WH,11-04-2025,April,444,192,342,22,21,8389,8762,2996604,4.9,3,In Stock,No,272
52891,Product 7997,Home,Special,Supplier C,Delhi WH,26-02-2025,February,849,67,339,36,179,2503,5688,1928232,4.3,20,Low Stock,No,541
52892,Product 3531,Home,Premium,Supplier C,Delhi WH,23-12-2025,December,223,231,571,42,182,207,4306,2458726,3.3,10,Low Stock,No,-159
52893,Product 6682,Beauty,Premium,Supplier B,Pune WH,01-05-2025,May,843,493,93,20,162,2476,720,66960,4.4,7,Low Stock,No,1223
52894,Product 1360,Grocery,Premium,Supplier A,Hyderabad WH,17-11-2025,November,358,367,120,39,167,9934,10271,1232520,2.8,1,Low Stock,No,566
52895,Product 2237,Beauty,Standard,Supplier A,Hyderabad WH,30-05-2025,May,83,191,603,1,124,2215,13581,8189343,3.4,3,Low Stock,No,-330
52896,Product 5663,Fashion,Basic,Supplier D,Pune WH,06-10-2025,October,969,394,692,33,87,7870,10967,7589164,3,16,Out of Stock,No,638
52897,Product 2716,Electronics,Basic,Supplier B,Hyderabad WH,13-09-2025,September,317,399,189,33,149,2051,9127,1725003,2.8,2,In Stock,No,494
52898,Product 6929,Beauty,Premium,Supplier E,Hyderabad WH,19-08-2025,August,36,240,420,3,24,9751,1409,591780,4.2,11,In Stock,Yes,-147
52899,Product 2437,Grocery,Premium,Supplier D,Hyderabad WH,27-02-2025,February,321,293,477,46,167,2040,6928,3304656,2.8,8,In Stock,Yes,91
52900,Product 3978,Fashion,Special,Supplier C,Pune WH,14-09-2025,September,618,416,612,26,97,4453,6492,3973104,4.1,6,In Stock,No,396
52901,Product 7313,Sports,Standard,Supplier C,Delhi WH,16-07-2025,July,517,171,604,25,200,9155,8790,5309160,2.5,8,Low Stock,Yes,59
52902,Product 1795,Sports,Premium,Supplier B,Hyderabad WH,27-10-2025,October,168,229,584,28,183,578,4613,2693992,3.4,8,In Stock,Yes,-215
52903,Product 9209,Beauty,Special,Supplier B,Delhi WH,03-06-2025,June,410,486,246,5,142,8064,6639,1633194,4.2,6,In Stock,No,645
52904,Product 5737,Home,Premium,Supplier A,Bengaluru WH,20-01-2025,January,110,356,343,31,153,4174,7248,2486064,3.6,18,Out of Stock,No,92
52905,Product 7990,Beauty,Special,Supplier C,Pune WH,20-12-2025,December,717,11,561,38,155,2145,5736,3217896,4.2,18,Low Stock,No,129
52906,Product 4935,Beauty,Special,Supplier E,Bengaluru WH,17-05-2025,May,322,189,6,49,80,1038,2102,12612,3.4,4,Low Stock,No,456
52907,Product 8374,Beauty,Special,Supplier A,Hyderabad WH,26-08-2025,August,79,86,265,13,200,3953,10739,2845835,3.3,18,Low Stock,No,-113
52908,Product 2960,Grocery,Special,Supplier D,Bengaluru WH,19-11-2025,November,699,478,665,38,187,9619,8218,5464970,4.9,10,In Stock,Yes,474
52909,Product 7932,Beauty,Standard,Supplier B,Pune WH,06-10-2025,October,875,173,18,14,154,9734,10543,189774,4.6,2,Out of Stock,No,1016
52910,Product 8830,Sports,Special,Supplier C,Mumbai WH,15-05-2025,May,56,27,622,8,33,8338,9809,6101198,4.9,8,Low Stock,No,-547
52911,Product 8698,Sports,Basic,Supplier A,Hyderabad WH,15-09-2025,September,524,320,525,29,156,2801,11045,5798625,3.8,1,In Stock,No,290
52912,Product 3187,Electronics,Premium,Supplier B,Bengaluru WH,06-05-2025,May,400,334,554,44,87,2309,524,290296,3.9,14,Out of Stock,No,136
52913,Product 2968,Electronics,Special,Supplier E,Mumbai WH,23-01-2025,January,479,373,514,50,191,6781,4143,2129502,4.2,7,In Stock,No,288
52914,Product 5860,Home,Premium,Supplier A,Delhi WH,29-12-2025,December,901,467,179,5,24,6091,12315,2204385,4,7,In Stock,Yes,1184
52915,Product 2657,Beauty,Premium,Supplier D,Bengaluru WH,20-09-2025,September,214,408,671,30,129,6978,3225,2163975,2.8,1,Low Stock,No,-79
52916,Product 3251,Electronics,Special,Supplier E,Delhi WH,21-07-2025,July,887,375,623,43,26,2356,13589,8465947,4.7,13,In Stock,No,596
52917,Product 4905,Sports,Standard,Supplier B,Hyderabad WH,11-11-2025,November,623,320,190,37,116,8195,14255,2708450,4.6,12,In Stock,No,716
52918,Product 5221,Home,Premium,Supplier B,Delhi WH,01-01-2025,January,614,170,549,8,101,3545,11221,6160329,4.1,7,Out of Stock,No,227
52919,Product 1248,Home,Standard,Supplier C,Hyderabad WH,12-10-2025,October,892,217,276,33,67,8084,6088,1680288,4.9,1,Low Stock,Yes,800
52920,Product 9847,Home,Premium,Supplier B,Mumbai WH,13-12-2025,December,933,426,555,22,200,7249,1400,777000,3.7,8,In Stock,No,782
52921,Product 2355,Grocery,Special,Supplier C,Pune WH,17-11-2025,November,401,182,634,34,21,6306,11403,7229502,3.9,7,In Stock,No,-85
52922,Product 3113,Sports,Premium,Supplier A,Bengaluru WH,09-06-2025,June,357,69,684,18,172,3629,7390,5054760,3.8,11,Out of Stock,No,-276
52923,Product 6430,Home,Basic,Supplier D,Hyderabad WH,29-09-2025,September,945,446,691,44,59,5965,8517,5885247,3.8,17,In Stock,No,656
52924,Product 7987,Fashion,Basic,Supplier C,Pune WH,23-03-2025,March,331,69,475,42,84,2306,480,228000,3.6,18,In Stock,No,-117
52925,Product 1634,Electronics,Basic,Supplier A,Mumbai WH,19-01-2025,January,952,244,84,37,65,8032,3183,267372,4.7,5,In Stock,Yes,1075
52926,Product 3820,Beauty,Premium,Supplier D,Hyderabad WH,01-10-2025,October,959,393,470,14,20,6393,1765,829550,2.8,20,Low Stock,No,868
52927,Product 4354,Beauty,Basic,Supplier A,Mumbai WH,28-04-2025,April,417,76,208,6,61,4595,9071,1886768,4.4,7,Low Stock,No,279
52928,Product 3009,Sports,Basic,Supplier D,Delhi WH,20-01-2025,January,411,486,656,12,74,2454,1383,907248,2.7,1,Low Stock,No,229
52929,Product 2639,Sports,Premium,Supplier C,Delhi WH,18-11-2025,November,691,392,540,3,161,4354,9571,5168340,5,3,Out of Stock,No,540
52930,Product 1401,Fashion,Special,Supplier C,Pune WH,07-04-2025,April,924,186,612,42,23,6621,1118,684216,2.9,17,Low Stock,No,456
52931,Product 2096,Fashion,Premium,Supplier D,Mumbai WH,11-03-2025,March,796,303,698,38,172,6838,1001,698698,3.4,9,Low Stock,No,363
52932,Product 8914,Sports,Special,Supplier B,Bengaluru WH,23-12-2025,December,504,13,191,2,74,4807,1423,271793,3,5,In Stock,No,324
52933,Product 1461,Electronics,Special,Supplier A,Mumbai WH,29-10-2025,October,316,279,118,41,145,3805,2161,254998,4.1,10,In Stock,Yes,436
52934,Product 8561,Electronics,Standard,Supplier B,Mumbai WH,22-02-2025,February,343,54,252,8,57,4284,2927,737604,4.1,16,In Stock,No,137
52935,Product 4182,Grocery,Special,Supplier C,Delhi WH,08-03-2025,March,261,277,131,43,88,5166,4580,599980,3.5,14,In Stock,No,364
52936,Product 1852,Sports,Special,Supplier B,Mumbai WH,23-02-2025,February,116,134,161,30,108,3415,2550,410550,2.8,14,In Stock,Yes,59
52937,Product 3987,Home,Standard,Supplier A,Mumbai WH,04-09-2025,September,577,83,335,29,84,2047,12386,4149310,3.8,20,Low Stock,No,296
52938,Product 6784,Home,Standard,Supplier E,Hyderabad WH,02-11-2025,November,105,305,559,30,71,5075,3274,1830166,3.3,15,Low Stock,No,-179
52939,Product 7148,Home,Standard,Supplier A,Pune WH,28-12-2025,December,894,265,485,46,42,1749,10632,5156520,4.5,19,In Stock,No,628
52940,Product 6720,Home,Premium,Supplier E,Hyderabad WH,09-09-2025,September,668,3,537,27,33,4563,14750,7920750,3.5,7,In Stock,No,107
52941,Product 2272,Sports,Basic,Supplier B,Delhi WH,10-11-2025,November,704,396,529,4,56,3977,5092,2693668,3.9,3,In Stock,Yes,567
52942,Product 9769,Beauty,Basic,Supplier E,Mumbai WH,03-01-2025,January,187,443,438,38,156,2183,11436,5008968,3.3,8,Low Stock,No,154
52943,Product 9459,Grocery,Premium,Supplier B,Mumbai WH,07-10-2025,October,425,408,637,16,90,374,12102,7708974,4.6,7,In Stock,Yes,180
52944,Product 3914,Beauty,Standard,Supplier D,Delhi WH,22-12-2025,December,337,365,540,46,90,4701,4626,2498040,3.7,13,In Stock,No,116
52945,Product 3150,Sports,Standard,Supplier A,Delhi WH,22-06-2025,June,661,409,300,31,178,5004,9627,2888100,3.4,20,In Stock,Yes,739
52946,Product 9390,Sports,Basic,Supplier A,Delhi WH,29-06-2025,June,995,51,649,30,103,6226,4629,3004221,4.2,9,Out of Stock,No,367
52947,Product 2798,Beauty,Basic,Supplier A,Hyderabad WH,25-02-2025,February,326,0,350,11,150,7956,554,193900,3.9,8,In Stock,No,-35
52948,Product 1914,Home,Standard,Supplier D,Hyderabad WH,26-11-2025,November,384,67,247,15,77,1543,7330,1810510,4.4,5,In Stock,No,189
52949,Product 7431,Grocery,Special,Supplier A,Bengaluru WH,29-03-2025,March,327,465,581,17,76,458,6238,3624278,3.1,3,In Stock,No,194
52950,Product 3683,Electronics,Premium,Supplier B,Hyderabad WH,11-04-2025,April,269,481,655,21,148,3922,8141,5332355,3.9,20,In Stock,Yes,74
52951,Product 7160,Grocery,Basic,Supplier E,Pune WH,21-09-2025,September,866,172,340,3,181,5185,6841,2325940,4.2,20,In Stock,No,695
52952,Product 4487,Grocery,Special,Supplier B,Pune WH,11-11-2025,November,109,68,340,25,73,6849,13218,4494120,3.1,14,Out of Stock,Yes,-188
52953,Product 8771,Sports,Special,Supplier D,Mumbai WH,23-06-2025,June,196,373,432,19,163,8652,598,258336,3.3,10,In Stock,No,118
52954,Product 7281,Beauty,Standard,Supplier B,Bengaluru WH,17-10-2025,October,757,361,16,17,160,750,6027,96432,4.5,3,In Stock,No,1085
52955,Product 8763,Grocery,Basic,Supplier C,Pune WH,06-11-2025,November,62,337,200,48,67,2717,7464,1492800,3.1,12,In Stock,No,151
52956,Product 5373,Grocery,Standard,Supplier E,Bengaluru WH,25-01-2025,January,883,164,74,42,60,5988,5600,414400,4.3,5,In Stock,No,931
52957,Product 2913,Fashion,Premium,Supplier E,Hyderabad WH,09-03-2025,March,996,287,274,14,45,1087,5013,1373562,4.4,11,Out of Stock,No,995
52958,Product 2821,Grocery,Standard,Supplier B,Delhi WH,24-08-2025,August,344,223,394,16,115,4023,12588,4959672,4.6,20,Low Stock,No,157
52959,Product 6938,Home,Standard,Supplier E,Bengaluru WH,11-05-2025,May,142,388,484,7,199,7569,10299,4984716,2.7,19,In Stock,Yes,39
52960,Product 3664,Grocery,Special,Supplier A,Pune WH,18-07-2025,July,363,401,686,0,102,9875,1073,736078,4.5,20,Low Stock,Yes,78
52961,Product 7660,Beauty,Standard,Supplier C,Bengaluru WH,23-03-2025,March,475,319,247,2,51,3625,7530,1859910,4.6,3,In Stock,No,545
52962,Product 4450,Beauty,Premium,Supplier C,Delhi WH,30-08-2025,August,888,29,332,16,142,8448,10966,3640712,3.2,19,In Stock,No,569
52963,Product 9319,Beauty,Basic,Supplier E,Delhi WH,28-08-2025,August,572,112,468,39,78,2775,2045,957060,3.6,10,Low Stock,No,177
52964,Product 7290,Sports,Standard,Supplier D,Hyderabad WH,15-12-2025,December,317,170,635,50,134,9286,3045,1933575,3.7,5,In Stock,No,-198
52965,Product 9786,Beauty,Basic,Supplier D,Bengaluru WH,25-12-2025,December,125,407,480,32,131,6288,11176,5364480,4.1,10,Low Stock,No,20
52966,Product 4592,Fashion,Basic,Supplier A,Bengaluru WH,24-02-2025,February,874,404,191,20,65,2224,5321,1016311,3.4,11,Low Stock,No,1067
52967,Product 2372,Beauty,Basic,Supplier B,Delhi WH,15-02-2025,February,29,417,191,49,25,5422,7744,1479104,4.5,2,Out of Stock,No,206
52968,Product 5166,Fashion,Standard,Supplier E,Bengaluru WH,22-10-2025,October,836,259,160,13,24,7571,12567,2010720,3.3,10,Out of Stock,No,922
52969,Product 7879,Grocery,Special,Supplier E,Bengaluru WH,03-09-2025,September,337,277,39,39,141,8616,220,8580,3.3,15,In Stock,No,536
52970,Product 6656,Fashion,Basic,Supplier C,Pune WH,15-06-2025,June,104,7,346,46,73,7867,14682,5079972,2.8,5,In Stock,Yes,-281
52971,Product 6933,Home,Basic,Supplier D,Hyderabad WH,15-06-2025,June,906,366,74,10,124,9316,9328,690272,4.3,2,In Stock,No,1188
52972,Product 8192,Grocery,Basic,Supplier E,Bengaluru WH,08-09-2025,September,33,107,396,4,173,1893,4269,1690524,2.7,20,Low Stock,Yes,-260
52973,Product 3535,Electronics,Special,Supplier B,Bengaluru WH,28-04-2025,April,124,460,86,48,147,9128,12324,1059864,2.7,4,In Stock,No,450
52974,Product 5958,Sports,Special,Supplier E,Bengaluru WH,16-02-2025,February,280,346,529,15,71,8753,9919,5247151,2.7,10,In Stock,No,82
52975,Product 9266,Home,Special,Supplier D,Hyderabad WH,23-10-2025,October,214,406,694,35,62,3640,6689,4642166,2.5,17,In Stock,No,-109
52976,Product 8875,Home,Premium,Supplier B,Bengaluru WH,19-04-2025,April,656,321,206,28,122,7088,14772,3043032,3.4,18,Low Stock,No,743
52977,Product 6220,Beauty,Premium,Supplier A,Delhi WH,01-02-2025,February,148,158,454,6,106,5864,2674,1213996,3.2,7,In Stock,No,-154
52978,Product 5150,Sports,Premium,Supplier A,Mumbai WH,23-12-2025,December,339,167,356,35,158,7570,2591,922396,3.7,18,Out of Stock,No,115
52979,Product 4522,Sports,Special,Supplier B,Delhi WH,09-11-2025,November,70,74,456,4,174,5150,3189,1454184,4.6,9,In Stock,Yes,-316
52980,Product 1789,Sports,Standard,Supplier B,Bengaluru WH,31-05-2025,May,642,93,546,34,30,1875,14543,7940478,3.2,12,In Stock,No,155
52981,Product 2227,Grocery,Premium,Supplier C,Delhi WH,25-10-2025,October,835,381,496,32,72,6692,4393,2178928,3.8,12,Out of Stock,No,688
52982,Product 8145,Electronics,Special,Supplier A,Pune WH,26-11-2025,November,803,375,326,9,24,5605,4567,1488842,3,12,In Stock,No,843
52983,Product 6624,Beauty,Special,Supplier C,Pune WH,19-03-2025,March,932,58,616,46,58,6906,14769,9097704,2.9,15,In Stock,No,328
52984,Product 2301,Fashion,Special,Supplier C,Bengaluru WH,28-10-2025,October,573,142,174,15,195,6177,5947,1034778,3.4,1,Out of Stock,No,526
52985,Product 7028,Home,Premium,Supplier B,Pune WH,02-07-2025,July,426,106,303,37,36,9060,14107,4274421,4.1,9,Low Stock,Yes,192
52986,Product 8489,Home,Premium,Supplier C,Pune WH,15-09-2025,September,405,16,215,27,112,5114,1018,218870,3.2,16,In Stock,Yes,179
52987,Product 7094,Home,Premium,Supplier D,Bengaluru WH,11-03-2025,March,811,302,319,19,91,7470,2986,952534,2.9,13,Low Stock,No,775
52988,Product 3497,Beauty,Standard,Supplier A,Hyderabad WH,10-03-2025,March,912,15,555,7,93,7808,4381,2431455,3.1,16,In Stock,No,365
52989,Product 2710,Grocery,Basic,Supplier B,Mumbai WH,26-02-2025,February,774,292,427,35,171,1866,10413,4446351,3.8,15,In Stock,No,604
52990,Product 9629,Electronics,Premium,Supplier A,Mumbai WH,02-06-2025,June,178,324,67,45,69,9882,11885,796295,4.1,6,In Stock,Yes,390
52991,Product 9854,Home,Standard,Supplier A,Mumbai WH,10-10-2025,October,522,127,568,50,62,8828,1568,890624,3.5,7,In Stock,Yes,31
52992,Product 7746,Electronics,Special,Supplier B,Hyderabad WH,07-02-2025,February,777,85,481,20,161,1832,11375,5471375,2.6,3,Low Stock,No,361
52993,Product 6197,Sports,Special,Supplier C,Mumbai WH,04-05-2025,May,417,70,674,23,165,8151,14824,9991376,4.9,15,In Stock,No,-210
52994,Product 6851,Beauty,Basic,Supplier D,Hyderabad WH,07-02-2025,February,917,250,653,21,118,5736,11747,7670791,2.8,13,In Stock,No,493
52995,Product 5163,Grocery,Premium,Supplier A,Mumbai WH,18-09-2025,September,181,369,560,3,99,7320,11874,6649440,4.7,5,In Stock,Yes,-13
52996,Product 5069,Beauty,Premium,Supplier B,Delhi WH,23-05-2025,May,791,440,19,7,113,8583,6185,117515,3.2,5,Low Stock,No,1205
52997,Product 4752,Home,Special,Supplier D,Bengaluru WH,26-03-2025,March,880,347,36,25,176,2941,6057,218052,3.2,6,In Stock,No,1166
52998,Product 7112,Beauty,Premium,Supplier D,Pune WH,01-05-2025,May,486,263,193,42,56,802,8987,1734491,3.4,11,In Stock,No,514
52999,Product 8854,Electronics,Basic,Supplier D,Hyderabad WH,06-01-2025,January,289,326,581,30,105,2161,3163,1837703,4.7,12,Low Stock,No,4
53000,Product 1041,Beauty,Standard,Supplier D,Mumbai WH,28-06-2025,June,108,440,22,29,87,1026,319,7018,4.1,8,Low Stock,Yes,497
53001,Product 8300,Grocery,Special,Supplier D,Mumbai WH,05-05-2025,May,943,168,5,7,112,4201,8946,44730,3.9,4,In Stock,Yes,1099
53002,Product 8588,Grocery,Premium,Supplier E,Delhi WH,21-03-2025,March,852,318,488,26,154,2207,14846,7244848,3.5,15,Low Stock,No,656
53003,Product 9987,Sports,Premium,Supplier E,Hyderabad WH,28-08-2025,August,430,318,394,45,28,1370,5411,2131934,4.5,13,In Stock,No,309
53004,Product 7878,Sports,Standard,Supplier C,Hyderabad WH,22-08-2025,August,313,71,397,27,130,1106,13363,5305111,4.9,16,In Stock,No,-40
53005,Product 8273,Home,Special,Supplier A,Delhi WH,07-01-2025,January,414,306,521,44,95,6079,6725,3503725,4.1,18,Out of Stock,No,155
53006,Product 7380,Beauty,Basic,Supplier C,Mumbai WH,18-03-2025,March,584,8,280,24,24,7144,12118,3393040,4.6,15,In Stock,No,288
53007,Product 7392,Electronics,Premium,Supplier B,Pune WH,20-05-2025,May,808,433,694,25,135,7431,1961,1360934,4.5,9,In Stock,No,522
53008,Product 8315,Sports,Standard,Supplier E,Delhi WH,05-07-2025,July,294,378,242,33,65,9066,5021,1215082,3.4,7,Low Stock,No,397
53009,Product 4404,Home,Premium,Supplier D,Bengaluru WH,07-12-2025,December,393,117,638,39,115,8786,14458,9224204,3.6,14,Low Stock,No,-167
53010,Product 9789,Electronics,Basic,Supplier D,Pune WH,05-05-2025,May,758,453,380,27,28,3139,2108,801040,3,3,In Stock,No,804
53011,Product 7727,Fashion,Standard,Supplier B,Delhi WH,01-04-2025,April,718,185,372,48,135,2462,12645,4703940,3.3,11,In Stock,No,483
53012,Product 3197,Grocery,Special,Supplier E,Pune WH,07-01-2025,January,215,246,259,10,133,2341,4121,1067339,3.2,13,In Stock,No,192
53013,Product 8836,Electronics,Standard,Supplier E,Delhi WH,13-08-2025,August,445,297,278,21,141,5909,139,38642,3.2,1,In Stock,No,443
53014,Product 8618,Electronics,Special,Supplier E,Bengaluru WH,14-05-2025,May,637,155,187,33,26,58,8946,1672902,5,20,In Stock,No,572
53015,Product 1868,Beauty,Special,Supplier C,Mumbai WH,24-11-2025,November,330,348,136,19,147,3992,12720,1729920,4.1,19,In Stock,No,523
53016,Product 4785,Grocery,Special,Supplier C,Pune WH,21-03-2025,March,159,388,317,34,74,6349,5470,1733990,3.4,14,In Stock,Yes,196
53017,Product 5091,Grocery,Special,Supplier E,Delhi WH,26-05-2025,May,95,459,317,33,98,5910,797,252649,4.8,8,In Stock,No,204
53018,Product 3423,Sports,Special,Supplier E,Pune WH,29-06-2025,June,551,133,638,37,125,7353,12512,7982656,3.2,7,In Stock,No,9
53019,Product 5683,Grocery,Premium,Supplier B,Pune WH,29-12-2025,December,963,221,89,28,83,5176,634,56426,3.8,9,In Stock,No,1067
53020,Product 8276,Electronics,Standard,Supplier A,Mumbai WH,24-08-2025,August,81,475,638,3,149,8096,1075,685850,2.5,7,Low Stock,Yes,-85
53021,Product 9704,Sports,Basic,Supplier D,Pune WH,23-09-2025,September,311,44,466,25,119,5234,1368,637488,4,16,Low Stock,No,-136
53022,Product 5092,Beauty,Premium,Supplier B,Delhi WH,11-04-2025,April,52,170,545,50,127,225,10808,5890360,4.8,20,In Stock,No,-373
53023,Product 4321,Home,Special,Supplier D,Hyderabad WH,11-08-2025,August,395,187,602,46,109,4191,8826,5313252,3.9,2,Low Stock,No,-66
53024,Product 5231,Sports,Basic,Supplier D,Delhi WH,28-02-2025,February,419,72,302,24,44,2350,10558,3188516,3.9,3,In Stock,No,165
53025,Product 7487,Electronics,Special,Supplier A,Delhi WH,04-10-2025,October,865,404,299,30,30,9764,10264,3068936,4.8,13,In Stock,Yes,940
53026,Product 1023,Grocery,Basic,Supplier C,Bengaluru WH,12-08-2025,August,849,449,504,22,44,1545,12245,6171480,4.4,4,In Stock,No,772
53027,Product 2851,Beauty,Special,Supplier C,Pune WH,15-05-2025,May,918,104,138,8,69,4336,4345,599610,2.5,17,In Stock,No,876
53028,Product 5785,Sports,Premium,Supplier E,Hyderabad WH,13-10-2025,October,147,94,351,12,61,125,9786,3434886,3.9,7,Low Stock,No,-122
53029,Product 9412,Fashion,Special,Supplier B,Delhi WH,10-05-2025,May,452,73,214,46,106,9147,12137,2597318,5,7,In Stock,No,265
53030,Product 7739,Sports,Basic,Supplier C,Bengaluru WH,19-03-2025,March,820,324,584,24,102,6380,2638,1540592,4,12,In Stock,Yes,536
53031,Product 6753,Grocery,Basic,Supplier D,Pune WH,30-01-2025,January,739,160,555,49,40,3755,1958,1086690,3.4,12,In Stock,No,295
53032,Product 2196,Home,Special,Supplier E,Mumbai WH,24-09-2025,September,645,57,379,29,150,8650,4536,1719144,3.1,19,Low Stock,No,294
53033,Product 2638,Beauty,Basic,Supplier B,Pune WH,02-02-2025,February,562,73,29,20,20,1251,14309,414961,4.5,5,Low Stock,No,586
53034,Product 2396,Electronics,Premium,Supplier A,Pune WH,23-07-2025,July,700,414,538,39,115,7774,1905,1024890,2.9,6,In Stock,No,537
53035,Product 1533,Grocery,Premium,Supplier C,Hyderabad WH,07-09-2025,September,849,155,522,14,41,6248,3459,1805598,4.4,7,In Stock,No,468
53036,Product 9224,Sports,Standard,Supplier A,Bengaluru WH,23-07-2025,July,459,262,298,39,34,3007,14805,4411890,3,19,In Stock,No,384
53037,Product 8315,Electronics,Special,Supplier D,Mumbai WH,23-08-2025,August,458,351,15,31,163,6005,2338,35070,3.7,18,In Stock,No,763
53038,Product 6109,Grocery,Special,Supplier D,Pune WH,27-04-2025,April,317,189,208,49,98,9218,2703,562224,3.7,9,In Stock,No,249
53039,Product 6987,Fashion,Standard,Supplier B,Mumbai WH,25-01-2025,January,341,430,63,26,68,3887,12607,794241,5,17,Out of Stock,No,682
53040,Product 5731,Grocery,Standard,Supplier D,Bengaluru WH,11-09-2025,September,520,472,314,19,39,1173,123,38622,2.7,3,In Stock,No,659
53041,Product 6152,Beauty,Basic,Supplier A,Hyderabad WH,08-04-2025,April,434,211,482,19,137,2726,10383,5004606,3.7,1,In Stock,No,144
53042,Product 6101,Beauty,Special,Supplier D,Hyderabad WH,26-11-2025,November,809,464,3,17,172,3652,14404,43212,3,15,In Stock,Yes,1253
53043,Product 2531,Electronics,Premium,Supplier B,Mumbai WH,10-05-2025,May,238,475,459,41,182,4278,10703,4912677,2.9,17,Low Stock,No,213
53044,Product 6147,Grocery,Standard,Supplier C,Pune WH,22-01-2025,January,634,428,609,7,150,5253,7201,4385409,4.1,10,Out of Stock,Yes,446
53045,Product 2848,Electronics,Premium,Supplier D,Bengaluru WH,07-09-2025,September,276,373,54,33,85,9113,7232,390528,4.7,9,In Stock,No,562
53046,Product 6958,Electronics,Basic,Supplier E,Hyderabad WH,08-07-2025,July,515,30,256,17,82,9136,562,143872,3.5,16,In Stock,Yes,272
53047,Product 7388,Electronics,Special,Supplier E,Mumbai WH,09-10-2025,October,352,118,660,11,97,8769,3772,2489520,2.9,7,In Stock,No,-201
53048,Product 3208,Sports,Premium,Supplier C,Delhi WH,11-09-2025,September,610,460,617,44,106,6048,10064,6209488,4.2,10,In Stock,No,409
53049,Product 6923,Home,Basic,Supplier D,Delhi WH,06-07-2025,July,433,456,433,44,35,7242,6103,2642599,2.8,10,In Stock,Yes,412
53050,Product 4707,Beauty,Basic,Supplier E,Mumbai WH,12-02-2025,February,314,126,62,24,91,776,2553,158286,4.1,3,In Stock,No,354
53051,Product 1730,Beauty,Special,Supplier A,Mumbai WH,08-10-2025,October,259,371,157,42,90,6466,2919,458283,3.2,15,In Stock,Yes,431
53052,Product 6945,Beauty,Special,Supplier E,Mumbai WH,10-01-2025,January,410,48,261,35,110,3917,2974,776214,4.5,6,In Stock,No,162
53053,Product 1978,Electronics,Special,Supplier E,Hyderabad WH,02-03-2025,March,869,102,412,5,112,6203,5061,2085132,4.8,6,In Stock,No,554
53054,Product 2660,Sports,Standard,Supplier E,Pune WH,12-06-2025,June,403,393,243,8,21,8282,4316,1048788,5,4,In Stock,No,545
53055,Product 8175,Fashion,Special,Supplier B,Hyderabad WH,12-06-2025,June,194,181,288,3,119,9771,292,84096,4.2,1,In Stock,No,84
53056,Product 9328,Home,Standard,Supplier E,Mumbai WH,25-07-2025,July,812,188,132,16,168,6088,13652,1802064,3.2,16,Low Stock,Yes,852
53057,Product 3851,Electronics,Basic,Supplier A,Hyderabad WH,18-11-2025,November,31,311,602,45,46,1301,9809,5905018,4.8,18,Out of Stock,No,-305
53058,Product 3851,Grocery,Premium,Supplier C,Mumbai WH,20-12-2025,December,941,81,391,7,178,8187,10031,3922121,4.8,13,In Stock,No,624
53059,Product 7900,Electronics,Special,Supplier D,Mumbai WH,19-09-2025,September,430,112,614,19,131,8283,10397,6383758,4.8,17,In Stock,No,-91
53060,Product 3908,Home,Premium,Supplier A,Mumbai WH,26-10-2025,October,422,479,374,42,42,1736,13358,4995892,4.2,13,In Stock,No,485
53061,Product 8030,Electronics,Special,Supplier C,Mumbai WH,15-10-2025,October,91,104,411,35,94,2586,3139,1290129,4.4,9,Low Stock,Yes,-251
53062,Product 6650,Grocery,Standard,Supplier B,Mumbai WH,03-07-2025,July,233,140,329,45,113,7532,8033,2642857,3.3,11,In Stock,No,-1
53063,Product 6606,Sports,Special,Supplier E,Pune WH,16-08-2025,August,775,230,374,41,64,2580,11998,4487252,4.2,6,In Stock,No,590
53064,Product 5792,Home,Special,Supplier C,Pune WH,11-05-2025,May,490,319,233,15,104,5675,12225,2848425,3.4,12,Low Stock,No,561
53065,Product 4050,Grocery,Basic,Supplier B,Delhi WH,27-08-2025,August,475,219,644,33,82,9033,1265,814660,3.8,12,In Stock,Yes,17
53066,Product 9125,Grocery,Special,Supplier C,Hyderabad WH,18-11-2025,November,778,148,160,5,70,8437,13885,2221600,4.9,13,Low Stock,No,761
53067,Product 3362,Home,Basic,Supplier B,Pune WH,25-01-2025,January,978,351,687,49,58,1389,11497,7898439,3.5,1,In Stock,No,593
53068,Product 1885,Sports,Special,Supplier C,Mumbai WH,11-08-2025,August,256,194,123,42,139,5456,1450,178350,3,17,In Stock,No,285
53069,Product 3171,Sports,Special,Supplier B,Mumbai WH,06-10-2025,October,905,139,69,47,180,1864,7944,548136,4.6,13,In Stock,No,928
53070,Product 5698,Home,Premium,Supplier C,Hyderabad WH,16-07-2025,July,768,245,600,1,140,1746,4323,2593800,4.7,20,Low Stock,No,412
53071,Product 5710,Sports,Standard,Supplier C,Delhi WH,14-05-2025,May,737,410,630,31,169,5352,12789,8057070,4.9,19,Low Stock,No,486
53072,Product 5298,Beauty,Basic,Supplier E,Delhi WH,30-11-2025,November,588,50,670,32,25,1208,11612,7780040,3.1,15,In Stock,No,-64
53073,Product 5176,Sports,Basic,Supplier B,Hyderabad WH,03-06-2025,June,212,445,262,31,141,4586,1689,442518,4.6,18,Low Stock,No,364
53074,Product 5792,Grocery,Special,Supplier E,Bengaluru WH,24-06-2025,June,918,481,321,40,115,3173,3806,1221726,4.1,8,In Stock,Yes,1038
53075,Product 5565,Sports,Standard,Supplier A,Bengaluru WH,18-08-2025,August,635,294,632,23,35,2832,8959,5662088,3.4,4,In Stock,No,274
53076,Product 1831,Grocery,Premium,Supplier C,Delhi WH,09-02-2025,February,684,21,545,36,74,5731,10887,5933415,4.3,11,Low Stock,Yes,124
53077,Product 6783,Fashion,Basic,Supplier D,Mumbai WH,07-05-2025,May,816,336,444,34,155,9418,6883,3056052,4.4,19,In Stock,Yes,674
53078,Product 3475,Fashion,Standard,Supplier B,Pune WH,25-09-2025,September,616,98,122,15,169,8153,2307,281454,4.1,3,In Stock,No,577
53079,Product 6021,Electronics,Premium,Supplier E,Pune WH,15-11-2025,November,651,46,137,2,173,8190,12703,1740311,4.4,11,In Stock,No,558
53080,Product 1182,Home,Premium,Supplier C,Bengaluru WH,05-11-2025,November,827,148,24,7,92,4675,13758,330192,4.8,16,Low Stock,No,944
53081,Product 9012,Grocery,Premium,Supplier A,Delhi WH,05-05-2025,May,864,307,206,44,182,6313,3607,743042,3.5,6,Out of Stock,No,921
53082,Product 7902,Electronics,Special,Supplier B,Hyderabad WH,11-02-2025,February,585,493,123,10,139,4672,1870,230010,3.9,5,Low Stock,No,945
53083,Product 5385,Home,Premium,Supplier B,Hyderabad WH,11-07-2025,July,493,473,160,24,108,2769,4847,775520,4.5,5,In Stock,No,782
53084,Product 3312,Electronics,Special,Supplier C,Delhi WH,15-03-2025,March,846,242,150,39,197,2727,1506,225900,3.7,19,Low Stock,Yes,899
53085,Product 6378,Sports,Special,Supplier D,Delhi WH,28-11-2025,November,158,283,484,6,64,6390,177,85668,2.7,9,In Stock,No,-49
53086,Product 8801,Grocery,Standard,Supplier A,Pune WH,28-10-2025,October,924,336,312,22,196,3943,4557,1421784,4.5,1,In Stock,No,926
53087,Product 4351,Sports,Basic,Supplier A,Bengaluru WH,28-05-2025,May,501,202,376,5,110,3672,676,254176,2.5,10,Out of Stock,Yes,322
53088,Product 3933,Beauty,Premium,Supplier B,Hyderabad WH,03-11-2025,November,136,499,13,46,79,2658,14086,183118,2.6,20,Low Stock,No,576
53089,Product 7355,Electronics,Standard,Supplier A,Delhi WH,03-09-2025,September,777,16,140,9,61,2092,221,30940,4.9,7,Low Stock,No,644
53090,Product 8185,Sports,Premium,Supplier A,Delhi WH,25-06-2025,June,742,182,5,0,169,4329,11924,59620,2.5,4,In Stock,No,919
53091,Product 4275,Sports,Special,Supplier B,Delhi WH,02-01-2025,January,73,200,12,24,187,632,2101,25212,4.7,18,In Stock,No,237
53092,Product 6464,Home,Standard,Supplier C,Bengaluru WH,11-03-2025,March,658,364,353,20,114,1391,10861,3833933,4.6,12,Low Stock,No,649
53093,Product 4730,Sports,Standard,Supplier E,Mumbai WH,06-06-2025,June,718,36,510,27,81,2044,14138,7210380,2.8,14,In Stock,No,217
53094,Product 3348,Home,Basic,Supplier E,Delhi WH,22-12-2025,December,446,148,460,11,88,5047,5644,2596240,4.2,7,In Stock,Yes,123
53095,Product 3251,Grocery,Standard,Supplier A,Bengaluru WH,26-08-2025,August,135,382,317,34,189,2143,2063,653971,4.7,12,Low Stock,No,166
53096,Product 1310,Beauty,Special,Supplier C,Delhi WH,02-05-2025,May,89,477,336,36,186,9801,10839,3641904,3.8,6,Low Stock,Yes,194
53097,Product 5487,Electronics,Basic,Supplier A,Hyderabad WH,23-04-2025,April,611,354,535,24,131,1071,10817,5787095,5,14,In Stock,No,406
53098,Product 7604,Electronics,Basic,Supplier D,Mumbai WH,13-05-2025,May,914,339,324,33,157,1721,3785,1226340,3.5,12,In Stock,No,896
53099,Product 7991,Sports,Standard,Supplier E,Delhi WH,26-01-2025,January,810,340,361,4,181,7731,13772,4971692,3.2,2,In Stock,Yes,785
53100,Product 9795,Electronics,Standard,Supplier C,Mumbai WH,18-11-2025,November,875,243,204,24,97,6877,14977,3055308,2.6,12,In Stock,No,890
53101,Product 3289,Electronics,Premium,Supplier D,Hyderabad WH,22-01-2025,January,406,205,607,40,52,1855,3147,1910229,4.2,16,In Stock,No,-36
53102,Product 3459,Home,Premium,Supplier C,Hyderabad WH,13-10-2025,October,514,478,8,50,151,3699,2142,17136,3.6,1,In Stock,No,934
53103,Product 9884,Beauty,Standard,Supplier C,Delhi WH,22-04-2025,April,284,278,51,14,128,8401,10590,540090,4.2,14,In Stock,No,497
53104,Product 3704,Sports,Basic,Supplier A,Delhi WH,09-02-2025,February,574,122,594,37,73,3941,1826,1084644,2.6,6,Low Stock,No,65
53105,Product 3322,Electronics,Premium,Supplier B,Bengaluru WH,20-02-2025,February,91,25,541,24,74,2535,14012,7580492,2.5,6,In Stock,No,-449
53106,Product 4319,Fashion,Special,Supplier D,Delhi WH,26-12-2025,December,433,124,310,40,54,4390,11805,3659550,4.5,4,In Stock,No,207
53107,Product 3599,Home,Basic,Supplier A,Hyderabad WH,10-12-2025,December,332,303,64,33,109,6909,11565,740160,4.2,15,In Stock,No,538
53108,Product 3653,Fashion,Standard,Supplier C,Hyderabad WH,05-12-2025,December,895,266,424,25,192,4539,1155,489720,3,1,In Stock,No,712
53109,Product 3152,Sports,Premium,Supplier D,Hyderabad WH,04-11-2025,November,119,451,337,22,100,5861,13378,4508386,3.6,1,In Stock,Yes,211
53110,Product 6513,Home,Premium,Supplier E,Mumbai WH,28-11-2025,November,215,61,231,36,144,6008,14131,3264261,2.8,11,In Stock,No,9
53111,Product 2012,Sports,Standard,Supplier D,Bengaluru WH,11-05-2025,May,73,428,293,43,26,9142,6322,1852346,4.8,2,In Stock,No,165
53112,Product 4394,Sports,Premium,Supplier D,Hyderabad WH,07-09-2025,September,705,494,503,2,176,8109,5352,2692056,4.6,20,Low Stock,No,694
53113,Product 7588,Home,Basic,Supplier E,Bengaluru WH,05-03-2025,March,692,164,86,48,84,9760,151,12986,2.7,17,In Stock,Yes,722
53114,Product 7381,Sports,Basic,Supplier E,Mumbai WH,05-03-2025,March,541,351,521,1,185,3405,7051,3673571,3.3,7,Low Stock,Yes,370
53115,Product 6639,Home,Special,Supplier B,Delhi WH,25-10-2025,October,885,104,502,14,60,4042,202,101404,4.1,14,In Stock,Yes,473
53116,Product 5773,Electronics,Premium,Supplier B,Bengaluru WH,26-08-2025,August,945,149,579,40,107,4651,7214,4176906,4,14,In Stock,No,475
53117,Product 3903,Beauty,Standard,Supplier A,Delhi WH,12-12-2025,December,423,169,147,28,81,3094,6655,978285,4.3,9,In Stock,No,417
53118,Product 4036,Sports,Standard,Supplier C,Bengaluru WH,25-06-2025,June,203,426,103,12,53,2408,10701,1102203,3.1,18,Low Stock,No,514
53119,Product 2379,Sports,Basic,Supplier D,Hyderabad WH,08-11-2025,November,572,381,58,29,191,6212,9177,532266,4.1,17,In Stock,No,866
53120,Product 2424,Fashion,Basic,Supplier B,Bengaluru WH,27-08-2025,August,598,399,403,17,131,8874,9746,3927638,3.7,7,Low Stock,Yes,577
53121,Product 2367,Home,Premium,Supplier B,Pune WH,11-07-2025,July,359,209,23,11,77,4813,9215,211945,3.4,13,Low Stock,No,534
53122,Product 9406,Fashion,Standard,Supplier D,Pune WH,13-11-2025,November,844,218,475,8,166,9777,3825,1816875,3.4,8,Low Stock,No,579
53123,Product 5655,Electronics,Special,Supplier C,Mumbai WH,13-01-2025,January,641,380,327,12,31,8183,8519,2785713,4.9,10,In Stock,No,682
53124,Product 7638,Home,Basic,Supplier C,Mumbai WH,16-12-2025,December,604,396,126,4,157,5609,7172,903672,3.5,16,In Stock,No,870
53125,Product 2533,Electronics,Premium,Supplier B,Bengaluru WH,25-04-2025,April,317,376,488,30,115,7378,12909,6299592,2.5,13,In Stock,No,175
53126,Product 3648,Beauty,Standard,Supplier D,Bengaluru WH,12-11-2025,November,882,489,554,21,183,1317,5359,2968886,4.7,14,Low Stock,No,796
53127,Product 4383,Grocery,Premium,Supplier B,Bengaluru WH,17-08-2025,August,516,109,88,6,38,3420,14730,1296240,4.1,11,Low Stock,No,531
53128,Product 3891,Home,Special,Supplier B,Delhi WH,21-02-2025,February,572,366,642,32,93,2340,2780,1784760,2.7,9,Out of Stock,No,264
53129,Product 4490,Grocery,Standard,Supplier E,Pune WH,25-10-2025,October,250,112,157,12,139,671,11519,1808483,4.2,2,In Stock,No,193
53130,Product 3705,Grocery,Premium,Supplier D,Mumbai WH,24-05-2025,May,641,168,305,13,197,8389,3989,1216645,4.6,1,Low Stock,No,491
53131,Product 2595,Beauty,Premium,Supplier E,Mumbai WH,30-07-2025,July,754,406,430,9,144,1191,6474,2783820,3,12,In Stock,Yes,721
53132,Product 6771,Fashion,Premium,Supplier B,Bengaluru WH,02-07-2025,July,479,308,81,46,128,7869,12239,991359,3.4,14,In Stock,No,660
53133,Product 7097,Electronics,Standard,Supplier B,Mumbai WH,08-02-2025,February,52,15,467,28,91,6898,12875,6012625,3.2,19,In Stock,No,-428
53134,Product 8307,Sports,Premium,Supplier D,Bengaluru WH,18-04-2025,April,576,407,138,45,69,8102,1039,143382,3.6,18,Out of Stock,No,800
53135,Product 8963,Electronics,Standard,Supplier A,Mumbai WH,15-08-2025,August,184,368,658,50,41,3752,11184,7359072,3.3,11,In Stock,Yes,-156
53136,Product 8242,Sports,Basic,Supplier B,Delhi WH,15-11-2025,November,157,289,640,29,98,2187,11041,7066240,2.7,20,Low Stock,No,-223
53137,Product 5136,Beauty,Premium,Supplier E,Delhi WH,15-06-2025,June,838,334,616,12,184,266,10819,6664504,4.6,18,In Stock,No,544
53138,Product 4037,Electronics,Special,Supplier E,Bengaluru WH,22-04-2025,April,814,113,544,29,129,6568,13269,7218336,3.4,8,In Stock,No,354
53139,Product 5019,Fashion,Premium,Supplier D,Mumbai WH,17-01-2025,January,562,58,585,42,27,5852,14889,8710065,4.6,9,In Stock,No,-7
53140,Product 5660,Beauty,Special,Supplier C,Pune WH,02-02-2025,February,730,361,176,17,167,9017,1341,236016,5,13,In Stock,No,898
53141,Product 9511,Beauty,Special,Supplier E,Bengaluru WH,25-02-2025,February,295,313,65,11,105,1787,10972,713180,3.2,19,In Stock,Yes,532
53142,Product 6302,Grocery,Basic,Supplier A,Delhi WH,28-03-2025,March,71,338,13,13,46,109,10882,141466,5,2,In Stock,No,383
53143,Product 3409,Sports,Standard,Supplier E,Bengaluru WH,09-01-2025,January,762,54,606,23,171,769,6327,3834162,3.1,1,In Stock,No,187
53144,Product 8170,Grocery,Special,Supplier E,Delhi WH,21-12-2025,December,782,328,212,49,197,3816,14045,2977540,3,17,In Stock,Yes,849
53145,Product 3936,Electronics,Special,Supplier B,Bengaluru WH,04-07-2025,July,238,436,655,46,172,5949,8989,5887795,3.2,18,In Stock,No,-27
53146,Product 2758,Sports,Special,Supplier B,Bengaluru WH,08-10-2025,October,123,120,390,18,192,1591,7550,2944500,3.8,14,In Stock,No,-165
53147,Product 6058,Home,Basic,Supplier A,Mumbai WH,14-09-2025,September,221,207,476,38,137,8855,4968,2364768,2.7,10,Low Stock,No,-86
53148,Product 7205,Beauty,Standard,Supplier D,Mumbai WH,17-10-2025,October,467,254,300,35,165,4557,14977,4493100,3.1,8,In Stock,No,386
53149,Product 1660,Sports,Standard,Supplier A,Delhi WH,24-06-2025,June,428,497,561,46,137,8206,3556,1994916,4.5,10,In Stock,Yes,318
53150,Product 3325,Electronics,Special,Supplier B,Hyderabad WH,02-06-2025,June,530,70,79,9,176,5642,10791,852489,2.6,6,Out of Stock,Yes,512
53151,Product 4171,Sports,Standard,Supplier A,Pune WH,28-04-2025,April,381,212,392,49,192,864,1931,756952,4.1,12,Low Stock,No,152
53152,Product 9403,Electronics,Premium,Supplier E,Pune WH,22-11-2025,November,634,220,332,14,148,265,779,258628,5,18,In Stock,No,508
53153,Product 5258,Grocery,Premium,Supplier D,Hyderabad WH,03-01-2025,January,898,116,114,23,132,7179,3313,377682,3.5,1,Low Stock,No,877
53154,Product 3670,Electronics,Special,Supplier B,Pune WH,06-06-2025,June,55,443,114,42,135,5460,3313,377682,3.3,11,In Stock,No,342
53155,Product 8413,Electronics,Premium,Supplier E,Bengaluru WH,01-03-2025,March,445,176,281,1,32,8910,3275,920275,4.4,15,In Stock,No,339
53156,Product 1795,Beauty,Basic,Supplier E,Pune WH,14-11-2025,November,774,481,499,2,190,1255,7434,3709566,3.3,11,Out of Stock,Yes,754
53157,Product 8831,Home,Basic,Supplier B,Pune WH,16-05-2025,May,114,11,510,2,148,2974,1220,622200,5,8,Low Stock,No,-387
53158,Product 4231,Electronics,Basic,Supplier E,Hyderabad WH,29-04-2025,April,856,239,296,5,75,8535,2487,736152,3.7,16,Low Stock,No,794
53159,Product 5243,Beauty,Standard,Supplier C,Pune WH,13-12-2025,December,348,358,664,44,101,478,2224,1476736,4.9,4,In Stock,No,-2
53160,Product 6143,Electronics,Special,Supplier B,Hyderabad WH,10-02-2025,February,540,91,272,19,188,693,2377,646544,3.4,8,In Stock,No,340
53161,Product 6226,Grocery,Standard,Supplier E,Mumbai WH,04-11-2025,November,334,47,42,28,49,5831,10386,436212,4.3,4,Low Stock,Yes,311
53162,Product 5637,Grocery,Special,Supplier C,Pune WH,26-06-2025,June,522,347,260,45,188,8947,8303,2158780,3.1,11,In Stock,No,564
53163,Product 9735,Electronics,Special,Supplier C,Delhi WH,08-11-2025,November,295,170,320,20,156,8576,7091,2269120,3.5,8,In Stock,No,125
53164,Product 2670,Grocery,Special,Supplier D,Pune WH,07-01-2025,January,63,96,202,17,121,3687,8001,1616202,5,7,In Stock,Yes,-60
53165,Product 7087,Grocery,Basic,Supplier C,Bengaluru WH,22-07-2025,July,409,107,403,5,95,7228,749,301847,3.1,9,In Stock,No,108
53166,Product 7884,Sports,Standard,Supplier A,Pune WH,07-08-2025,August,973,48,109,9,192,1832,12344,1345496,4.2,5,In Stock,Yes,903
53167,Product 9297,Grocery,Standard,Supplier D,Hyderabad WH,29-04-2025,April,390,139,278,25,60,6265,13980,3886440,2.9,8,In Stock,No,226
53168,Product 3531,Electronics,Standard,Supplier B,Pune WH,05-03-2025,March,577,250,641,43,50,9005,6913,4431233,3.7,18,In Stock,No,143
53169,Product 8794,Sports,Standard,Supplier C,Delhi WH,20-10-2025,October,156,284,418,16,74,5314,11262,4707516,3.3,3,In Stock,No,6
53170,Product 9497,Home,Special,Supplier B,Delhi WH,04-10-2025,October,632,229,247,24,111,5510,2993,739271,3.3,3,In Stock,No,590
53171,Product 4010,Fashion,Standard,Supplier B,Pune WH,03-02-2025,February,736,226,686,28,192,607,11571,7937706,4.5,15,Out of Stock,No,248
53172,Product 6062,Beauty,Basic,Supplier A,Delhi WH,28-07-2025,July,520,471,698,13,131,6629,14544,10151712,4.7,8,In Stock,No,280
53173,Product 9310,Fashion,Standard,Supplier D,Delhi WH,15-11-2025,November,556,131,356,42,71,5142,14537,5175172,4.3,2,In Stock,No,289
53174,Product 9727,Grocery,Standard,Supplier C,Hyderabad WH,09-03-2025,March,771,35,353,41,61,4121,3854,1360462,4.2,4,In Stock,Yes,412
53175,Product 4011,Grocery,Standard,Supplier D,Bengaluru WH,11-05-2025,May,329,117,378,3,56,8796,10456,3952368,3,8,In Stock,No,65
53176,Product 6324,Electronics,Standard,Supplier D,Delhi WH,25-09-2025,September,184,285,539,29,117,2226,7334,3953026,3.6,16,Low Stock,No,-99
53177,Product 5362,Home,Premium,Supplier B,Pune WH,16-06-2025,June,614,56,28,6,49,5509,10278,287784,3.7,6,Low Stock,No,636
53178,Product 5963,Beauty,Premium,Supplier A,Bengaluru WH,16-02-2025,February,514,355,59,1,83,916,6614,390226,4,7,In Stock,Yes,809
53179,Product 7823,Beauty,Basic,Supplier A,Mumbai WH,28-09-2025,September,732,304,612,21,70,2653,6980,4271760,3.5,12,Out of Stock,Yes,403
53180,Product 1902,Grocery,Basic,Supplier E,Hyderabad WH,17-06-2025,June,776,372,151,40,44,1823,2011,303661,4.6,8,Out of Stock,No,957
53181,Product 7032,Grocery,Standard,Supplier A,Delhi WH,07-04-2025,April,519,495,351,42,84,6759,5492,1927692,4,20,Out of Stock,Yes,621
53182,Product 3412,Grocery,Premium,Supplier E,Delhi WH,29-04-2025,April,981,68,402,19,144,7949,14310,5752620,3,1,Low Stock,No,628
53183,Product 6415,Home,Premium,Supplier D,Pune WH,27-07-2025,July,337,255,450,14,103,1418,10746,4835700,2.9,13,In Stock,Yes,128
53184,Product 4315,Grocery,Special,Supplier D,Hyderabad WH,28-06-2025,June,66,211,56,26,104,8552,5030,281680,3,10,In Stock,No,195
53185,Product 7191,Grocery,Standard,Supplier C,Delhi WH,26-08-2025,August,342,495,408,31,121,1412,8829,3602232,3.3,1,In Stock,No,398
53186,Product 4926,Electronics,Standard,Supplier E,Mumbai WH,22-02-2025,February,653,5,61,42,43,8132,1614,98454,2.6,5,Low Stock,No,555
53187,Product 5369,Grocery,Premium,Supplier E,Bengaluru WH,15-10-2025,October,395,357,557,38,124,3707,9735,5422395,4.7,12,Low Stock,No,157
53188,Product 3963,Sports,Premium,Supplier C,Pune WH,20-05-2025,May,903,181,54,38,104,2737,9159,494586,4.5,1,In Stock,No,992
53189,Product 2616,Home,Premium,Supplier D,Mumbai WH,07-11-2025,November,533,469,3,21,66,5402,8270,24810,3.7,12,Low Stock,Yes,978
53190,Product 7517,Electronics,Special,Supplier B,Mumbai WH,20-10-2025,October,95,497,111,19,168,7884,5922,657342,3.6,12,In Stock,Yes,462
53191,Product 4760,Fashion,Premium,Supplier C,Bengaluru WH,03-12-2025,December,945,90,242,5,96,7326,7379,1785718,4.5,12,In Stock,No,788
53192,Product 9537,Beauty,Premium,Supplier D,Delhi WH,23-06-2025,June,639,106,660,15,90,1557,9931,6554460,4.9,14,Out of Stock,No,70
53193,Product 7913,Beauty,Basic,Supplier C,Mumbai WH,08-03-2025,March,203,226,192,6,154,1212,1625,312000,3.6,18,In Stock,No,231
53194,Product 3916,Home,Basic,Supplier D,Delhi WH,14-12-2025,December,723,168,623,43,68,1995,646,402458,4.2,13,Low Stock,No,225
53195,Product 4871,Sports,Basic,Supplier E,Bengaluru WH,26-12-2025,December,219,408,524,16,137,2035,3703,1940372,3.2,10,In Stock,No,87
53196,Product 1702,Electronics,Special,Supplier E,Hyderabad WH,30-01-2025,January,947,157,510,43,182,7509,8694,4433940,4.5,8,In Stock,No,551
53197,Product 7860,Sports,Basic,Supplier D,Mumbai WH,05-07-2025,July,347,272,292,4,189,199,10290,3004680,4.8,20,Low Stock,Yes,323
53198,Product 4892,Fashion,Standard,Supplier D,Delhi WH,05-04-2025,April,906,141,661,32,22,3189,14413,9526993,3.4,2,In Stock,Yes,354
53199,Product 3460,Home,Standard,Supplier C,Pune WH,07-04-2025,April,877,103,137,2,36,2269,8997,1232589,3.9,3,In Stock,No,841
53200,Product 1453,Home,Basic,Supplier E,Bengaluru WH,10-10-2025,October,423,200,205,36,39,7705,12101,2480705,4.3,3,In Stock,Yes,382
53201,Product 7951,Grocery,Premium,Supplier D,Hyderabad WH,21-06-2025,June,65,384,273,25,195,7441,5230,1427790,3.4,7,In Stock,No,151
53202,Product 5917,Fashion,Special,Supplier B,Mumbai WH,06-03-2025,March,56,145,14,5,23,811,1440,20160,4.8,16,In Stock,No,182
53203,Product 5331,Fashion,Premium,Supplier B,Hyderabad WH,21-10-2025,October,44,471,377,2,192,1878,8268,3117036,4.4,15,In Stock,Yes,136
53204,Product 7443,Sports,Standard,Supplier B,Bengaluru WH,06-12-2025,December,770,122,276,17,23,1469,7326,2021976,4.2,2,In Stock,Yes,599
53205,Product 2971,Grocery,Premium,Supplier B,Pune WH,02-02-2025,February,768,229,430,15,71,6462,1859,799370,4.5,10,In Stock,No,552
53206,Product 2103,Grocery,Basic,Supplier B,Delhi WH,29-12-2025,December,94,78,50,34,134,2867,10733,536650,4.9,10,Low Stock,No,88
53207,Product 2689,Electronics,Premium,Supplier B,Mumbai WH,01-12-2025,December,983,487,371,48,193,8006,10755,3990105,4.9,19,In Stock,No,1051
53208,Product 8525,Fashion,Basic,Supplier C,Hyderabad WH,26-08-2025,August,737,406,268,21,69,9091,9678,2593704,3,7,In Stock,No,854
53209,Product 9085,Beauty,Special,Supplier C,Pune WH,09-11-2025,November,720,434,356,6,69,346,7069,2516564,3.7,11,In Stock,No,792
53210,Product 4012,Fashion,Standard,Supplier C,Bengaluru WH,28-12-2025,December,402,13,379,18,24,258,7153,2710987,4.7,10,Out of Stock,No,18
53211,Product 2706,Beauty,Basic,Supplier A,Bengaluru WH,18-07-2025,July,658,71,475,47,193,3500,7268,3452300,4.9,8,In Stock,No,207
53212,Product 8357,Grocery,Basic,Supplier A,Delhi WH,06-04-2025,April,719,493,373,12,113,635,12344,4604312,3.1,11,In Stock,Yes,827
53213,Product 3562,Grocery,Standard,Supplier E,Bengaluru WH,13-10-2025,October,203,140,685,5,77,5686,3506,2401610,3.4,13,In Stock,No,-347
53214,Product 2723,Sports,Premium,Supplier A,Hyderabad WH,05-05-2025,May,497,302,495,29,197,224,3718,1840410,4.6,14,In Stock,No,275
53215,Product 5598,Home,Special,Supplier A,Bengaluru WH,11-12-2025,December,420,219,432,40,120,1762,9147,3951504,4.9,16,In Stock,Yes,167
53216,Product 2790,Electronics,Premium,Supplier D,Pune WH,22-09-2025,September,74,473,393,40,113,1989,2770,1088610,3.3,9,In Stock,No,114
53217,Product 3664,Home,Basic,Supplier E,Bengaluru WH,18-02-2025,February,55,292,166,15,147,4491,9717,1613022,4,4,Out of Stock,No,166
53218,Product 4625,Grocery,Standard,Supplier E,Hyderabad WH,06-04-2025,April,204,31,488,35,138,1494,8828,4308064,3.1,9,Low Stock,No,-288
53219,Product 5672,Beauty,Standard,Supplier A,Delhi WH,28-07-2025,July,984,464,534,23,26,6049,4933,2634222,4.1,6,In Stock,No,891
53220,Product 9941,Home,Basic,Supplier A,Bengaluru WH,24-01-2025,January,838,325,340,33,199,5507,14476,4921840,5,13,In Stock,No,790
53221,Product 4251,Electronics,Basic,Supplier C,Hyderabad WH,10-03-2025,March,75,134,132,28,99,5060,8393,1107876,3.2,14,In Stock,No,49
53222,Product 1174,Sports,Premium,Supplier B,Hyderabad WH,08-12-2025,December,27,0,581,19,68,3039,10499,6099919,2.7,5,Low Stock,No,-573
53223,Product 2832,Grocery,Basic,Supplier E,Hyderabad WH,13-07-2025,July,406,480,684,33,189,8475,13482,9221688,2.6,19,In Stock,Yes,169
53224,Product 8124,Home,Basic,Supplier C,Hyderabad WH,12-02-2025,February,709,418,348,10,121,9595,11323,3940404,3.2,10,In Stock,Yes,769
53225,Product 3463,Sports,Standard,Supplier E,Hyderabad WH,11-06-2025,June,770,334,374,32,63,6803,7838,2931412,3.8,18,In Stock,Yes,698
53226,Product 8001,Grocery,Basic,Supplier A,Pune WH,03-11-2025,November,146,8,205,11,192,447,5334,1093470,4.2,20,In Stock,No,-62
53227,Product 3383,Fashion,Premium,Supplier E,Delhi WH,09-12-2025,December,593,2,686,24,115,6241,6649,4561214,4.8,13,In Stock,No,-115
53228,Product 3886,Beauty,Basic,Supplier B,Mumbai WH,23-04-2025,April,181,373,311,8,41,5402,8925,2775675,4.1,14,In Stock,No,235
53229,Product 3868,Grocery,Basic,Supplier C,Delhi WH,27-08-2025,August,294,240,31,36,23,8427,5128,158968,4.3,19,In Stock,No,467
53230,Product 5997,Electronics,Basic,Supplier D,Hyderabad WH,18-05-2025,May,384,211,216,44,96,4342,154,33264,2.8,18,Low Stock,No,335
53231,Product 3795,Sports,Premium,Supplier D,Pune WH,04-06-2025,June,421,396,70,22,37,626,6385,446950,3.7,7,In Stock,No,725
53232,Product 7054,Grocery,Special,Supplier D,Hyderabad WH,28-09-2025,September,345,307,5,7,82,4012,12678,63390,4,1,Low Stock,No,640
53233,Product 2971,Beauty,Basic,Supplier D,Bengaluru WH,24-05-2025,May,765,18,526,40,134,5145,8948,4706648,3.5,11,In Stock,No,217
53234,Product 2970,Beauty,Standard,Supplier A,Hyderabad WH,02-01-2025,January,628,308,337,10,172,3250,9287,3129719,3.5,15,Low Stock,No,589
53235,Product 3418,Sports,Premium,Supplier E,Mumbai WH,18-11-2025,November,406,198,364,44,159,7828,9130,3323320,3.4,3,In Stock,No,196
53236,Product 7252,Grocery,Basic,Supplier D,Pune WH,23-11-2025,November,367,155,695,43,160,6279,5938,4126910,4.5,1,In Stock,No,-216
53237,Product 2841,Home,Premium,Supplier A,Delhi WH,22-04-2025,April,327,221,434,0,153,4926,5073,2201682,2.8,19,In Stock,No,114
53238,Product 2550,Electronics,Basic,Supplier C,Pune WH,13-02-2025,February,126,271,54,13,183,5365,4480,241920,2.5,2,In Stock,No,330
53239,Product 7276,Grocery,Standard,Supplier E,Hyderabad WH,06-02-2025,February,776,215,667,29,137,9170,4963,3310321,4,4,Low Stock,No,295
53240,Product 4630,Grocery,Standard,Supplier D,Mumbai WH,10-02-2025,February,364,374,178,49,120,9262,10855,1932190,2.7,16,Low Stock,No,511
53241,Product 6773,Grocery,Basic,Supplier C,Bengaluru WH,22-01-2025,January,777,334,342,37,156,8784,5513,1885446,4.8,7,In Stock,Yes,732
53242,Product 9667,Electronics,Special,Supplier A,Bengaluru WH,11-08-2025,August,391,472,338,29,94,9978,14149,4782362,3.4,8,In Stock,No,496
53243,Product 2884,Home,Basic,Supplier D,Hyderabad WH,30-06-2025,June,282,439,481,49,148,7280,7909,3804229,4.2,9,In Stock,No,191
53244,Product 4004,Beauty,Special,Supplier B,Pune WH,23-03-2025,March,735,28,610,22,112,2398,13727,8373470,4.1,11,In Stock,No,131
53245,Product 6803,Home,Standard,Supplier D,Delhi WH,22-01-2025,January,493,87,287,27,165,8039,7843,2250941,3.4,11,In Stock,Yes,266
53246,Product 1601,Sports,Premium,Supplier A,Mumbai WH,23-05-2025,May,290,293,505,29,75,7121,6182,3121910,4.6,18,In Stock,No,49
53247,Product 5079,Home,Standard,Supplier A,Hyderabad WH,11-12-2025,December,254,299,39,49,161,3188,11440,446160,3.1,6,Low Stock,No,465
53248,Product 4497,Beauty,Special,Supplier D,Hyderabad WH,14-01-2025,January,505,230,450,16,100,9676,13293,5981850,4.4,18,Out of Stock,No,269
53249,Product 9268,Home,Premium,Supplier C,Mumbai WH,21-04-2025,April,745,308,292,2,62,2273,6678,1949976,3.2,17,In Stock,No,759
53250,Product 4948,Beauty,Premium,Supplier E,Pune WH,01-07-2025,July,217,208,496,29,191,4686,8597,4264112,4.5,8,In Stock,No,-100
53251,Product 1318,Home,Special,Supplier B,Mumbai WH,14-05-2025,May,706,300,381,16,183,4117,9523,3628263,3.7,14,Out of Stock,Yes,609
53252,Product 5356,Beauty,Special,Supplier B,Hyderabad WH,20-02-2025,February,145,499,173,22,80,9762,9975,1725675,3,17,In Stock,No,449
53253,Product 6287,Sports,Special,Supplier A,Delhi WH,28-01-2025,January,113,462,350,2,161,2741,3205,1121750,4.8,17,In Stock,No,223
53254,Product 5162,Beauty,Special,Supplier A,Mumbai WH,20-03-2025,March,816,100,23,35,113,6327,8133,187059,4.4,11,In Stock,No,858
53255,Product 8006,Electronics,Special,Supplier A,Bengaluru WH,08-01-2025,January,858,441,82,9,39,7257,3992,327344,3,5,In Stock,No,1208
53256,Product 6935,Sports,Special,Supplier A,Bengaluru WH,14-08-2025,August,377,374,587,6,102,6118,6748,3961076,3.8,14,In Stock,No,158
53257,Product 5283,Grocery,Premium,Supplier C,Pune WH,19-08-2025,August,692,317,50,39,77,5945,13511,675550,3.9,13,In Stock,No,920
53258,Product 9193,Fashion,Premium,Supplier D,Hyderabad WH,04-08-2025,August,923,36,509,45,102,3512,7072,3599648,4,1,In Stock,No,405
53259,Product 4505,Fashion,Standard,Supplier C,Pune WH,01-03-2025,March,747,490,171,30,113,8582,11407,1950597,3.3,4,In Stock,No,1036
53260,Product 1436,Electronics,Standard,Supplier C,Mumbai WH,08-06-2025,June,710,265,268,25,37,6408,11874,3182232,3.2,20,In Stock,Yes,682
53261,Product 7830,Grocery,Premium,Supplier B,Hyderabad WH,14-11-2025,November,842,371,205,39,25,2654,9408,1928640,4.3,13,Low Stock,No,969
53262,Product 2544,Home,Basic,Supplier C,Pune WH,16-03-2025,March,608,131,349,13,96,8509,13176,4598424,2.5,20,In Stock,Yes,377
53263,Product 2246,Beauty,Premium,Supplier D,Mumbai WH,10-11-2025,November,822,76,208,21,47,7792,14349,2984592,4.5,19,In Stock,Yes,669
53264,Product 3263,Fashion,Standard,Supplier B,Hyderabad WH,24-02-2025,February,486,358,132,14,153,6404,1023,135036,3.4,2,In Stock,No,698
53265,Product 8790,Grocery,Standard,Supplier C,Hyderabad WH,24-12-2025,December,818,493,8,35,187,4743,11061,88488,4.8,20,In Stock,No,1268
53266,Product 6961,Beauty,Basic,Supplier B,Mumbai WH,01-02-2025,February,733,258,445,6,180,9794,14435,6423575,2.5,10,Low Stock,No,540
53267,Product 1767,Sports,Basic,Supplier A,Hyderabad WH,21-10-2025,October,729,2,70,40,176,5514,12670,886900,3.8,4,Low Stock,Yes,621
53268,Product 6014,Fashion,Standard,Supplier A,Hyderabad WH,30-03-2025,March,77,414,589,21,32,9269,5274,3106386,2.6,14,Low Stock,No,-119
53269,Product 8720,Grocery,Standard,Supplier C,Delhi WH,07-11-2025,November,672,251,527,39,200,9227,4151,2187577,4.1,2,In Stock,No,357
53270,Product 6367,Electronics,Standard,Supplier A,Bengaluru WH,15-12-2025,December,160,90,637,35,41,8230,977,622349,3.7,16,In Stock,No,-422
53271,Product 8173,Sports,Premium,Supplier B,Hyderabad WH,29-01-2025,January,695,306,7,5,168,4921,8808,61656,4.6,15,In Stock,Yes,989
53272,Product 5058,Grocery,Standard,Supplier E,Hyderabad WH,18-05-2025,May,490,93,636,39,136,6957,6109,3885324,2.7,8,Low Stock,No,-92
53273,Product 8697,Grocery,Basic,Supplier E,Bengaluru WH,18-10-2025,October,561,357,131,14,156,4917,14399,1886269,3,14,Low Stock,No,773
53274,Product 1859,Fashion,Standard,Supplier B,Hyderabad WH,25-10-2025,October,804,368,610,7,156,8997,9481,5783410,4,6,In Stock,Yes,555
53275,Product 3863,Electronics,Premium,Supplier B,Hyderabad WH,11-01-2025,January,101,300,447,6,22,337,1372,613284,4.3,15,In Stock,No,-52
53276,Product 1203,Fashion,Standard,Supplier B,Pune WH,17-01-2025,January,520,465,598,17,198,80,10357,6193486,2.6,18,In Stock,No,370
53277,Product 1280,Beauty,Standard,Supplier A,Bengaluru WH,03-10-2025,October,530,268,212,9,171,4312,9389,1990468,4,20,Low Stock,Yes,577
53278,Product 6367,Beauty,Standard,Supplier B,Mumbai WH,06-01-2025,January,382,283,37,34,99,8240,14943,552891,2.6,13,Low Stock,No,594
53279,Product 4128,Fashion,Special,Supplier C,Delhi WH,07-05-2025,May,977,436,219,7,148,7882,9130,1999470,4,13,In Stock,No,1187
53280,Product 9519,Fashion,Basic,Supplier A,Hyderabad WH,26-08-2025,August,255,116,52,23,134,5814,5464,284128,3.4,8,Low Stock,No,296
53281,Product 2667,Electronics,Premium,Supplier D,Mumbai WH,26-08-2025,August,761,441,404,22,152,9136,6098,2463592,4.1,14,In Stock,No,776
53282,Product 6311,Grocery,Premium,Supplier A,Delhi WH,29-12-2025,December,795,148,486,28,200,535,5780,2809080,3.1,8,In Stock,Yes,429
53283,Product 7877,Grocery,Standard,Supplier E,Hyderabad WH,27-03-2025,March,920,194,194,24,154,219,13330,2586020,3.8,19,In Stock,No,896
53284,Product 2356,Electronics,Basic,Supplier B,Delhi WH,15-06-2025,June,473,133,417,6,196,649,8366,3488622,4.8,20,Low Stock,No,183
53285,Product 6719,Electronics,Special,Supplier B,Pune WH,04-02-2025,February,130,438,473,4,133,2175,12052,5700596,3.4,3,In Stock,No,91
53286,Product 4487,Grocery,Special,Supplier C,Pune WH,13-07-2025,July,321,274,165,26,164,3728,5387,888855,4.4,5,In Stock,No,404
53287,Product 8115,Grocery,Premium,Supplier A,Bengaluru WH,15-06-2025,June,52,45,520,29,120,9685,7862,4088240,2.7,7,In Stock,No,-452
53288,Product 3559,Sports,Premium,Supplier E,Hyderabad WH,05-02-2025,February,663,347,458,42,41,7189,5867,2687086,4.2,9,In Stock,Yes,510
53289,Product 8505,Sports,Premium,Supplier B,Bengaluru WH,12-11-2025,November,619,421,625,24,125,7381,7074,4421250,3.8,6,In Stock,No,391
53290,Product 6107,Fashion,Standard,Supplier C,Delhi WH,31-05-2025,May,569,110,514,17,20,7655,6900,3546600,3.8,14,In Stock,No,148
53291,Product 1451,Grocery,Basic,Supplier B,Delhi WH,17-10-2025,October,186,382,692,25,113,5378,13590,9404280,3.1,16,In Stock,No,-149
53292,Product 6037,Home,Premium,Supplier E,Bengaluru WH,08-10-2025,October,966,403,633,30,137,207,1798,1138134,2.8,15,In Stock,No,706
53293,Product 2432,Electronics,Basic,Supplier B,Bengaluru WH,12-08-2025,August,598,70,270,18,60,7329,1346,363420,4.5,6,In Stock,No,380
53294,Product 5074,Grocery,Basic,Supplier A,Delhi WH,09-03-2025,March,292,480,372,24,99,5498,4907,1825404,4.2,1,In Stock,Yes,376
53295,Product 2496,Home,Special,Supplier B,Delhi WH,03-12-2025,December,823,193,568,28,124,1019,12345,7011960,4.9,13,In Stock,No,420
53296,Product 2127,Fashion,Special,Supplier C,Hyderabad WH,08-01-2025,January,973,246,298,49,138,3110,8631,2572038,2.5,10,In Stock,No,872
53297,Product 9658,Home,Standard,Supplier D,Hyderabad WH,17-05-2025,May,438,317,198,30,119,2031,4388,868824,3.9,19,Low Stock,No,527
53298,Product 2902,Beauty,Premium,Supplier C,Pune WH,30-09-2025,September,830,344,583,1,35,6423,5485,3197755,3.5,12,In Stock,Yes,590
53299,Product 7322,Beauty,Premium,Supplier A,Pune WH,20-08-2025,August,289,289,30,0,94,8991,2078,62340,3.2,8,Low Stock,No,548
53300,Product 8290,Sports,Special,Supplier B,Bengaluru WH,08-05-2025,May,822,204,426,43,188,5376,10325,4398450,3.3,12,Low Stock,Yes,557
53301,Product 5096,Fashion,Premium,Supplier D,Mumbai WH,02-04-2025,April,734,433,147,42,146,4936,11972,1759884,2.8,1,In Stock,No,978
53302,Product 8039,Beauty,Standard,Supplier A,Hyderabad WH,21-03-2025,March,215,114,169,38,87,168,6152,1039688,2.8,1,Low Stock,No,122
53303,Product 5588,Grocery,Premium,Supplier D,Bengaluru WH,08-05-2025,May,979,346,490,17,36,3468,10733,5259170,3.5,19,Low Stock,No,818
53304,Product 1903,Electronics,Standard,Supplier C,Delhi WH,18-07-2025,July,100,43,480,48,158,3795,11462,5501760,3.5,12,In Stock,Yes,-385
53305,Product 6985,Sports,Standard,Supplier D,Bengaluru WH,06-10-2025,October,918,415,580,2,143,3898,9290,5388200,2.8,10,In Stock,No,751
53306,Product 2493,Fashion,Basic,Supplier E,Bengaluru WH,18-02-2025,February,425,86,129,37,57,1017,12746,1644234,3.3,6,Out of Stock,Yes,345
53307,Product 4108,Grocery,Premium,Supplier E,Pune WH,10-06-2025,June,418,50,151,40,71,4284,2778,419478,3.7,2,Low Stock,No,277
53308,Product 1781,Sports,Standard,Supplier A,Pune WH,22-03-2025,March,792,300,73,25,101,9182,974,71102,4.6,4,In Stock,No,994
53309,Product 8514,Sports,Special,Supplier E,Hyderabad WH,29-11-2025,November,798,304,556,43,153,500,13492,7501552,4.6,5,Low Stock,No,503
53310,Product 7632,Home,Special,Supplier B,Bengaluru WH,16-02-2025,February,844,410,172,50,180,7238,4421,760412,3.7,10,In Stock,No,1032
53311,Product 3046,Home,Special,Supplier A,Hyderabad WH,09-10-2025,October,87,100,365,0,25,649,5626,2053490,4.6,10,In Stock,Yes,-178
53312,Product 6406,Beauty,Basic,Supplier E,Mumbai WH,09-09-2025,September,132,91,56,16,200,5021,8989,503384,4,17,Low Stock,No,151
53313,Product 4314,Fashion,Standard,Supplier E,Hyderabad WH,23-11-2025,November,172,336,200,13,113,4969,8879,1775800,2.6,1,In Stock,No,295
53314,Product 4312,Beauty,Special,Supplier E,Mumbai WH,29-04-2025,April,319,194,577,5,180,3005,433,249841,3.1,2,In Stock,No,-69
53315,Product 1589,Electronics,Standard,Supplier A,Bengaluru WH,25-02-2025,February,172,324,90,30,60,7227,6853,616770,3.2,9,In Stock,No,376
53316,Product 7362,Beauty,Special,Supplier A,Bengaluru WH,21-05-2025,May,593,396,482,24,20,7469,7901,3808282,4.1,14,In Stock,No,483
53317,Product 7396,Fashion,Special,Supplier B,Mumbai WH,14-01-2025,January,303,45,465,45,62,7812,9516,4424940,4.5,3,In Stock,No,-162
53318,Product 4906,Electronics,Standard,Supplier E,Bengaluru WH,09-02-2025,February,501,92,639,11,25,3517,1284,820476,4.2,11,Out of Stock,No,-57
53319,Product 3044,Sports,Special,Supplier A,Mumbai WH,25-02-2025,February,261,426,580,38,124,5821,9743,5650940,4.7,1,Low Stock,No,69
53320,Product 7567,Fashion,Standard,Supplier B,Hyderabad WH,01-03-2025,March,771,475,418,9,29,3182,2272,949696,3.8,7,In Stock,No,819
53321,Product 9109,Fashion,Basic,Supplier C,Pune WH,21-12-2025,December,595,306,338,40,118,8396,8092,2735096,2.7,2,In Stock,No,523
53322,Product 8298,Beauty,Premium,Supplier D,Hyderabad WH,22-02-2025,February,844,241,415,6,145,5037,1473,611295,3.1,5,In Stock,No,664
53323,Product 2083,Fashion,Standard,Supplier E,Bengaluru WH,08-01-2025,January,418,412,266,45,181,1563,126,33516,4.1,6,In Stock,No,519
53324,Product 2292,Grocery,Standard,Supplier C,Bengaluru WH,15-10-2025,October,108,314,367,14,183,7386,12076,4431892,4.8,15,Out of Stock,No,41
53325,Product 5021,Grocery,Special,Supplier B,Mumbai WH,13-08-2025,August,98,164,223,30,37,2618,10827,2414421,4.4,8,In Stock,Yes,9
53326,Product 2542,Sports,Premium,Supplier D,Mumbai WH,08-11-2025,November,909,53,697,27,89,9404,6982,4866454,4.9,18,Out of Stock,Yes,238
53327,Product 6664,Electronics,Basic,Supplier B,Delhi WH,12-06-2025,June,495,236,385,38,109,635,340,130900,4.3,14,Low Stock,No,308
53328,Product 5632,Grocery,Premium,Supplier E,Mumbai WH,07-02-2025,February,964,151,614,10,132,408,2458,1509212,3.6,10,Low Stock,No,491
53329,Product 7599,Electronics,Premium,Supplier E,Delhi WH,06-08-2025,August,678,499,5,44,168,8235,221,1105,4.8,3,Low Stock,No,1128
53330,Product 4097,Fashion,Basic,Supplier A,Bengaluru WH,17-05-2025,May,418,400,465,0,138,1750,314,146010,2.9,18,In Stock,No,353
53331,Product 6236,Beauty,Standard,Supplier B,Mumbai WH,07-03-2025,March,144,392,451,23,113,1056,2403,1083753,3.5,5,In Stock,No,62
53332,Product 6269,Sports,Special,Supplier E,Pune WH,06-06-2025,June,43,253,424,7,198,9993,7173,3041352,4.4,2,Low Stock,No,-135
53333,Product 7695,Sports,Special,Supplier A,Hyderabad WH,21-06-2025,June,577,30,316,22,108,5819,9635,3044660,3.7,10,In Stock,No,269
53334,Product 7992,Home,Standard,Supplier D,Mumbai WH,19-02-2025,February,542,160,624,16,190,7850,12770,7968480,4.5,8,In Stock,Yes,62
53335,Product 4984,Beauty,Special,Supplier B,Hyderabad WH,15-01-2025,January,292,364,513,22,150,1568,952,488376,5,5,In Stock,No,121
53336,Product 3114,Beauty,Basic,Supplier A,Bengaluru WH,04-10-2025,October,708,329,96,43,142,4553,11665,1119840,2.7,16,In Stock,No,898
53337,Product 3986,Beauty,Standard,Supplier E,Delhi WH,24-02-2025,February,125,426,58,30,61,9014,7475,433550,4.5,3,In Stock,No,463
53338,Product 9099,Electronics,Premium,Supplier C,Delhi WH,30-11-2025,November,97,58,89,34,194,2943,4882,434498,2.9,12,Low Stock,Yes,32
53339,Product 1032,Fashion,Premium,Supplier E,Delhi WH,11-06-2025,June,990,389,605,50,131,9524,1097,663685,3.6,7,In Stock,Yes,724
53340,Product 4911,Grocery,Basic,Supplier A,Bengaluru WH,13-05-2025,May,743,122,286,15,188,497,13962,3993132,3.7,16,In Stock,No,564
53341,Product 6171,Home,Standard,Supplier B,Mumbai WH,25-09-2025,September,596,187,551,3,105,5389,5646,3110946,3.4,1,In Stock,No,229
53342,Product 6478,Sports,Standard,Supplier B,Delhi WH,16-03-2025,March,183,210,627,49,72,7848,10030,6288810,2.7,16,In Stock,No,-283
53343,Product 8421,Sports,Basic,Supplier B,Pune WH,01-09-2025,September,34,225,606,9,72,9747,8061,4884966,2.6,16,In Stock,Yes,-356
53344,Product 1087,Fashion,Standard,Supplier E,Delhi WH,24-12-2025,December,755,302,393,46,175,4244,1027,403611,4.6,10,In Stock,No,618
53345,Product 8705,Electronics,Basic,Supplier A,Pune WH,21-05-2025,May,27,489,103,15,184,2235,4880,502640,3.7,15,In Stock,No,398
53346,Product 4885,Grocery,Standard,Supplier E,Delhi WH,22-09-2025,September,230,113,334,31,71,6111,9152,3056768,2.7,9,Out of Stock,No,-22
53347,Product 2430,Grocery,Premium,Supplier A,Delhi WH,24-06-2025,June,509,67,476,6,26,4546,13689,6515964,3.4,20,In Stock,Yes,94
53348,Product 6159,Electronics,Premium,Supplier D,Hyderabad WH,21-09-2025,September,360,490,142,21,42,6656,702,99684,3.8,2,In Stock,No,687
53349,Product 4257,Sports,Standard,Supplier C,Delhi WH,09-08-2025,August,324,228,658,17,100,2131,12037,7920346,3.4,15,In Stock,No,-123
53350,Product 1262,Sports,Special,Supplier A,Hyderabad WH,07-01-2025,January,740,102,419,25,26,1359,10831,4538189,3.2,12,Out of Stock,No,398
53351,Product 1422,Electronics,Basic,Supplier A,Bengaluru WH,10-03-2025,March,452,333,613,28,191,8675,2214,1357182,2.9,7,Out of Stock,No,144
53352,Product 9621,Electronics,Special,Supplier A,Delhi WH,31-08-2025,August,956,258,580,18,187,5493,2035,1180300,5,3,In Stock,Yes,616
53353,Product 9622,Sports,Standard,Supplier E,Hyderabad WH,02-04-2025,April,452,335,583,41,55,8432,2886,1682538,2.9,11,Low Stock,Yes,163
53354,Product 9862,Electronics,Special,Supplier A,Bengaluru WH,07-10-2025,October,983,3,204,21,116,6198,3666,747864,2.9,12,Low Stock,No,761
53355,Product 2370,Fashion,Special,Supplier E,Pune WH,13-03-2025,March,809,306,492,37,56,6162,11165,5493180,2.8,7,Low Stock,No,586
53356,Product 5946,Beauty,Special,Supplier E,Pune WH,18-12-2025,December,30,68,30,39,197,6389,14135,424050,3.2,18,Out of Stock,No,29
53357,Product 4869,Sports,Standard,Supplier A,Hyderabad WH,30-12-2025,December,920,69,233,49,50,5723,9539,2222587,4.8,16,Low Stock,Yes,707
53358,Product 4339,Sports,Standard,Supplier E,Hyderabad WH,10-06-2025,June,325,368,226,14,200,4158,8892,2009592,4.1,5,In Stock,No,453
53359,Product 4194,Electronics,Premium,Supplier C,Bengaluru WH,29-01-2025,January,957,433,603,44,114,1309,3661,2207583,3.1,17,In Stock,No,743
53360,Product 7725,Electronics,Basic,Supplier C,Delhi WH,26-01-2025,January,859,287,239,44,117,681,964,230396,4.1,18,In Stock,No,863
53361,Product 7315,Home,Standard,Supplier A,Mumbai WH,13-02-2025,February,608,144,215,40,145,9507,6533,1404595,4.1,4,Low Stock,No,497
53362,Product 2714,Home,Special,Supplier D,Pune WH,17-09-2025,September,145,381,81,5,132,1506,6090,493290,3,8,In Stock,Yes,440
53363,Product 3031,Beauty,Premium,Supplier E,Bengaluru WH,10-12-2025,December,543,69,278,48,157,74,10893,3028254,3.4,2,Low Stock,No,286
53364,Product 8986,Fashion,Standard,Supplier D,Delhi WH,14-04-2025,April,192,244,678,12,176,8801,5347,3625266,2.9,11,In Stock,No,-254
53365,Product 7787,Sports,Special,Supplier E,Pune WH,26-08-2025,August,97,367,20,25,176,9515,14226,284520,2.8,7,In Stock,Yes,419
53366,Product 5081,Sports,Basic,Supplier D,Mumbai WH,13-09-2025,September,572,104,585,1,25,4460,170,99450,4.2,11,Low Stock,No,90
53367,Product 6605,Grocery,Standard,Supplier D,Mumbai WH,26-08-2025,August,319,417,517,37,67,3869,11598,5996166,4.8,7,In Stock,No,182
53368,Product 7326,Home,Special,Supplier D,Mumbai WH,25-06-2025,June,792,17,286,42,183,247,8174,2337764,3.8,2,Low Stock,No,481
53369,Product 2768,Sports,Standard,Supplier A,Pune WH,17-10-2025,October,65,302,149,16,69,7278,13049,1944301,3.8,15,In Stock,No,202
53370,Product 5961,Home,Premium,Supplier B,Mumbai WH,18-10-2025,October,414,415,459,8,117,2042,5013,2300967,3.3,14,Low Stock,No,362
53371,Product 5336,Electronics,Premium,Supplier A,Mumbai WH,26-04-2025,April,355,422,315,28,74,5335,284,89460,4.6,14,Out of Stock,No,434
53372,Product 6639,Home,Basic,Supplier C,Hyderabad WH,09-04-2025,April,415,97,585,17,43,2107,1954,1143090,4.7,11,In Stock,Yes,-90
53373,Product 3279,Home,Premium,Supplier D,Mumbai WH,28-04-2025,April,520,121,164,24,116,5497,3746,614344,3.8,11,Out of Stock,Yes,453
53374,Product 7498,Electronics,Special,Supplier B,Delhi WH,29-01-2025,January,557,482,153,46,136,4291,1991,304623,4.7,8,In Stock,No,840
53375,Product 6660,Fashion,Standard,Supplier C,Pune WH,22-08-2025,August,394,243,67,27,35,7198,12039,806613,3.2,12,Low Stock,No,543
53376,Product 5557,Electronics,Premium,Supplier A,Bengaluru WH,10-02-2025,February,696,153,630,39,152,3909,647,407610,4.2,18,In Stock,No,180
53377,Product 2505,Electronics,Basic,Supplier B,Hyderabad WH,30-06-2025,June,438,0,40,28,88,2514,5130,205200,2.9,11,In Stock,Yes,370
53378,Product 9528,Beauty,Standard,Supplier C,Hyderabad WH,23-03-2025,March,56,162,698,23,76,4792,3430,2394140,2.9,1,In Stock,No,-503
53379,Product 1242,Beauty,Standard,Supplier C,Delhi WH,17-03-2025,March,791,159,283,47,116,8590,3873,1096059,4.8,10,In Stock,No,620
53380,Product 1719,Beauty,Premium,Supplier B,Bengaluru WH,29-06-2025,June,381,471,336,28,192,6509,9496,3190656,2.8,19,In Stock,No,488
53381,Product 1103,Home,Premium,Supplier B,Delhi WH,20-04-2025,April,654,135,304,7,134,7123,1202,365408,4.7,13,In Stock,No,478
53382,Product 3469,Home,Standard,Supplier C,Hyderabad WH,05-08-2025,August,925,165,181,16,75,3923,2600,470600,4.4,20,In Stock,No,893
53383,Product 3993,Grocery,Basic,Supplier B,Delhi WH,14-09-2025,September,410,82,449,35,34,1440,11833,5313017,4.4,14,In Stock,Yes,8
53384,Product 9939,Fashion,Standard,Supplier E,Delhi WH,03-11-2025,November,316,49,253,15,133,1147,6407,1620971,2.7,1,Low Stock,No,97
53385,Product 3388,Sports,Standard,Supplier E,Delhi WH,11-07-2025,July,444,215,661,34,28,4071,13710,9062310,2.6,6,In Stock,Yes,-36
53386,Product 3525,Beauty,Standard,Supplier E,Hyderabad WH,10-04-2025,April,405,159,255,30,34,922,4307,1098285,3.1,13,Low Stock,No,279
53387,Product 8001,Sports,Standard,Supplier E,Mumbai WH,19-12-2025,December,858,229,119,34,51,3051,11556,1375164,4.1,3,In Stock,No,934
53388,Product 1761,Grocery,Premium,Supplier C,Hyderabad WH,03-11-2025,November,511,270,339,41,151,1492,9147,3100833,4.7,18,In Stock,No,401
53389,Product 5849,Fashion,Standard,Supplier B,Hyderabad WH,17-03-2025,March,369,223,404,43,66,5967,5717,2309668,4.9,10,In Stock,Yes,145
53390,Product 3737,Home,Premium,Supplier D,Bengaluru WH,06-09-2025,September,460,378,314,23,95,1395,8924,2802136,3,11,In Stock,No,501
53391,Product 6317,Home,Special,Supplier B,Pune WH,09-01-2025,January,498,281,590,9,162,2740,6913,4078670,3.1,2,Low Stock,No,180
53392,Product 1126,Fashion,Basic,Supplier B,Hyderabad WH,27-03-2025,March,160,58,24,8,60,3106,3838,92112,2.9,20,In Stock,Yes,186
53393,Product 9467,Beauty,Premium,Supplier B,Mumbai WH,28-09-2025,September,885,389,64,7,65,3989,9971,638144,3.6,17,Low Stock,No,1203
53394,Product 8825,Grocery,Special,Supplier B,Delhi WH,11-11-2025,November,884,175,36,6,43,7346,4096,147456,3.9,16,Low Stock,Yes,1017
53395,Product 1464,Electronics,Premium,Supplier B,Pune WH,21-12-2025,December,646,256,55,43,70,8867,13492,742060,3.7,11,In Stock,No,804
53396,Product 9424,Electronics,Special,Supplier B,Mumbai WH,02-01-2025,January,332,386,232,42,153,5619,4567,1059544,3.2,9,Out of Stock,No,444
53397,Product 8958,Fashion,Premium,Supplier C,Hyderabad WH,26-10-2025,October,200,260,523,32,165,323,13305,6958515,3.5,9,Low Stock,No,-95
53398,Product 7720,Electronics,Basic,Supplier C,Hyderabad WH,10-09-2025,September,655,334,105,19,61,272,3649,383145,3.8,12,Low Stock,No,865
53399,Product 5840,Home,Standard,Supplier C,Delhi WH,05-07-2025,July,176,124,217,21,51,9285,11603,2517851,2.9,10,In Stock,Yes,62
53400,Product 6126,Electronics,Standard,Supplier D,Delhi WH,13-07-2025,July,232,53,438,5,152,5636,5071,2221098,3.4,5,In Stock,Yes,-158
53401,Product 1339,Fashion,Basic,Supplier A,Hyderabad WH,10-07-2025,July,93,126,278,6,76,8519,2828,786184,3.7,7,Low Stock,No,-65
53402,Product 7917,Fashion,Basic,Supplier E,Delhi WH,28-07-2025,July,504,442,265,18,140,6705,9982,2645230,4.7,1,In Stock,No,663
53403,Product 6938,Home,Standard,Supplier D,Bengaluru WH,19-06-2025,June,901,388,17,16,31,450,7482,127194,3,1,In Stock,Yes,1256
53404,Product 4310,Fashion,Special,Supplier B,Hyderabad WH,10-11-2025,November,469,396,604,29,181,5837,10405,6284620,2.5,5,Out of Stock,No,232
53405,Product 8371,Home,Premium,Supplier A,Pune WH,27-11-2025,November,186,417,279,17,100,3845,9803,2735037,3,3,Low Stock,Yes,307
53406,Product 5493,Beauty,Standard,Supplier C,Mumbai WH,19-02-2025,February,120,150,491,48,130,6629,789,387399,3.2,5,In Stock,Yes,-269
53407,Product 1227,Fashion,Special,Supplier B,Mumbai WH,06-04-2025,April,779,52,469,48,24,7884,3564,1671516,4.2,9,In Stock,No,314
53408,Product 6727,Home,Standard,Supplier C,Hyderabad WH,28-05-2025,May,141,424,128,38,42,3280,1028,131584,2.5,6,In Stock,No,399
53409,Product 4491,Home,Special,Supplier E,Hyderabad WH,05-02-2025,February,700,90,117,7,51,1685,11463,1341171,4.7,11,Out of Stock,No,666
53410,Product 8946,Grocery,Basic,Supplier C,Mumbai WH,26-09-2025,September,688,122,63,22,65,3452,7627,480501,3.3,4,Low Stock,Yes,725
53411,Product 5504,Grocery,Premium,Supplier C,Hyderabad WH,05-04-2025,April,110,200,482,9,48,4942,7168,3454976,3,8,In Stock,No,-181
53412,Product 7092,Fashion,Special,Supplier D,Bengaluru WH,01-11-2025,November,693,398,634,16,67,1363,9105,5772570,4.8,20,Out of Stock,No,441
53413,Product 1823,Sports,Standard,Supplier B,Pune WH,11-12-2025,December,855,66,27,25,121,6990,2055,55485,4.4,7,Out of Stock,Yes,869
53414,Product 6329,Sports,Basic,Supplier E,Hyderabad WH,08-07-2025,July,485,4,276,14,76,252,143,39468,3.5,12,Low Stock,No,199
53415,Product 9536,Sports,Basic,Supplier E,Mumbai WH,30-07-2025,July,37,125,308,13,115,4917,10235,3152380,2.6,8,In Stock,No,-159
53416,Product 5550,Electronics,Special,Supplier B,Hyderabad WH,11-05-2025,May,125,268,556,42,125,5319,2401,1334956,3.7,1,Out of Stock,No,-205
53417,Product 1853,Grocery,Standard,Supplier D,Hyderabad WH,17-08-2025,August,709,78,91,14,87,4664,7145,650195,4.3,14,In Stock,No,682
53418,Product 6031,Sports,Premium,Supplier B,Hyderabad WH,21-01-2025,January,87,141,429,25,190,695,6828,2929212,3.9,19,In Stock,Yes,-226
53419,Product 5749,Electronics,Standard,Supplier E,Mumbai WH,08-09-2025,September,128,294,683,37,42,6874,4634,3165022,4.8,6,In Stock,No,-298
53420,Product 6498,Electronics,Basic,Supplier E,Pune WH,25-09-2025,September,813,232,585,14,169,4297,8759,5124015,4,14,Low Stock,No,446
53421,Product 4586,Electronics,Special,Supplier D,Mumbai WH,10-06-2025,June,550,12,399,0,183,8412,882,351918,5,18,In Stock,No,163
53422,Product 3032,Sports,Special,Supplier E,Delhi WH,05-11-2025,November,813,298,173,7,145,1293,12669,2191737,3.5,5,In Stock,No,931
53423,Product 4340,Beauty,Standard,Supplier A,Bengaluru WH,08-06-2025,June,871,84,646,44,162,6581,3186,2058156,4.2,9,In Stock,No,265
53424,Product 5081,Electronics,Basic,Supplier A,Mumbai WH,04-01-2025,January,364,385,38,42,40,3467,9798,372324,3.2,1,Low Stock,No,669
53425,Product 7434,Electronics,Special,Supplier E,Pune WH,28-07-2025,July,364,402,351,6,122,5647,7266,2550366,4.2,8,In Stock,No,409
53426,Product 8522,Grocery,Premium,Supplier C,Delhi WH,17-05-2025,May,459,270,260,26,191,5443,646,167960,3,20,Out of Stock,Yes,443
53427,Product 2447,Electronics,Special,Supplier C,Bengaluru WH,26-04-2025,April,842,364,160,43,140,6199,6630,1060800,4.9,17,Out of Stock,Yes,1003
53428,Product 6557,Fashion,Premium,Supplier A,Hyderabad WH,21-11-2025,November,322,305,98,33,126,6614,9432,924336,4.9,4,In Stock,No,496
53429,Product 6704,Electronics,Premium,Supplier B,Pune WH,02-10-2025,October,156,339,228,47,163,6942,3866,881448,4,7,Low Stock,No,220
53430,Product 7145,Grocery,Basic,Supplier C,Delhi WH,08-11-2025,November,957,174,39,7,78,4561,8937,348543,2.5,14,In Stock,No,1085
53431,Product 9895,Beauty,Special,Supplier E,Delhi WH,05-08-2025,August,175,283,112,4,180,6649,13751,1540112,3.5,20,In Stock,Yes,342
53432,Product 7291,Home,Basic,Supplier B,Delhi WH,27-01-2025,January,810,183,592,26,108,1986,12479,7387568,3.4,17,In Stock,Yes,375
53433,Product 5180,Fashion,Standard,Supplier B,Bengaluru WH,15-04-2025,April,92,150,434,22,143,6674,10405,4515770,4,10,In Stock,No,-214
53434,Product 5603,Fashion,Special,Supplier E,Hyderabad WH,23-09-2025,September,871,13,489,45,75,9400,5197,2541333,4.5,4,In Stock,No,350
53435,Product 3073,Beauty,Premium,Supplier D,Pune WH,10-07-2025,July,927,195,528,31,38,546,4169,2201232,4.1,9,In Stock,No,563
53436,Product 5121,Home,Standard,Supplier C,Mumbai WH,16-05-2025,May,134,357,202,15,135,7713,8290,1674580,3.5,17,In Stock,No,274
53437,Product 3508,Grocery,Premium,Supplier A,Pune WH,15-11-2025,November,214,453,479,50,123,8029,12846,6153234,3.9,12,In Stock,No,138
53438,Product 9696,Sports,Premium,Supplier A,Delhi WH,02-09-2025,September,158,25,676,27,127,8813,2126,1437176,3.4,15,Low Stock,Yes,-520
53439,Product 3495,Home,Premium,Supplier C,Hyderabad WH,06-09-2025,September,706,407,241,0,148,2266,3974,957734,4.9,16,In Stock,Yes,872
53440,Product 3698,Electronics,Basic,Supplier D,Delhi WH,04-08-2025,August,206,16,662,13,191,1595,3353,2219686,3.1,8,In Stock,No,-453
53441,Product 6080,Fashion,Basic,Supplier B,Hyderabad WH,18-09-2025,September,926,489,364,7,102,721,12727,4632628,4.3,11,Low Stock,No,1044
53442,Product 3690,Beauty,Special,Supplier B,Mumbai WH,29-12-2025,December,435,173,168,25,142,8197,12874,2162832,3.6,13,In Stock,No,415
53443,Product 9454,Grocery,Basic,Supplier D,Bengaluru WH,30-01-2025,January,341,480,514,20,37,4638,6754,3471556,3.8,18,In Stock,No,287
53444,Product 5390,Beauty,Premium,Supplier D,Hyderabad WH,12-08-2025,August,552,247,453,44,97,2430,7258,3287874,2.9,2,In Stock,Yes,302
53445,Product 5568,Home,Basic,Supplier D,Mumbai WH,01-02-2025,February,119,181,211,24,49,1508,14073,2969403,2.6,9,Low Stock,Yes,65
53446,Product 1874,Home,Standard,Supplier B,Delhi WH,12-12-2025,December,752,457,361,21,133,3943,9974,3600614,4.6,11,In Stock,No,827
53447,Product 4507,Sports,Standard,Supplier E,Hyderabad WH,27-07-2025,July,380,416,572,24,128,1446,1594,911768,4.4,17,Low Stock,No,200
53448,Product 3346,Grocery,Premium,Supplier A,Bengaluru WH,16-12-2025,December,721,342,148,33,148,4130,3237,479076,4.5,1,Low Stock,No,882
53449,Product 4153,Sports,Special,Supplier C,Delhi WH,27-04-2025,April,506,111,46,1,97,2420,6176,284096,4.2,4,In Stock,No,570
53450,Product 5908,Home,Basic,Supplier C,Mumbai WH,13-03-2025,March,309,341,486,7,181,6515,12134,5897124,3.8,10,Low Stock,No,157
53451,Product 3519,Fashion,Standard,Supplier B,Bengaluru WH,03-08-2025,August,999,117,376,1,83,3532,4219,1586344,3.6,1,Low Stock,No,739
53452,Product 6458,Beauty,Special,Supplier B,Mumbai WH,24-01-2025,January,495,56,306,12,178,7302,3022,924732,5,17,In Stock,No,233
53453,Product 4952,Fashion,Basic,Supplier E,Pune WH,02-12-2025,December,975,199,496,38,173,3789,4060,2013760,4,16,In Stock,No,640
53454,Product 2036,Grocery,Special,Supplier E,Hyderabad WH,23-08-2025,August,833,90,546,9,184,9751,13895,7586670,4.9,10,In Stock,No,368
53455,Product 9340,Beauty,Basic,Supplier E,Mumbai WH,05-02-2025,February,904,471,333,44,124,2337,11618,3868794,3.1,14,Low Stock,No,998
53456,Product 2872,Beauty,Basic,Supplier B,Delhi WH,29-05-2025,May,891,420,593,49,102,5174,12321,7306353,4.1,5,Low Stock,No,669
53457,Product 7989,Grocery,Special,Supplier E,Bengaluru WH,31-03-2025,March,886,70,565,18,58,594,4409,2491085,3.5,11,In Stock,Yes,373
53458,Product 2254,Beauty,Premium,Supplier A,Delhi WH,21-07-2025,July,780,383,466,47,119,1672,8803,4102198,4.4,16,Low Stock,No,650
53459,Product 1572,Beauty,Premium,Supplier D,Pune WH,05-03-2025,March,38,30,127,1,71,6896,10790,1370330,3.5,13,In Stock,No,-60
53460,Product 7955,Grocery,Special,Supplier C,Hyderabad WH,09-10-2025,October,916,376,148,33,199,571,7678,1136344,5,15,Out of Stock,No,1111
53461,Product 1379,Fashion,Basic,Supplier D,Pune WH,26-02-2025,February,998,230,149,18,57,8978,181,26969,4.7,16,In Stock,No,1061
53462,Product 4016,Grocery,Standard,Supplier A,Bengaluru WH,04-03-2025,March,64,133,169,0,25,8753,2823,477087,3.6,10,In Stock,No,28
53463,Product 6196,Beauty,Standard,Supplier D,Bengaluru WH,24-02-2025,February,703,322,521,33,101,4225,10695,5572095,4.4,5,In Stock,No,471
53464,Product 6764,Electronics,Premium,Supplier A,Hyderabad WH,23-02-2025,February,951,348,486,38,27,7330,6949,3377214,2.6,14,In Stock,No,775
53465,Product 1568,Electronics,Special,Supplier E,Pune WH,04-11-2025,November,497,388,410,1,138,831,678,277980,4,2,In Stock,No,474
53466,Product 2890,Grocery,Special,Supplier D,Pune WH,26-01-2025,January,743,92,634,24,61,1041,8671,5497414,4.1,12,Out of Stock,No,177
53467,Product 8373,Fashion,Special,Supplier D,Hyderabad WH,06-06-2025,June,30,311,652,13,30,7175,779,507908,4.8,20,In Stock,No,-324
53468,Product 8499,Home,Standard,Supplier A,Pune WH,26-08-2025,August,989,239,2,26,111,1221,8472,16944,3.3,8,Low Stock,Yes,1200
53469,Product 3077,Electronics,Basic,Supplier B,Bengaluru WH,22-04-2025,April,748,176,611,13,191,2988,7170,4380870,3.7,7,In Stock,Yes,300
53470,Product 8296,Electronics,Premium,Supplier B,Hyderabad WH,16-10-2025,October,899,335,129,42,127,3802,9570,1234530,4.3,15,Low Stock,Yes,1063
53471,Product 7964,Beauty,Special,Supplier B,Delhi WH,25-07-2025,July,200,251,688,24,108,5929,1299,893712,4.8,13,In Stock,No,-261
53472,Product 5119,Grocery,Special,Supplier A,Bengaluru WH,17-08-2025,August,720,479,536,29,43,3037,4903,2628008,3.5,1,In Stock,Yes,634
53473,Product 7477,Sports,Special,Supplier B,Hyderabad WH,01-04-2025,April,403,408,549,34,171,1561,2124,1166076,2.8,20,Low Stock,No,228
53474,Product 5076,Grocery,Special,Supplier B,Pune WH,06-08-2025,August,652,36,595,42,192,417,7627,4538065,3.6,9,Out of Stock,No,51
53475,Product 1274,Electronics,Premium,Supplier A,Bengaluru WH,14-09-2025,September,656,304,428,15,150,9270,6742,2885576,2.6,14,Low Stock,No,517
53476,Product 9917,Home,Special,Supplier B,Bengaluru WH,23-06-2025,June,178,406,273,0,124,9970,2133,582309,3.6,11,In Stock,No,311
53477,Product 5085,Grocery,Premium,Supplier B,Hyderabad WH,11-04-2025,April,818,400,372,12,41,3636,4245,1579140,2.9,10,In Stock,No,834
53478,Product 9982,Home,Standard,Supplier B,Hyderabad WH,11-07-2025,July,284,288,545,29,163,4787,13284,7239780,4,2,In Stock,No,-2
53479,Product 1617,Beauty,Standard,Supplier E,Delhi WH,26-06-2025,June,21,419,438,15,106,7911,10332,4525416,3.4,10,In Stock,Yes,-13
53480,Product 1061,Sports,Basic,Supplier E,Pune WH,14-05-2025,May,711,439,384,2,129,7416,698,268032,3.4,9,In Stock,No,764
53481,Product 7448,Home,Standard,Supplier C,Pune WH,05-10-2025,October,449,427,272,19,46,2053,10308,2803776,2.6,11,In Stock,Yes,585
53482,Product 8738,Beauty,Premium,Supplier A,Pune WH,29-06-2025,June,429,84,48,28,96,442,2070,99360,4,15,In Stock,No,437
53483,Product 5662,Electronics,Premium,Supplier E,Hyderabad WH,17-12-2025,December,831,306,84,4,59,6618,1722,144648,3.2,16,In Stock,No,1049
53484,Product 9834,Sports,Standard,Supplier C,Bengaluru WH,23-09-2025,September,32,169,592,29,38,1985,12515,7408880,4.7,14,Out of Stock,No,-420
53485,Product 4252,Sports,Special,Supplier E,Delhi WH,15-08-2025,August,976,83,12,21,168,6755,11679,140148,3.8,2,In Stock,No,1026
53486,Product 6543,Fashion,Special,Supplier B,Hyderabad WH,14-08-2025,August,114,453,267,18,91,5520,4922,1314174,4.6,13,In Stock,No,282
53487,Product 8618,Beauty,Basic,Supplier B,Mumbai WH,26-11-2025,November,986,395,690,1,101,5442,8561,5907090,3.1,11,In Stock,No,690
53488,Product 7126,Grocery,Basic,Supplier D,Bengaluru WH,08-06-2025,June,267,232,691,40,88,879,8021,5542511,3.3,9,Low Stock,No,-232
53489,Product 6342,Sports,Standard,Supplier C,Bengaluru WH,09-07-2025,July,109,59,382,29,91,8286,412,157384,3.4,4,In Stock,No,-243
53490,Product 3649,Fashion,Standard,Supplier D,Delhi WH,07-05-2025,May,751,114,218,48,117,6354,4736,1032448,2.6,15,In Stock,Yes,599
53491,Product 5099,Fashion,Special,Supplier E,Bengaluru WH,11-02-2025,February,585,329,236,33,115,8877,13090,3089240,4.9,13,In Stock,No,645
53492,Product 7220,Sports,Basic,Supplier D,Mumbai WH,01-10-2025,October,629,473,353,1,177,5721,8252,2912956,3.3,16,In Stock,No,748
53493,Product 8062,Electronics,Standard,Supplier D,Pune WH,10-03-2025,March,498,158,87,25,85,3052,7004,609348,2.9,10,Out of Stock,No,544
53494,Product 6096,Sports,Special,Supplier E,Pune WH,01-12-2025,December,828,323,392,23,56,214,11816,4631872,2.8,9,Low Stock,No,736
53495,Product 6055,Sports,Basic,Supplier C,Pune WH,26-05-2025,May,299,487,222,37,101,5883,5041,1119102,2.8,14,In Stock,No,527
53496,Product 3440,Home,Premium,Supplier B,Delhi WH,22-11-2025,November,641,330,30,10,194,901,7408,222240,4.7,9,In Stock,Yes,931
53497,Product 8846,Home,Special,Supplier B,Delhi WH,11-04-2025,April,124,465,506,13,166,1875,8557,4329842,4.5,19,In Stock,No,70
53498,Product 2672,Fashion,Premium,Supplier C,Bengaluru WH,06-10-2025,October,121,79,656,1,137,8001,3049,2000144,3.4,18,In Stock,No,-457
53499,Product 4274,Home,Basic,Supplier B,Bengaluru WH,12-10-2025,October,889,211,248,29,36,5570,3970,984560,3.9,17,Low Stock,No,823
53500,Product 8738,Electronics,Standard,Supplier C,Mumbai WH,10-12-2025,December,837,55,308,21,168,6525,11577,3565716,3.7,9,In Stock,No,563
53501,Product 2592,Beauty,Premium,Supplier C,Hyderabad WH,10-05-2025,May,46,214,133,9,81,6542,3501,465633,3.9,15,In Stock,No,118
53502,Product 1496,Fashion,Premium,Supplier E,Mumbai WH,29-03-2025,March,874,297,419,25,162,7571,4110,1722090,3,1,In Stock,Yes,727
53503,Product 6052,Home,Premium,Supplier C,Mumbai WH,09-12-2025,December,498,463,168,29,48,364,13379,2247672,5,9,Low Stock,No,764
53504,Product 7483,Electronics,Special,Supplier D,Hyderabad WH,24-12-2025,December,307,315,113,18,54,8463,12197,1378261,4.8,13,In Stock,No,491
53505,Product 9576,Electronics,Basic,Supplier C,Delhi WH,17-08-2025,August,181,438,336,22,170,1743,7725,2595600,3.2,13,In Stock,No,261
53506,Product 9068,Beauty,Premium,Supplier E,Hyderabad WH,03-08-2025,August,798,49,157,39,51,2303,3403,534271,4.8,7,In Stock,No,651
53507,Product 6510,Home,Basic,Supplier E,Mumbai WH,22-09-2025,September,396,19,681,12,115,3305,3981,2711061,2.7,15,Low Stock,No,-278
53508,Product 9167,Electronics,Special,Supplier C,Pune WH,21-04-2025,April,572,369,23,2,92,5334,10623,244329,4.5,9,In Stock,No,916
53509,Product 3688,Grocery,Basic,Supplier D,Hyderabad WH,22-06-2025,June,151,153,653,27,50,2679,5742,3749526,3.8,4,In Stock,No,-376
53510,Product 7292,Beauty,Standard,Supplier C,Pune WH,26-05-2025,May,783,113,584,28,67,1296,7409,4326856,3.2,18,In Stock,Yes,284
53511,Product 5721,Grocery,Premium,Supplier A,Bengaluru WH,21-10-2025,October,22,443,207,17,126,8303,8058,1668006,2.6,11,Low Stock,No,241
53512,Product 4402,Fashion,Basic,Supplier A,Bengaluru WH,03-03-2025,March,895,48,375,2,143,9787,3393,1272375,4.1,6,Low Stock,No,566
53513,Product 8832,Beauty,Standard,Supplier D,Bengaluru WH,01-09-2025,September,119,124,556,12,60,4301,3239,1800884,3.1,1,Out of Stock,No,-325
53514,Product 2307,Beauty,Special,Supplier B,Bengaluru WH,31-07-2025,July,527,9,389,43,110,2792,2886,1122654,4.4,13,Low Stock,Yes,104
53515,Product 5782,Beauty,Special,Supplier A,Hyderabad WH,04-06-2025,June,554,265,297,8,111,8237,2642,784674,3.4,14,Low Stock,No,514
53516,Product 3675,Home,Basic,Supplier A,Mumbai WH,12-10-2025,October,548,20,534,42,98,1611,7622,4070148,3.7,15,Low Stock,No,-8
53517,Product 8218,Fashion,Premium,Supplier C,Delhi WH,31-03-2025,March,134,480,228,50,120,8470,6900,1573200,2.6,2,Low Stock,No,336
53518,Product 5169,Grocery,Special,Supplier E,Delhi WH,06-07-2025,July,478,60,429,24,185,8438,14170,6078930,4.9,11,Low Stock,No,85
53519,Product 1275,Fashion,Basic,Supplier C,Pune WH,18-03-2025,March,188,294,337,28,45,6845,14958,5040846,3.2,2,Low Stock,No,117
53520,Product 4761,Grocery,Special,Supplier C,Mumbai WH,03-07-2025,July,218,496,290,23,190,6645,8794,2550260,4.7,12,In Stock,No,401
53521,Product 8151,Grocery,Special,Supplier A,Pune WH,11-08-2025,August,313,409,165,23,36,3468,805,132825,4,9,Low Stock,No,534
53522,Product 5226,Fashion,Special,Supplier E,Pune WH,16-07-2025,July,963,360,572,28,158,5053,14815,8474180,2.8,15,Low Stock,No,723
53523,Product 4295,Home,Premium,Supplier E,Bengaluru WH,20-04-2025,April,921,218,440,44,144,4639,4149,1825560,3.3,10,In Stock,Yes,655
53524,Product 3932,Fashion,Premium,Supplier B,Hyderabad WH,17-01-2025,January,879,244,239,23,132,1087,8162,1950718,3.7,3,In Stock,Yes,861
53525,Product 8641,Electronics,Premium,Supplier E,Bengaluru WH,04-12-2025,December,857,495,307,27,68,3325,4607,1414349,4.4,18,Low Stock,No,1018
53526,Product 4226,Fashion,Standard,Supplier A,Delhi WH,05-10-2025,October,828,475,560,15,98,4645,3804,2130240,4.4,5,In Stock,Yes,728
53527,Product 8622,Fashion,Premium,Supplier C,Mumbai WH,03-09-2025,September,703,29,174,24,194,121,5546,965004,4.9,15,In Stock,No,534
53528,Product 4946,Fashion,Basic,Supplier A,Pune WH,07-07-2025,July,562,489,588,16,53,4263,13514,7946232,2.7,16,In Stock,No,447
53529,Product 4466,Home,Special,Supplier B,Hyderabad WH,15-03-2025,March,349,334,406,2,58,9847,6486,2633316,3.4,19,In Stock,Yes,275
53530,Product 3246,Fashion,Standard,Supplier C,Mumbai WH,24-02-2025,February,378,253,595,21,163,7073,11707,6965665,3.1,17,In Stock,Yes,15
53531,Product 6809,Electronics,Premium,Supplier E,Mumbai WH,13-10-2025,October,255,342,132,44,30,7786,8757,1155924,4.4,10,Low Stock,Yes,421
53532,Product 6000,Electronics,Premium,Supplier A,Pune WH,10-08-2025,August,703,258,252,18,109,2010,902,227304,3,6,In Stock,No,691
53533,Product 9478,Sports,Basic,Supplier E,Delhi WH,03-09-2025,September,702,312,238,3,168,2444,1088,258944,3,16,Low Stock,No,773
53534,Product 4716,Grocery,Basic,Supplier D,Delhi WH,13-02-2025,February,590,126,479,12,160,8483,13030,6241370,3.3,14,Low Stock,No,225
53535,Product 2296,Home,Special,Supplier B,Hyderabad WH,18-02-2025,February,795,428,458,17,145,2481,13947,6387726,4.1,14,In Stock,Yes,748
53536,Product 8865,Grocery,Standard,Supplier A,Mumbai WH,24-10-2025,October,390,292,372,2,173,3598,8673,3226356,4.1,8,In Stock,No,308
53537,Product 7605,Electronics,Basic,Supplier B,Mumbai WH,26-01-2025,January,698,255,144,19,49,3352,4382,631008,3.4,9,In Stock,No,790
53538,Product 6774,Beauty,Premium,Supplier D,Mumbai WH,02-07-2025,July,495,259,481,43,198,8261,753,362193,3.6,4,In Stock,No,230
53539,Product 3944,Grocery,Special,Supplier A,Delhi WH,07-11-2025,November,807,412,219,33,178,7598,6528,1429632,4.6,1,In Stock,No,967
53540,Product 4172,Beauty,Basic,Supplier E,Bengaluru WH,25-07-2025,July,487,288,461,27,43,8137,12790,5896190,3.5,6,Out of Stock,No,287
53541,Product 9091,Beauty,Basic,Supplier D,Bengaluru WH,12-10-2025,October,957,394,99,29,179,2812,3471,343629,2.8,5,In Stock,No,1223
53542,Product 5782,Beauty,Special,Supplier C,Mumbai WH,05-12-2025,December,361,200,128,8,94,6390,13065,1672320,4.3,12,In Stock,No,425
53543,Product 9438,Sports,Special,Supplier E,Pune WH,27-06-2025,June,457,75,138,22,187,1311,2103,290214,2.8,9,In Stock,No,372
53544,Product 1691,Sports,Basic,Supplier D,Hyderabad WH,02-04-2025,April,592,340,578,23,135,150,4345,2511410,4.8,4,In Stock,Yes,331
53545,Product 6416,Beauty,Special,Supplier D,Bengaluru WH,29-11-2025,November,523,2,3,9,61,3204,6179,18537,3.3,14,Low Stock,Yes,513
53546,Product 7199,Sports,Basic,Supplier A,Mumbai WH,17-04-2025,April,366,218,695,9,163,625,14288,9930160,4.4,14,In Stock,No,-120
53547,Product 1463,Grocery,Standard,Supplier C,Hyderabad WH,08-09-2025,September,166,227,5,34,80,9064,11344,56720,2.7,20,In Stock,Yes,354
53548,Product 6225,Home,Standard,Supplier A,Bengaluru WH,08-09-2025,September,707,269,604,10,123,2262,7233,4368732,4.7,3,In Stock,No,362
53549,Product 6603,Home,Basic,Supplier A,Delhi WH,30-10-2025,October,636,157,423,11,32,7177,10172,4302756,4.2,7,In Stock,No,359
53550,Product 8118,Fashion,Basic,Supplier A,Delhi WH,07-02-2025,February,838,34,210,32,91,2611,5688,1194480,3.5,17,In Stock,Yes,630
53551,Product 1502,Home,Standard,Supplier E,Pune WH,26-09-2025,September,302,252,421,2,199,6001,4173,1756833,3.7,2,Low Stock,No,131
53552,Product 8148,Beauty,Standard,Supplier E,Pune WH,21-12-2025,December,707,209,605,12,178,4241,515,311575,4.2,10,In Stock,No,299
53553,Product 8705,Electronics,Premium,Supplier C,Delhi WH,24-07-2025,July,141,280,313,45,69,1958,13194,4129722,4.9,20,In Stock,No,63
53554,Product 5380,Beauty,Premium,Supplier C,Bengaluru WH,21-11-2025,November,330,393,52,25,22,3169,2845,147940,3.1,16,Out of Stock,No,646
53555,Product 6600,Sports,Standard,Supplier A,Pune WH,16-02-2025,February,342,385,57,25,73,5582,1899,108243,4.9,7,Low Stock,No,645
53556,Product 7324,Fashion,Special,Supplier D,Delhi WH,18-04-2025,April,279,90,456,50,136,7067,11796,5378976,2.7,10,Low Stock,Yes,-137
53557,Product 2161,Fashion,Standard,Supplier C,Hyderabad WH,21-07-2025,July,946,97,76,31,39,9892,3186,242136,4.3,8,In Stock,Yes,936
53558,Product 4369,Home,Premium,Supplier D,Mumbai WH,09-12-2025,December,736,67,695,13,104,5975,14969,10403455,2.6,12,In Stock,No,95
53559,Product 7346,Home,Basic,Supplier E,Mumbai WH,09-02-2025,February,588,440,141,44,134,2903,3923,553143,3.2,5,Low Stock,No,843
53560,Product 2441,Electronics,Standard,Supplier B,Hyderabad WH,21-10-2025,October,654,147,540,45,103,9326,9415,5084100,2.9,10,Low Stock,No,216
53561,Product 4364,Fashion,Premium,Supplier C,Bengaluru WH,04-11-2025,November,256,355,532,36,113,1215,6531,3474492,4,1,Low Stock,No,43
53562,Product 6767,Grocery,Standard,Supplier A,Mumbai WH,31-12-2025,December,396,143,523,38,107,7142,5185,2711755,4.4,20,Out of Stock,Yes,-22
53563,Product 7675,Beauty,Premium,Supplier C,Pune WH,22-02-2025,February,48,293,482,40,182,6118,10647,5131854,3.4,1,Out of Stock,No,-181
53564,Product 8700,Home,Standard,Supplier D,Mumbai WH,16-09-2025,September,388,179,525,42,73,5951,12741,6689025,3.7,5,In Stock,No,0
53565,Product 8145,Sports,Premium,Supplier E,Mumbai WH,17-02-2025,February,98,471,425,46,79,4804,4811,2044675,4.5,6,In Stock,No,98
53566,Product 1636,Fashion,Premium,Supplier B,Mumbai WH,28-04-2025,April,370,195,362,7,155,7092,12771,4623102,2.8,6,Out of Stock,No,196
53567,Product 9567,Beauty,Standard,Supplier E,Pune WH,17-09-2025,September,163,322,324,35,199,7086,793,256932,4,13,In Stock,No,126
53568,Product 3452,Fashion,Basic,Supplier E,Delhi WH,02-02-2025,February,800,435,575,48,142,6030,11528,6628600,2.7,5,In Stock,Yes,612
53569,Product 9568,Beauty,Basic,Supplier D,Pune WH,24-01-2025,January,34,262,513,12,36,410,5901,3027213,2.5,7,In Stock,No,-229
53570,Product 7781,Grocery,Basic,Supplier D,Delhi WH,22-03-2025,March,789,150,309,21,137,2279,279,86211,4.3,17,In Stock,Yes,609
53571,Product 6573,Fashion,Standard,Supplier B,Pune WH,26-04-2025,April,861,69,14,42,117,5438,5065,70910,3,6,Low Stock,Yes,874
53572,Product 6011,Home,Premium,Supplier B,Mumbai WH,05-11-2025,November,458,80,141,17,64,5737,14282,2013762,2.7,7,Low Stock,No,380
53573,Product 5475,Electronics,Standard,Supplier B,Bengaluru WH,26-12-2025,December,135,366,672,23,177,8114,6733,4524576,3,9,In Stock,No,-194
53574,Product 4799,Home,Basic,Supplier C,Bengaluru WH,29-07-2025,July,736,268,537,30,135,6725,8631,4634847,2.8,4,In Stock,No,437
53575,Product 2732,Fashion,Premium,Supplier C,Mumbai WH,02-05-2025,May,438,355,111,5,90,9675,8224,912864,3.7,8,In Stock,Yes,677
53576,Product 7120,Electronics,Basic,Supplier A,Pune WH,10-11-2025,November,976,373,201,28,62,2333,7544,1516344,4.9,11,Low Stock,No,1120
53577,Product 8457,Electronics,Premium,Supplier C,Bengaluru WH,11-05-2025,May,801,299,461,47,114,3335,6365,2934265,3.9,11,Low Stock,Yes,592
53578,Product 8949,Fashion,Basic,Supplier E,Bengaluru WH,07-05-2025,May,850,7,475,26,27,670,6889,3272275,4.5,2,Low Stock,Yes,356
53579,Product 8775,Home,Basic,Supplier A,Pune WH,28-08-2025,August,505,47,587,50,165,2887,9947,5838889,3.7,19,In Stock,No,-85
53580,Product 2297,Sports,Standard,Supplier C,Mumbai WH,29-12-2025,December,771,21,591,18,55,4545,12885,7615035,4.7,18,Low Stock,No,183
53581,Product 1434,Beauty,Standard,Supplier B,Hyderabad WH,30-01-2025,January,965,104,114,2,153,4814,6180,704520,4.3,15,In Stock,No,953
53582,Product 7446,Sports,Special,Supplier C,Delhi WH,30-10-2025,October,493,174,441,29,108,4933,8068,3557988,3,9,Out of Stock,No,197
53583,Product 1263,Home,Premium,Supplier C,Pune WH,07-05-2025,May,404,157,579,30,110,9133,138,79902,3.4,10,Low Stock,No,-48
53584,Product 7682,Electronics,Special,Supplier D,Hyderabad WH,07-08-2025,August,515,343,48,27,76,7967,14287,685776,2.6,14,In Stock,No,783
53585,Product 7616,Beauty,Special,Supplier D,Pune WH,12-06-2025,June,618,171,335,5,146,5343,1886,631810,3.7,17,Low Stock,No,449
53586,Product 2417,Electronics,Premium,Supplier E,Bengaluru WH,19-08-2025,August,989,10,275,38,63,2144,1342,369050,3.4,6,Low Stock,No,686
53587,Product 9219,Home,Premium,Supplier B,Hyderabad WH,08-02-2025,February,508,212,182,26,160,9967,10533,1917006,4.4,8,In Stock,Yes,512
53588,Product 3198,Grocery,Basic,Supplier A,Bengaluru WH,31-10-2025,October,318,257,45,23,168,9266,2547,114615,3.7,9,In Stock,No,507
53589,Product 5312,Beauty,Premium,Supplier D,Hyderabad WH,03-08-2025,August,889,284,223,10,24,8399,8913,1987599,4.7,9,In Stock,No,940
53590,Product 6759,Home,Basic,Supplier B,Mumbai WH,19-05-2025,May,209,55,296,24,180,403,1866,552336,4.7,10,In Stock,No,-56
53591,Product 7586,Home,Standard,Supplier C,Pune WH,19-06-2025,June,258,102,609,3,194,6339,10967,6678903,2.9,18,Low Stock,No,-252
53592,Product 7967,Fashion,Special,Supplier B,Mumbai WH,16-08-2025,August,465,158,318,0,29,8461,4041,1285038,4.7,12,In Stock,Yes,305
53593,Product 1174,Grocery,Premium,Supplier B,Bengaluru WH,25-04-2025,April,353,183,567,28,61,6611,12269,6956523,3.7,12,In Stock,No,-59
53594,Product 3371,Electronics,Premium,Supplier C,Delhi WH,30-03-2025,March,204,86,87,35,86,7391,13724,1193988,3.8,20,In Stock,No,168
53595,Product 9787,Home,Premium,Supplier C,Mumbai WH,07-07-2025,July,399,22,261,23,89,7658,5067,1322487,3.2,16,In Stock,Yes,137
53596,Product 4863,Beauty,Basic,Supplier A,Mumbai WH,30-09-2025,September,789,382,250,46,50,316,2845,711250,4.3,7,Out of Stock,No,875
53597,Product 7043,Grocery,Premium,Supplier C,Mumbai WH,15-05-2025,May,914,230,590,22,182,2873,2139,1262010,3.1,12,In Stock,Yes,532
53598,Product 1088,Grocery,Special,Supplier B,Mumbai WH,12-11-2025,November,929,293,339,29,70,7522,8097,2744883,4.4,6,In Stock,No,854
53599,Product 7399,Fashion,Premium,Supplier A,Pune WH,01-11-2025,November,551,34,406,49,105,3175,3556,1443736,2.9,7,Low Stock,No,130
53600,Product 3525,Home,Standard,Supplier A,Mumbai WH,24-11-2025,November,564,467,323,26,135,3404,14796,4779108,2.7,13,In Stock,No,682
53601,Product 5729,Electronics,Basic,Supplier E,Bengaluru WH,25-10-2025,October,715,194,284,13,178,1584,7216,2049344,4.6,13,In Stock,No,612
53602,Product 1263,Sports,Standard,Supplier D,Bengaluru WH,31-03-2025,March,412,5,100,38,126,9086,9717,971700,3,13,In Stock,No,279
53603,Product 8178,Home,Basic,Supplier B,Hyderabad WH,25-05-2025,May,84,171,544,16,52,5925,8635,4697440,4.3,6,In Stock,Yes,-305
53604,Product 9275,Beauty,Special,Supplier A,Mumbai WH,08-03-2025,March,534,402,624,21,161,2171,6105,3809520,3.7,12,Low Stock,No,291
53605,Product 9105,Electronics,Standard,Supplier C,Mumbai WH,21-10-2025,October,882,175,395,17,170,2799,8876,3506020,3.2,4,Low Stock,No,645
53606,Product 7312,Electronics,Basic,Supplier B,Bengaluru WH,24-11-2025,November,796,276,554,13,27,453,11285,6251890,4,12,In Stock,Yes,505
53607,Product 9167,Grocery,Special,Supplier E,Mumbai WH,24-12-2025,December,761,168,494,18,80,7715,9240,4564560,3.8,19,In Stock,Yes,417
53608,Product 6835,Electronics,Basic,Supplier E,Mumbai WH,04-12-2025,December,867,424,229,39,24,6050,3899,892871,2.8,17,Low Stock,No,1023
53609,Product 6943,Electronics,Premium,Supplier E,Bengaluru WH,08-03-2025,March,332,221,268,35,50,7767,9750,2613000,2.7,20,In Stock,No,250
53610,Product 6510,Electronics,Standard,Supplier C,Mumbai WH,06-12-2025,December,153,266,652,24,147,5812,7840,5111680,3.1,6,In Stock,Yes,-257
53611,Product 6377,Sports,Premium,Supplier D,Delhi WH,30-12-2025,December,780,300,306,42,162,2402,7146,2186676,4.7,8,In Stock,No,732
53612,Product 9564,Sports,Special,Supplier A,Delhi WH,29-05-2025,May,489,215,174,15,41,2816,10177,1770798,4.9,10,In Stock,No,515
53613,Product 4938,Beauty,Premium,Supplier D,Mumbai WH,01-12-2025,December,527,106,131,33,22,4373,9133,1196423,4.8,13,In Stock,No,469
53614,Product 7259,Grocery,Special,Supplier C,Mumbai WH,11-03-2025,March,980,157,384,48,165,8156,9875,3792000,4.5,19,Low Stock,No,705
53615,Product 5189,Beauty,Basic,Supplier A,Mumbai WH,26-12-2025,December,671,429,498,4,42,1114,7827,3897846,4.6,16,Out of Stock,No,598
53616,Product 2909,Fashion,Premium,Supplier B,Pune WH,02-09-2025,September,359,324,538,42,71,356,9917,5335346,3.4,18,In Stock,No,103
53617,Product 5619,Grocery,Special,Supplier E,Delhi WH,28-08-2025,August,892,192,28,33,151,805,14751,413028,3.6,8,In Stock,No,1023
53618,Product 4391,Beauty,Standard,Supplier E,Hyderabad WH,27-03-2025,March,60,479,615,27,125,5501,9534,5863410,3.6,5,Out of Stock,No,-103
53619,Product 6610,Electronics,Special,Supplier C,Hyderabad WH,26-06-2025,June,411,128,266,27,90,75,1059,281694,3.6,14,In Stock,No,246
53620,Product 3605,Home,Special,Supplier E,Delhi WH,05-06-2025,June,179,311,490,44,106,381,8984,4402160,3.6,18,In Stock,No,-44
53621,Product 7735,Grocery,Special,Supplier A,Delhi WH,13-04-2025,April,743,306,80,12,134,2821,5932,474560,4.2,4,Low Stock,No,957
53622,Product 3299,Grocery,Basic,Supplier E,Bengaluru WH,28-02-2025,February,114,386,0,4,44,2972,12119,0,3.3,5,In Stock,Yes,496
53623,Product 7383,Grocery,Premium,Supplier C,Delhi WH,06-06-2025,June,753,14,372,38,99,1521,14336,5332992,4.5,10,In Stock,No,357
53624,Product 1310,Beauty,Premium,Supplier E,Bengaluru WH,04-07-2025,July,524,387,476,46,25,3150,324,154224,4.3,11,In Stock,No,389
53625,Product 2491,Beauty,Standard,Supplier A,Bengaluru WH,07-08-2025,August,30,96,76,28,72,8914,8570,651320,4.2,18,In Stock,No,22
53626,Product 3500,Electronics,Standard,Supplier C,Hyderabad WH,22-03-2025,March,839,251,396,27,191,307,1837,727452,3.1,15,Low Stock,No,667
53627,Product 3792,Beauty,Premium,Supplier B,Bengaluru WH,23-05-2025,May,142,93,163,0,162,9111,14204,2315252,4.4,1,In Stock,Yes,72
53628,Product 2831,Home,Special,Supplier A,Delhi WH,06-06-2025,June,133,266,259,38,129,9677,9395,2433305,3.2,1,Low Stock,No,102
53629,Product 4045,Sports,Special,Supplier E,Hyderabad WH,09-05-2025,May,222,162,172,17,41,1892,8916,1533552,3.7,1,In Stock,No,195
53630,Product 9562,Electronics,Special,Supplier B,Bengaluru WH,19-08-2025,August,718,431,202,31,51,9188,183,36966,4.9,2,Low Stock,No,916
53631,Product 2760,Home,Standard,Supplier E,Delhi WH,16-04-2025,April,554,278,158,42,72,1494,524,82792,3.8,3,Out of Stock,Yes,632
53632,Product 4519,Beauty,Special,Supplier A,Mumbai WH,23-06-2025,June,80,102,437,16,190,2858,8994,3930378,4.9,6,Low Stock,No,-271
53633,Product 5096,Sports,Basic,Supplier B,Pune WH,16-01-2025,January,552,354,385,39,135,9602,5465,2104025,2.9,4,Out of Stock,Yes,482
53634,Product 2623,Fashion,Premium,Supplier B,Delhi WH,11-03-2025,March,899,388,587,11,164,9215,13169,7730203,4.4,13,Low Stock,No,689
53635,Product 5523,Beauty,Premium,Supplier E,Bengaluru WH,29-05-2025,May,748,297,197,17,86,298,4697,925309,4.9,6,Out of Stock,No,831
53636,Product 8481,Sports,Basic,Supplier E,Bengaluru WH,06-03-2025,March,194,317,8,24,132,513,13454,107632,4.7,13,Low Stock,No,479
53637,Product 9518,Electronics,Special,Supplier B,Hyderabad WH,10-10-2025,October,528,81,459,42,89,5288,7045,3233655,4.6,6,In Stock,No,108
53638,Product 6217,Electronics,Standard,Supplier B,Pune WH,09-02-2025,February,443,124,477,21,21,9606,14924,7118748,4.2,2,Out of Stock,No,69
53639,Product 2425,Sports,Premium,Supplier E,Delhi WH,07-11-2025,November,695,245,578,47,170,4768,6290,3635620,4.8,15,In Stock,No,315
53640,Product 9198,Home,Special,Supplier B,Pune WH,29-08-2025,August,137,449,144,50,88,6642,5527,795888,3.6,1,Out of Stock,No,392
53641,Product 5940,Sports,Premium,Supplier C,Hyderabad WH,13-03-2025,March,324,351,553,9,192,8389,14095,7794535,3.6,19,Low Stock,No,113
53642,Product 4769,Sports,Standard,Supplier B,Hyderabad WH,30-09-2025,September,415,444,107,16,94,8862,12074,1291918,4.2,14,Out of Stock,No,736
53643,Product 6602,Fashion,Basic,Supplier C,Hyderabad WH,16-10-2025,October,270,136,147,9,195,3090,11159,1640373,3.2,1,In Stock,No,250
53644,Product 4568,Grocery,Premium,Supplier C,Pune WH,06-05-2025,May,201,150,542,36,168,3915,13182,7144644,4.8,17,In Stock,No,-227
53645,Product 6283,Fashion,Premium,Supplier A,Mumbai WH,20-09-2025,September,826,432,451,41,150,9874,7718,3480818,4.3,8,Low Stock,Yes,766
53646,Product 1551,Home,Standard,Supplier A,Hyderabad WH,14-02-2025,February,367,467,692,37,102,6214,10329,7147668,2.8,13,In Stock,No,105
53647,Product 9919,Grocery,Special,Supplier A,Pune WH,05-08-2025,August,594,249,667,22,161,9887,8143,5431381,4.4,17,In Stock,Yes,154
53648,Product 2100,Home,Basic,Supplier B,Mumbai WH,12-09-2025,September,666,171,15,31,159,812,2522,37830,4.2,7,In Stock,No,791
53649,Product 9084,Grocery,Premium,Supplier A,Hyderabad WH,10-12-2025,December,185,270,36,35,85,279,9045,325620,4.9,10,In Stock,No,384
53650,Product 1717,Home,Premium,Supplier D,Pune WH,21-10-2025,October,946,134,505,34,174,3372,456,230280,4.8,3,In Stock,No,541
53651,Product 8310,Grocery,Special,Supplier A,Pune WH,24-01-2025,January,486,204,68,37,22,1823,2056,139808,2.9,6,In Stock,Yes,585
53652,Product 1272,Home,Standard,Supplier A,Delhi WH,25-07-2025,July,334,146,648,5,192,6716,3556,2304288,4.2,10,In Stock,Yes,-173
53653,Product 1543,Beauty,Special,Supplier A,Mumbai WH,11-06-2025,June,939,434,426,26,81,1877,3270,1393020,3.4,6,In Stock,Yes,921
53654,Product 4493,Electronics,Standard,Supplier E,Bengaluru WH,15-10-2025,October,748,436,543,1,105,543,13880,7536840,3.7,14,In Stock,No,640
53655,Product 3134,Grocery,Basic,Supplier C,Bengaluru WH,15-08-2025,August,126,348,230,8,140,9642,13808,3175840,4.1,14,Low Stock,No,236
53656,Product 4211,Sports,Standard,Supplier E,Bengaluru WH,24-12-2025,December,184,369,311,15,161,7652,9353,2908783,4,11,In Stock,No,227
53657,Product 6600,Grocery,Premium,Supplier C,Bengaluru WH,26-03-2025,March,511,99,398,46,56,5123,714,284172,2.9,9,In Stock,No,166
53658,Product 9897,Sports,Standard,Supplier B,Mumbai WH,27-03-2025,March,465,478,489,36,130,1867,13238,6473382,2.7,4,In Stock,No,418
53659,Product 9584,Electronics,Standard,Supplier C,Hyderabad WH,07-11-2025,November,103,409,403,38,131,3081,11742,4732026,3.6,16,In Stock,Yes,71
53660,Product 1415,Electronics,Premium,Supplier A,Delhi WH,19-04-2025,April,361,56,450,17,87,3874,4534,2040300,4.1,2,In Stock,Yes,-50
53661,Product 2847,Sports,Premium,Supplier C,Delhi WH,19-12-2025,December,164,452,215,28,112,5246,9169,1971335,3.4,18,Low Stock,No,373
53662,Product 6129,Beauty,Premium,Supplier D,Mumbai WH,10-05-2025,May,220,300,649,12,126,5545,14005,9089245,3.4,6,In Stock,No,-141
53663,Product 3838,Fashion,Standard,Supplier E,Bengaluru WH,17-04-2025,April,76,195,546,44,176,3444,13427,7331142,4,4,Out of Stock,Yes,-319
53664,Product 9664,Sports,Standard,Supplier E,Pune WH,22-12-2025,December,762,54,611,18,151,7866,3760,2297360,3.7,8,In Stock,Yes,187
53665,Product 9044,Beauty,Premium,Supplier D,Bengaluru WH,04-01-2025,January,809,130,63,29,159,842,14256,898128,4.2,10,In Stock,No,847
53666,Product 2591,Electronics,Premium,Supplier A,Mumbai WH,30-06-2025,June,916,52,378,6,112,685,797,301266,3.4,10,Out of Stock,No,584
53667,Product 7560,Electronics,Special,Supplier A,Delhi WH,11-07-2025,July,207,125,455,42,39,3863,7355,3346525,3.5,3,In Stock,No,-165
53668,Product 6970,Grocery,Standard,Supplier D,Pune WH,17-07-2025,July,916,225,640,35,81,9505,12683,8117120,4.6,16,Out of Stock,No,466
53669,Product 3987,Electronics,Standard,Supplier C,Mumbai WH,04-02-2025,February,440,137,65,35,135,2118,13748,893620,3.6,2,Out of Stock,No,477
53670,Product 7817,Sports,Special,Supplier B,Mumbai WH,09-09-2025,September,34,205,274,40,97,4284,2489,681986,3.9,14,In Stock,No,-75
53671,Product 4430,Grocery,Premium,Supplier C,Hyderabad WH,03-05-2025,May,363,89,571,40,78,5306,10917,6233607,4.1,6,In Stock,No,-159
53672,Product 6440,Electronics,Basic,Supplier D,Mumbai WH,21-02-2025,February,489,483,503,24,136,1581,14669,7378507,2.9,15,In Stock,No,445
53673,Product 4843,Fashion,Premium,Supplier A,Bengaluru WH,04-12-2025,December,314,293,7,18,152,7645,5613,39291,2.9,5,Low Stock,Yes,582
53674,Product 8365,Electronics,Premium,Supplier A,Mumbai WH,05-04-2025,April,907,112,325,0,110,8735,5286,1717950,2.7,16,In Stock,No,694
53675,Product 6376,Sports,Basic,Supplier A,Mumbai WH,22-12-2025,December,422,162,104,35,51,8165,6750,702000,2.9,1,In Stock,No,445
53676,Product 7695,Electronics,Basic,Supplier D,Pune WH,10-03-2025,March,530,472,570,28,92,2143,13388,7631160,3.4,20,In Stock,Yes,404
53677,Product 2766,Electronics,Basic,Supplier A,Bengaluru WH,26-11-2025,November,30,54,533,24,102,5085,6442,3433586,3.4,16,Out of Stock,No,-473
53678,Product 8974,Beauty,Basic,Supplier D,Bengaluru WH,16-09-2025,September,101,155,573,10,110,4647,14062,8057526,3,15,In Stock,No,-327
53679,Product 8231,Beauty,Basic,Supplier E,Bengaluru WH,25-03-2025,March,177,448,220,1,115,9987,3549,780780,2.9,11,In Stock,Yes,404
53680,Product 7615,Home,Basic,Supplier B,Delhi WH,20-11-2025,November,240,231,530,0,52,4073,9086,4815580,3.3,6,Out of Stock,Yes,-59
53681,Product 9996,Beauty,Special,Supplier E,Pune WH,16-04-2025,April,379,112,269,29,29,6240,12874,3463106,4.9,20,Low Stock,No,193
53682,Product 5766,Sports,Standard,Supplier E,Pune WH,26-11-2025,November,43,192,129,11,92,9645,2485,320565,4.6,6,Low Stock,Yes,95
53683,Product 4676,Beauty,Premium,Supplier B,Delhi WH,01-03-2025,March,824,321,249,13,145,6882,3123,777627,2.8,16,In Stock,No,883
53684,Product 4487,Grocery,Standard,Supplier E,Bengaluru WH,09-12-2025,December,464,435,21,36,100,7443,6661,139881,4.3,6,In Stock,Yes,842
53685,Product 2003,Beauty,Basic,Supplier C,Bengaluru WH,31-10-2025,October,274,339,74,7,180,9578,1760,130240,3.9,3,Out of Stock,No,532
53686,Product 3368,Home,Premium,Supplier C,Bengaluru WH,29-10-2025,October,232,118,46,32,189,5444,7906,363676,2.8,4,Low Stock,No,272
53687,Product 7881,Fashion,Basic,Supplier C,Bengaluru WH,31-05-2025,May,223,59,504,33,118,7734,6532,3292128,3.8,8,In Stock,No,-255
53688,Product 2546,Sports,Basic,Supplier C,Hyderabad WH,02-10-2025,October,136,117,39,40,22,4443,4379,170781,4.3,11,In Stock,No,174
53689,Product 9506,Grocery,Premium,Supplier C,Mumbai WH,07-02-2025,February,667,37,177,41,110,6982,7509,1329093,4.3,10,Low Stock,Yes,486
53690,Product 9857,Electronics,Standard,Supplier B,Bengaluru WH,07-08-2025,August,789,125,211,17,79,8243,6809,1436699,2.9,18,In Stock,Yes,686
53691,Product 4663,Beauty,Premium,Supplier A,Hyderabad WH,23-10-2025,October,755,119,504,10,186,7608,8205,4135320,2.8,8,In Stock,Yes,360
53692,Product 5318,Home,Premium,Supplier B,Bengaluru WH,05-05-2025,May,584,443,59,33,97,7304,14313,844467,4.9,16,In Stock,No,935
53693,Product 6731,Home,Premium,Supplier E,Delhi WH,09-02-2025,February,241,469,548,50,190,5816,7689,4213572,3.7,9,In Stock,No,112
53694,Product 9735,Beauty,Basic,Supplier C,Delhi WH,11-06-2025,June,532,392,72,50,172,1510,14543,1047096,3.5,4,Low Stock,No,802
53695,Product 8288,Sports,Premium,Supplier B,Mumbai WH,10-09-2025,September,803,98,473,37,33,3101,402,190146,3.6,2,In Stock,Yes,391
53696,Product 9506,Electronics,Special,Supplier B,Bengaluru WH,10-12-2025,December,370,273,538,16,141,5347,3388,1822744,4.1,3,In Stock,No,89
53697,Product 9052,Sports,Premium,Supplier A,Mumbai WH,03-12-2025,December,661,126,302,49,89,9249,4910,1482820,2.8,4,In Stock,No,436
53698,Product 8195,Fashion,Basic,Supplier E,Mumbai WH,07-05-2025,May,78,125,48,5,58,5333,13150,631200,3.2,11,Out of Stock,Yes,150
53699,Product 7602,Beauty,Basic,Supplier D,Delhi WH,09-12-2025,December,127,488,521,45,140,2052,1668,869028,2.9,2,In Stock,Yes,49
53700,Product 7172,Beauty,Special,Supplier C,Hyderabad WH,19-04-2025,April,296,327,41,34,83,1612,9661,396101,3.1,6,Out of Stock,No,548
53701,Product 5882,Electronics,Basic,Supplier A,Hyderabad WH,04-12-2025,December,813,16,318,0,103,800,5541,1762038,3.4,10,Low Stock,Yes,511
53702,Product 2687,Home,Basic,Supplier A,Delhi WH,02-04-2025,April,928,258,468,8,162,4917,12093,5659524,2.7,16,Out of Stock,No,710
53703,Product 9986,Electronics,Standard,Supplier E,Hyderabad WH,22-07-2025,July,399,228,525,3,127,6779,1240,651000,3.4,14,In Stock,No,99
53704,Product 8413,Fashion,Premium,Supplier E,Hyderabad WH,09-05-2025,May,444,68,687,10,181,3781,11523,7916301,3.1,4,In Stock,No,-185
53705,Product 5121,Electronics,Premium,Supplier C,Mumbai WH,01-06-2025,June,854,436,239,38,72,4885,3253,777467,4.2,4,Low Stock,No,1013
53706,Product 2418,Beauty,Basic,Supplier D,Pune WH,06-11-2025,November,253,348,524,43,39,2839,3170,1661080,3.7,4,Out of Stock,No,34
53707,Product 3699,Electronics,Basic,Supplier C,Delhi WH,03-03-2025,March,682,303,492,30,171,7294,6251,3075492,4.8,8,Low Stock,No,463
53708,Product 4046,Electronics,Premium,Supplier B,Bengaluru WH,13-01-2025,January,320,77,373,10,92,7747,7794,2907162,2.9,9,In Stock,No,14
53709,Product 9363,Grocery,Basic,Supplier D,Delhi WH,17-11-2025,November,43,144,309,46,190,2615,2273,702357,4.3,10,In Stock,No,-168
53710,Product 9964,Sports,Standard,Supplier A,Hyderabad WH,23-04-2025,April,225,389,21,7,146,5746,5887,123627,4.8,11,In Stock,No,586
53711,Product 1330,Beauty,Basic,Supplier B,Mumbai WH,03-03-2025,March,760,456,483,49,40,3605,265,127995,4.7,11,Low Stock,Yes,684
53712,Product 4135,Fashion,Premium,Supplier C,Mumbai WH,13-06-2025,June,819,232,228,29,30,5770,3748,854544,3.9,16,In Stock,No,794
53713,Product 6604,Sports,Premium,Supplier C,Bengaluru WH,02-09-2025,September,878,240,8,15,180,4498,2193,17544,2.7,7,Low Stock,Yes,1095
53714,Product 7516,Sports,Standard,Supplier E,Bengaluru WH,13-07-2025,July,793,193,371,30,173,4560,7132,2645972,3.3,15,Low Stock,No,585
53715,Product 8005,Sports,Standard,Supplier A,Pune WH,02-08-2025,August,342,311,681,21,173,9747,10519,7163439,4.7,4,Low Stock,No,-49
53716,Product 6715,Sports,Premium,Supplier D,Delhi WH,19-03-2025,March,82,121,224,44,131,7633,14745,3302880,2.7,4,In Stock,No,-65
53717,Product 5060,Electronics,Special,Supplier A,Pune WH,01-05-2025,May,758,15,56,17,80,8789,3265,182840,2.8,15,In Stock,No,700
53718,Product 9663,Home,Special,Supplier C,Mumbai WH,10-02-2025,February,949,160,658,38,145,6860,4803,3160374,2.8,4,In Stock,No,413
53719,Product 5331,Sports,Premium,Supplier D,Pune WH,07-03-2025,March,118,31,511,5,190,8725,2069,1057259,3,9,In Stock,No,-367
53720,Product 4044,Beauty,Special,Supplier D,Bengaluru WH,03-07-2025,July,378,352,555,3,113,6204,5839,3240645,3.5,12,In Stock,No,172
53721,Product 4511,Electronics,Special,Supplier A,Pune WH,06-02-2025,February,74,322,467,21,98,5442,1861,869087,4.6,9,In Stock,No,-92
53722,Product 6359,Grocery,Basic,Supplier D,Mumbai WH,03-05-2025,May,703,284,288,39,146,7205,13289,3827232,3.7,18,Low Stock,No,660
53723,Product 7249,Grocery,Special,Supplier D,Hyderabad WH,16-12-2025,December,405,456,228,46,45,5009,13110,2989080,4,18,In Stock,No,587
53724,Product 5870,Electronics,Standard,Supplier E,Bengaluru WH,22-09-2025,September,422,131,20,9,66,2737,3464,69280,3.2,9,Low Stock,Yes,524
53725,Product 5534,Fashion,Special,Supplier C,Pune WH,25-05-2025,May,304,216,492,43,200,8110,8739,4299588,2.8,7,In Stock,Yes,-15
53726,Product 7084,Sports,Special,Supplier E,Delhi WH,22-07-2025,July,182,469,526,35,191,6532,13521,7112046,3.8,1,In Stock,Yes,90
53727,Product 4312,Home,Premium,Supplier C,Delhi WH,01-05-2025,May,786,499,267,33,29,4513,7565,2019855,3.5,8,In Stock,Yes,985
53728,Product 6959,Electronics,Standard,Supplier E,Pune WH,14-11-2025,November,156,331,143,23,133,6622,1228,175604,4.1,17,Low Stock,No,321
53729,Product 7065,Home,Standard,Supplier D,Delhi WH,26-08-2025,August,396,219,88,30,54,8266,8009,704792,3.1,14,In Stock,Yes,497
53730,Product 7293,Electronics,Basic,Supplier C,Delhi WH,28-02-2025,February,949,288,424,33,71,6090,6820,2891680,3.3,2,Low Stock,No,780
53731,Product 8883,Beauty,Special,Supplier D,Pune WH,23-07-2025,July,623,19,374,23,193,6558,4346,1625404,4.4,14,In Stock,No,245
53732,Product 9476,Electronics,Standard,Supplier A,Bengaluru WH,18-05-2025,May,131,358,214,44,84,3715,8410,1799740,2.7,9,Low Stock,No,231
53733,Product 2422,Fashion,Standard,Supplier A,Pune WH,15-01-2025,January,266,294,573,31,30,5693,10240,5867520,3.7,17,Out of Stock,No,-44
53734,Product 8252,Home,Special,Supplier C,Hyderabad WH,19-09-2025,September,336,87,388,27,23,8336,11001,4268388,3.8,19,In Stock,Yes,8
53735,Product 2651,Home,Basic,Supplier A,Pune WH,22-12-2025,December,123,413,602,33,135,3844,7128,4291056,3.3,5,Out of Stock,No,-99
53736,Product 6154,Beauty,Premium,Supplier C,Hyderabad WH,05-06-2025,June,637,153,594,36,31,276,7259,4311846,3.5,17,In Stock,Yes,160
53737,Product 3782,Sports,Special,Supplier A,Pune WH,28-08-2025,August,490,429,572,47,123,5175,6635,3795220,4,13,Low Stock,No,300
53738,Product 4539,Grocery,Basic,Supplier B,Delhi WH,12-01-2025,January,883,90,443,16,94,1835,12427,5505161,3.6,10,In Stock,No,514
53739,Product 5981,Electronics,Standard,Supplier C,Pune WH,12-04-2025,April,681,90,188,13,36,2896,978,183864,3.5,11,In Stock,No,570
53740,Product 7629,Home,Premium,Supplier E,Delhi WH,30-10-2025,October,552,248,362,35,38,1975,7113,2574906,3.6,12,In Stock,No,403
53741,Product 8179,Grocery,Premium,Supplier C,Mumbai WH,20-01-2025,January,202,184,513,45,76,6230,9237,4738581,4.1,15,Low Stock,No,-172
53742,Product 2125,Fashion,Basic,Supplier E,Bengaluru WH,25-02-2025,February,677,228,356,3,98,7744,2626,934856,3.8,6,In Stock,No,546
53743,Product 9675,Electronics,Basic,Supplier A,Pune WH,16-09-2025,September,576,114,274,13,46,7656,1015,278110,3.8,3,In Stock,No,403
53744,Product 9872,Beauty,Standard,Supplier B,Bengaluru WH,04-04-2025,April,177,79,500,49,61,3613,7284,3642000,3.9,14,Low Stock,Yes,-293
53745,Product 3002,Grocery,Basic,Supplier D,Hyderabad WH,22-12-2025,December,876,198,690,50,83,3987,4292,2961480,4.9,16,Low Stock,Yes,334
53746,Product 7375,Grocery,Basic,Supplier A,Bengaluru WH,10-08-2025,August,143,75,71,18,80,1267,10862,771202,3.5,11,Low Stock,No,129
53747,Product 2129,Grocery,Standard,Supplier C,Delhi WH,11-02-2025,February,466,138,487,5,60,2400,5699,2775413,2.6,2,Low Stock,No,112
53748,Product 6568,Sports,Premium,Supplier C,Hyderabad WH,07-11-2025,November,909,339,663,36,151,8556,1714,1136382,4,20,In Stock,No,549
53749,Product 4128,Beauty,Standard,Supplier B,Bengaluru WH,03-06-2025,June,772,181,0,11,83,9599,9782,0,4.4,16,Low Stock,Yes,942
53750,Product 8707,Grocery,Basic,Supplier B,Delhi WH,17-12-2025,December,849,92,84,0,145,8803,7355,617820,4.2,14,Low Stock,No,857
53751,Product 8534,Home,Standard,Supplier B,Mumbai WH,11-04-2025,April,973,465,384,11,24,1791,2614,1003776,4.7,18,Low Stock,No,1043
53752,Product 5997,Beauty,Special,Supplier E,Mumbai WH,27-11-2025,November,369,192,552,7,21,5599,10801,5962152,3.4,11,In Stock,Yes,2
53753,Product 9877,Grocery,Basic,Supplier B,Mumbai WH,25-12-2025,December,406,188,542,18,22,1457,11220,6081240,2.5,10,In Stock,Yes,34
53754,Product 7433,Home,Premium,Supplier B,Pune WH,27-01-2025,January,552,272,441,47,178,8349,4201,1852641,4.6,15,Low Stock,No,336
53755,Product 1350,Electronics,Standard,Supplier E,Mumbai WH,22-09-2025,September,732,362,379,33,152,2038,6783,2570757,4.5,15,In Stock,Yes,682
53756,Product 3865,Grocery,Special,Supplier E,Bengaluru WH,30-11-2025,November,482,456,484,34,114,4803,9887,4785308,3.4,3,In Stock,No,420
53757,Product 7517,Home,Basic,Supplier C,Delhi WH,22-04-2025,April,645,54,559,10,63,7725,9808,5482672,2.5,3,Low Stock,Yes,130
53758,Product 8777,Sports,Basic,Supplier D,Pune WH,27-04-2025,April,530,249,640,5,172,1738,14291,9146240,3.7,5,In Stock,No,134
53759,Product 7323,Home,Standard,Supplier B,Mumbai WH,19-03-2025,March,79,332,143,15,161,4187,11924,1705132,2.8,6,Low Stock,No,253
53760,Product 1968,Grocery,Special,Supplier D,Pune WH,02-10-2025,October,119,290,143,31,91,1464,6438,920634,3.5,9,In Stock,Yes,235
53761,Product 4280,Fashion,Special,Supplier B,Hyderabad WH,07-09-2025,September,70,180,26,32,122,8358,9361,243386,3.2,16,In Stock,Yes,192
53762,Product 2111,Beauty,Premium,Supplier D,Hyderabad WH,04-06-2025,June,414,469,216,50,139,1777,1970,425520,4,4,In Stock,No,617
53763,Product 6274,Home,Basic,Supplier B,Delhi WH,27-08-2025,August,854,337,242,44,99,3965,12506,3026452,4.6,16,In Stock,No,905
53764,Product 9347,Beauty,Standard,Supplier E,Delhi WH,29-12-2025,December,858,167,533,6,167,6715,8838,4710654,3.7,3,Low Stock,No,486
53765,Product 5527,Electronics,Basic,Supplier A,Pune WH,14-07-2025,July,428,78,35,2,24,6775,14639,512365,3.6,3,In Stock,Yes,469
53766,Product 8861,Electronics,Basic,Supplier C,Bengaluru WH,17-06-2025,June,900,116,460,30,139,5355,5714,2628440,3.9,7,In Stock,Yes,526
53767,Product 4665,Sports,Basic,Supplier E,Mumbai WH,04-07-2025,July,129,381,696,31,181,1754,7271,5060616,3.8,9,In Stock,No,-217
53768,Product 5149,Beauty,Standard,Supplier D,Pune WH,10-10-2025,October,248,380,645,3,34,6071,5381,3470745,3.6,18,In Stock,Yes,-20
53769,Product 4952,Grocery,Special,Supplier A,Hyderabad WH,20-10-2025,October,412,158,48,34,118,2404,9053,434544,2.9,15,In Stock,No,488
53770,Product 7713,Grocery,Basic,Supplier D,Hyderabad WH,31-01-2025,January,185,27,487,27,174,7801,2119,1031953,2.9,1,Low Stock,Yes,-302
53771,Product 4366,Sports,Premium,Supplier E,Pune WH,20-04-2025,April,125,176,644,12,128,6313,3237,2084628,5,7,In Stock,No,-355
53772,Product 8973,Fashion,Premium,Supplier A,Hyderabad WH,03-05-2025,May,104,431,644,14,199,2349,1682,1083208,3.7,18,Low Stock,No,-123
53773,Product 1039,Home,Basic,Supplier B,Mumbai WH,07-09-2025,September,192,429,351,19,165,7426,9444,3314844,2.5,12,In Stock,Yes,251
53774,Product 5353,Sports,Premium,Supplier C,Mumbai WH,04-04-2025,April,407,261,606,10,157,9213,10217,6191502,2.9,11,Low Stock,No,52
53775,Product 6891,Grocery,Basic,Supplier A,Pune WH,12-01-2025,January,728,274,556,14,136,7987,5567,3095252,4.5,19,Out of Stock,Yes,432
53776,Product 3550,Fashion,Basic,Supplier E,Hyderabad WH,09-08-2025,August,39,438,48,20,34,2621,14315,687120,2.8,14,In Stock,Yes,409
53777,Product 3393,Sports,Basic,Supplier E,Mumbai WH,28-07-2025,July,243,442,315,27,99,3559,850,267750,3.7,5,In Stock,No,343
53778,Product 8550,Fashion,Special,Supplier E,Hyderabad WH,09-08-2025,August,445,223,598,46,177,1771,6081,3636438,3.8,3,Out of Stock,Yes,24
53779,Product 5683,Grocery,Premium,Supplier C,Mumbai WH,27-06-2025,June,761,231,629,37,144,5970,8305,5223845,4.3,7,Low Stock,No,326
53780,Product 7413,Electronics,Special,Supplier A,Delhi WH,20-05-2025,May,270,399,699,39,193,2857,6551,4579149,3.5,1,Low Stock,No,-69
53781,Product 8519,Fashion,Premium,Supplier E,Bengaluru WH,21-05-2025,May,126,106,407,11,175,6722,5462,2223034,3,17,In Stock,No,-186
53782,Product 4728,Home,Standard,Supplier D,Mumbai WH,22-11-2025,November,232,18,310,17,60,811,13827,4286370,4.4,20,In Stock,No,-77
53783,Product 2723,Home,Basic,Supplier E,Hyderabad WH,21-12-2025,December,291,46,118,24,32,5161,3501,413118,4.5,14,Low Stock,No,195
53784,Product 5635,Electronics,Special,Supplier D,Hyderabad WH,09-07-2025,July,778,261,315,6,53,1755,1267,399105,4.9,14,In Stock,No,718
53785,Product 6056,Sports,Standard,Supplier A,Mumbai WH,02-10-2025,October,504,468,524,25,102,8378,8806,4614344,3.7,10,In Stock,No,423
53786,Product 1498,Grocery,Premium,Supplier B,Delhi WH,18-08-2025,August,280,410,423,30,134,390,11519,4872537,4.9,11,In Stock,Yes,237
53787,Product 2752,Electronics,Basic,Supplier A,Mumbai WH,24-06-2025,June,962,14,432,15,79,4248,8977,3878064,4.5,3,In Stock,No,529
53788,Product 2099,Fashion,Premium,Supplier C,Mumbai WH,22-02-2025,February,564,295,323,3,80,8437,10494,3389562,3.3,1,Low Stock,No,533
53789,Product 6822,Home,Basic,Supplier B,Hyderabad WH,15-04-2025,April,923,375,0,15,169,1882,2910,0,3.8,11,In Stock,Yes,1283
53790,Product 7662,Grocery,Premium,Supplier E,Mumbai WH,23-02-2025,February,835,228,52,8,182,8484,7285,378820,4.8,7,In Stock,No,1003
53791,Product 1696,Electronics,Standard,Supplier A,Pune WH,19-04-2025,April,262,195,601,46,133,9138,603,362403,2.9,19,Low Stock,No,-190
53792,Product 7053,Electronics,Special,Supplier D,Pune WH,10-05-2025,May,919,377,383,16,147,4391,14954,5727382,4.1,1,In Stock,No,897
53793,Product 5542,Sports,Special,Supplier E,Hyderabad WH,14-08-2025,August,157,400,548,19,23,767,7509,4114932,4.9,11,In Stock,Yes,-10
53794,Product 9418,Sports,Basic,Supplier B,Pune WH,12-06-2025,June,489,380,482,39,185,7703,14837,7151434,4,5,In Stock,Yes,348
53795,Product 6661,Beauty,Special,Supplier B,Bengaluru WH,20-05-2025,May,947,380,192,44,160,2148,14931,2866752,4,1,Low Stock,No,1091
53796,Product 5568,Grocery,Basic,Supplier E,Mumbai WH,30-04-2025,April,399,238,136,18,143,7340,12829,1744744,4,4,In Stock,No,483
53797,Product 8430,Beauty,Premium,Supplier D,Bengaluru WH,11-01-2025,January,365,388,346,44,55,6141,5378,1860788,4.5,14,In Stock,No,363
53798,Product 1254,Fashion,Basic,Supplier A,Mumbai WH,29-05-2025,May,642,419,196,23,147,2212,10626,2082696,3,19,Low Stock,No,842
53799,Product 7554,Beauty,Special,Supplier C,Delhi WH,26-09-2025,September,699,312,557,21,133,121,184,102488,4.8,9,In Stock,No,433
53800,Product 7767,Beauty,Premium,Supplier C,Pune WH,06-06-2025,June,123,311,604,18,155,8047,2308,1394032,4.4,20,Low Stock,No,-188
53801,Product 6023,Fashion,Basic,Supplier D,Delhi WH,26-10-2025,October,919,196,534,22,66,9785,11053,5902302,4,6,In Stock,Yes,559
53802,Product 8395,Beauty,Standard,Supplier D,Mumbai WH,06-01-2025,January,763,428,523,38,62,1139,6818,3565814,2.8,7,Out of Stock,No,630
53803,Product 6204,Grocery,Premium,Supplier C,Delhi WH,28-12-2025,December,370,330,587,50,52,3146,557,326959,2.8,13,In Stock,Yes,63
53804,Product 1656,Beauty,Standard,Supplier D,Delhi WH,26-12-2025,December,855,133,687,19,88,1046,8026,5513862,3.7,20,In Stock,No,282
53805,Product 9358,Grocery,Basic,Supplier D,Mumbai WH,20-02-2025,February,566,24,522,15,144,6724,9712,5069664,2.6,11,Out of Stock,No,53
53806,Product 8680,Beauty,Premium,Supplier A,Pune WH,04-01-2025,January,541,461,201,35,57,1709,1322,265722,3.8,18,In Stock,No,766
53807,Product 5495,Home,Basic,Supplier A,Pune WH,08-07-2025,July,685,184,11,29,23,7419,14488,159368,5,2,Low Stock,No,829
53808,Product 6477,Sports,Basic,Supplier C,Hyderabad WH,22-02-2025,February,271,73,407,19,197,1657,6212,2528284,3.4,8,In Stock,No,-82
53809,Product 8805,Home,Premium,Supplier D,Pune WH,25-12-2025,December,679,362,232,8,200,8240,12806,2970992,3,20,In Stock,No,801
53810,Product 6008,Grocery,Basic,Supplier C,Mumbai WH,14-04-2025,April,165,442,204,49,199,2793,9744,1987776,4.5,19,In Stock,No,354
53811,Product 1789,Home,Standard,Supplier E,Pune WH,02-08-2025,August,29,90,284,14,139,8732,8180,2323120,3,18,In Stock,No,-179
53812,Product 1014,Home,Special,Supplier D,Pune WH,06-06-2025,June,283,384,464,27,126,6465,14048,6518272,4.3,20,In Stock,No,176
53813,Product 5439,Home,Standard,Supplier A,Bengaluru WH,09-04-2025,April,945,257,568,5,110,8622,1706,969008,2.5,12,In Stock,No,629
53814,Product 5157,Home,Basic,Supplier D,Bengaluru WH,13-12-2025,December,99,419,251,20,33,2486,12893,3236143,3.7,4,Low Stock,No,247
53815,Product 3877,Fashion,Special,Supplier B,Hyderabad WH,17-09-2025,September,671,394,375,47,199,600,3246,1217250,3,2,In Stock,No,643
53816,Product 5261,Sports,Special,Supplier A,Mumbai WH,11-01-2025,January,920,69,287,47,91,9641,14419,4138253,4.3,15,Low Stock,Yes,655
53817,Product 7905,Home,Special,Supplier A,Delhi WH,07-06-2025,June,363,44,99,32,71,1986,13690,1355310,2.6,2,In Stock,No,276
53818,Product 3936,Home,Basic,Supplier B,Delhi WH,29-06-2025,June,79,470,566,26,22,7041,12560,7108960,3.6,19,In Stock,Yes,-43
53819,Product 8874,Electronics,Special,Supplier E,Mumbai WH,21-10-2025,October,247,164,147,32,78,2746,2013,295911,3.3,16,In Stock,No,232
53820,Product 9801,Home,Basic,Supplier D,Bengaluru WH,22-01-2025,January,649,498,630,11,30,9059,14083,8872290,2.5,18,In Stock,No,506
53821,Product 3782,Electronics,Standard,Supplier A,Hyderabad WH,13-01-2025,January,117,481,531,21,165,7007,10038,5330178,2.9,8,Out of Stock,Yes,46
53822,Product 9332,Grocery,Basic,Supplier D,Delhi WH,19-01-2025,January,188,472,545,29,122,9158,6821,3717445,4.7,14,Low Stock,No,86
53823,Product 6131,Electronics,Standard,Supplier E,Mumbai WH,22-03-2025,March,499,458,202,24,188,4490,5363,1083326,4.9,18,In Stock,No,731
53824,Product 7352,Home,Premium,Supplier D,Pune WH,04-05-2025,May,229,174,272,34,128,1572,5370,1460640,4.9,1,Low Stock,Yes,97
53825,Product 8555,Beauty,Basic,Supplier B,Bengaluru WH,23-04-2025,April,996,470,498,33,174,1629,13140,6543720,2.8,12,In Stock,Yes,935
53826,Product 9067,Grocery,Premium,Supplier A,Mumbai WH,04-11-2025,November,417,199,454,41,31,5446,8664,3933456,2.5,15,In Stock,Yes,121
53827,Product 3331,Beauty,Special,Supplier A,Mumbai WH,09-01-2025,January,534,151,255,33,167,6594,9524,2428620,3.8,1,Out of Stock,No,397
53828,Product 9948,Sports,Special,Supplier C,Pune WH,14-11-2025,November,963,65,463,47,83,9133,14889,6893607,2.9,18,In Stock,Yes,518
53829,Product 9590,Beauty,Basic,Supplier B,Mumbai WH,01-04-2025,April,958,271,510,18,63,8519,12529,6389790,4.4,1,Low Stock,No,701
53830,Product 1875,Sports,Basic,Supplier D,Mumbai WH,05-09-2025,September,608,123,152,35,187,4712,4207,639464,3.2,12,Low Stock,Yes,544
53831,Product 2153,Electronics,Basic,Supplier A,Hyderabad WH,06-06-2025,June,67,395,409,22,122,8744,12626,5164034,3.6,14,In Stock,No,31
53832,Product 7577,Fashion,Basic,Supplier D,Mumbai WH,29-01-2025,January,964,83,672,5,55,7011,124,83328,4.9,18,In Stock,Yes,370
53833,Product 3821,Sports,Premium,Supplier D,Bengaluru WH,07-06-2025,June,89,225,389,50,41,475,7733,3008137,3,20,In Stock,No,-125
53834,Product 3352,Sports,Special,Supplier D,Hyderabad WH,14-01-2025,January,849,450,211,36,144,1327,6476,1366436,3.2,19,In Stock,Yes,1052
53835,Product 2822,Fashion,Special,Supplier A,Mumbai WH,01-09-2025,September,783,58,72,33,52,6698,11276,811872,4.8,16,In Stock,No,736
53836,Product 2498,Fashion,Basic,Supplier A,Bengaluru WH,25-04-2025,April,648,46,23,30,136,5963,6686,153778,2.6,11,Low Stock,No,641
53837,Product 5394,Grocery,Special,Supplier E,Hyderabad WH,20-06-2025,June,755,462,610,9,138,4403,7301,4453610,3.4,7,Out of Stock,No,598
53838,Product 1378,Sports,Basic,Supplier E,Delhi WH,17-06-2025,June,208,131,303,47,152,2209,3347,1014141,3.9,3,In Stock,No,-11
53839,Product 5425,Sports,Special,Supplier A,Bengaluru WH,16-04-2025,April,34,395,8,1,135,1664,11682,93456,2.8,16,In Stock,No,420
53840,Product 8351,Home,Special,Supplier A,Mumbai WH,10-02-2025,February,563,395,640,48,188,4787,8075,5168000,2.7,6,Low Stock,No,270
53841,Product 5030,Electronics,Standard,Supplier A,Hyderabad WH,10-03-2025,March,505,120,84,36,199,8665,7318,614712,2.8,10,In Stock,No,505
53842,Product 2823,Fashion,Standard,Supplier E,Hyderabad WH,05-06-2025,June,676,42,425,9,120,3419,14993,6372025,3.5,11,In Stock,Yes,284
53843,Product 1620,Home,Special,Supplier D,Pune WH,11-03-2025,March,397,297,240,42,112,4911,966,231840,4.6,15,Low Stock,No,412
53844,Product 6759,Sports,Special,Supplier E,Mumbai WH,15-04-2025,April,999,141,692,44,177,2823,12442,8609864,2.9,15,In Stock,Yes,404
53845,Product 8506,Home,Special,Supplier B,Delhi WH,28-07-2025,July,306,278,509,10,135,623,4725,2405025,3.5,11,In Stock,No,65
53846,Product 8666,Grocery,Premium,Supplier A,Pune WH,04-01-2025,January,304,451,82,46,171,6049,2724,223368,4.8,5,In Stock,No,627
53847,Product 8417,Home,Basic,Supplier A,Pune WH,29-05-2025,May,166,75,129,40,165,7111,12089,1559481,3.7,19,Low Stock,No,72
53848,Product 3120,Fashion,Special,Supplier A,Delhi WH,12-10-2025,October,491,334,640,29,74,8429,5688,3640320,3.8,5,Out of Stock,No,156
53849,Product 8222,Grocery,Standard,Supplier B,Mumbai WH,02-06-2025,June,703,120,208,50,189,8002,4943,1028144,4.8,12,In Stock,No,565
53850,Product 8765,Grocery,Standard,Supplier E,Hyderabad WH,21-08-2025,August,204,313,25,45,49,5523,12792,319800,3.8,13,In Stock,Yes,447
53851,Product 7392,Fashion,Special,Supplier E,Hyderabad WH,07-07-2025,July,427,220,35,19,66,6274,12486,437010,3,8,In Stock,No,593
53852,Product 7624,Sports,Basic,Supplier D,Bengaluru WH,15-11-2025,November,606,420,167,18,72,7621,3163,528221,4.4,5,Low Stock,No,841
53853,Product 7213,Grocery,Standard,Supplier A,Bengaluru WH,20-11-2025,November,401,100,648,37,187,4155,6905,4474440,3.3,20,In Stock,No,-184
53854,Product 6322,Beauty,Standard,Supplier C,Hyderabad WH,16-09-2025,September,751,344,353,33,97,7205,10493,3704029,3.5,5,Low Stock,No,709
53855,Product 8039,Beauty,Special,Supplier B,Hyderabad WH,01-07-2025,July,490,351,109,3,61,659,6454,703486,3.1,8,In Stock,Yes,729
53856,Product 5435,Home,Standard,Supplier C,Bengaluru WH,18-02-2025,February,808,406,235,2,60,633,1904,447440,3.6,4,In Stock,No,977
53857,Product 9644,Grocery,Premium,Supplier E,Pune WH,15-02-2025,February,855,346,490,36,184,3068,3924,1922760,3.4,9,In Stock,Yes,675
53858,Product 6843,Home,Standard,Supplier A,Bengaluru WH,08-09-2025,September,222,247,603,18,53,1747,8667,5226201,3.1,12,In Stock,No,-152
53859,Product 4091,Beauty,Special,Supplier B,Pune WH,11-02-2025,February,64,313,11,8,78,665,6958,76538,4.7,6,In Stock,Yes,358
53860,Product 7303,Electronics,Special,Supplier C,Hyderabad WH,12-09-2025,September,55,286,292,18,65,4277,12127,3541084,4.9,2,Low Stock,No,31
53861,Product 4925,Grocery,Premium,Supplier B,Pune WH,30-12-2025,December,836,348,478,2,58,7744,4295,2053010,4.7,4,Low Stock,No,704
53862,Product 7464,Fashion,Special,Supplier A,Bengaluru WH,24-10-2025,October,629,235,309,41,120,6451,9578,2959602,2.8,1,In Stock,No,514
53863,Product 5795,Home,Special,Supplier B,Bengaluru WH,06-12-2025,December,851,289,7,43,168,4362,4509,31563,3.3,4,Low Stock,No,1090
53864,Product 3841,Sports,Special,Supplier D,Delhi WH,28-05-2025,May,874,31,622,3,116,9257,2392,1487824,3.7,1,In Stock,No,280
53865,Product 6597,Sports,Special,Supplier C,Bengaluru WH,12-11-2025,November,970,442,596,9,139,8754,1256,748576,4.2,16,In Stock,Yes,807
53866,Product 6981,Beauty,Basic,Supplier C,Mumbai WH,17-01-2025,January,473,359,161,40,111,7528,12857,2069977,2.7,2,In Stock,Yes,631
53867,Product 1833,Home,Special,Supplier D,Delhi WH,04-04-2025,April,841,495,408,28,187,3055,7964,3249312,4.7,17,In Stock,Yes,900
53868,Product 3316,Home,Premium,Supplier B,Mumbai WH,08-09-2025,September,41,18,251,39,55,1849,2352,590352,3.6,1,In Stock,Yes,-231
53869,Product 2928,Beauty,Basic,Supplier E,Hyderabad WH,17-04-2025,April,244,15,179,7,124,786,4011,717969,4.5,19,In Stock,No,73
53870,Product 4275,Home,Special,Supplier A,Pune WH,17-08-2025,August,494,124,540,5,197,3476,11625,6277500,4.5,4,Out of Stock,No,73
53871,Product 4844,Grocery,Standard,Supplier A,Bengaluru WH,27-12-2025,December,658,146,476,30,179,5148,1380,656880,3,20,In Stock,No,298
53872,Product 4249,Grocery,Special,Supplier E,Hyderabad WH,08-08-2025,August,511,179,624,50,46,8328,5959,3718416,4.9,7,Low Stock,No,16
53873,Product 4362,Grocery,Basic,Supplier E,Mumbai WH,03-08-2025,August,55,212,274,11,70,5263,10670,2923580,4,4,In Stock,No,-18
53874,Product 6102,Sports,Basic,Supplier E,Delhi WH,03-06-2025,June,373,83,349,3,134,8356,495,172755,3.2,15,Out of Stock,Yes,104
53875,Product 6090,Sports,Premium,Supplier C,Hyderabad WH,06-11-2025,November,562,27,374,9,150,4824,140,52360,2.8,15,In Stock,No,206
53876,Product 4770,Beauty,Standard,Supplier A,Hyderabad WH,26-12-2025,December,882,91,258,2,54,5860,9844,2539752,3.5,2,In Stock,Yes,713
53877,Product 9722,Grocery,Special,Supplier B,Bengaluru WH,07-06-2025,June,171,192,325,44,87,3457,1018,330850,4.1,3,In Stock,No,-6
53878,Product 7967,Home,Premium,Supplier C,Mumbai WH,31-07-2025,July,239,30,652,6,187,3343,12001,7824652,4.3,7,In Stock,No,-389
53879,Product 1248,Electronics,Basic,Supplier D,Mumbai WH,27-03-2025,March,889,6,578,27,55,6983,8590,4965020,2.8,11,In Stock,No,290
53880,Product 4239,Home,Special,Supplier B,Hyderabad WH,08-02-2025,February,497,311,658,23,180,8320,8327,5479166,2.7,10,Out of Stock,No,127
53881,Product 9793,Electronics,Standard,Supplier E,Mumbai WH,26-02-2025,February,146,363,368,49,116,7431,10145,3733360,2.5,17,In Stock,Yes,92
53882,Product 3057,Sports,Premium,Supplier C,Bengaluru WH,18-08-2025,August,556,207,333,24,125,4558,1195,397935,4,14,In Stock,Yes,406
53883,Product 4155,Electronics,Standard,Supplier B,Mumbai WH,15-11-2025,November,563,412,624,37,178,4748,4021,2509104,4.6,20,Low Stock,Yes,314
53884,Product 4950,Fashion,Standard,Supplier B,Mumbai WH,23-08-2025,August,844,425,446,31,117,4028,8853,3948438,3.1,17,Out of Stock,No,792
53885,Product 3093,Grocery,Premium,Supplier C,Mumbai WH,19-05-2025,May,875,389,639,30,99,1055,10389,6638571,2.9,19,In Stock,Yes,595
53886,Product 5744,Sports,Premium,Supplier B,Pune WH,03-02-2025,February,983,65,437,32,165,8884,14956,6535772,4,20,Out of Stock,No,579
53887,Product 6367,Grocery,Special,Supplier C,Mumbai WH,26-05-2025,May,945,13,699,10,24,8724,9709,6786591,3.9,20,In Stock,Yes,249
53888,Product 2980,Electronics,Standard,Supplier A,Delhi WH,19-07-2025,July,90,139,693,18,25,1841,7525,5214825,3.3,16,In Stock,No,-482
53889,Product 2517,Home,Special,Supplier D,Hyderabad WH,09-12-2025,December,310,240,73,35,90,1115,5783,422159,5,5,In Stock,No,442
53890,Product 4114,Beauty,Basic,Supplier C,Delhi WH,03-08-2025,August,881,384,472,9,23,4532,7860,3709920,4.7,7,Out of Stock,No,784
53891,Product 6538,Sports,Basic,Supplier D,Hyderabad WH,04-03-2025,March,386,74,60,39,190,144,4105,246300,4,4,Low Stock,No,361
53892,Product 1323,Electronics,Special,Supplier A,Delhi WH,29-12-2025,December,453,141,279,6,120,3915,13885,3873915,3.2,7,In Stock,No,309
53893,Product 5885,Beauty,Standard,Supplier B,Mumbai WH,10-05-2025,May,552,427,603,18,26,6625,14277,8609031,2.5,13,Out of Stock,No,358
53894,Product 4446,Electronics,Basic,Supplier D,Bengaluru WH,21-01-2025,January,307,251,359,20,174,5487,9138,3280542,2.7,13,In Stock,No,179
53895,Product 2360,Home,Basic,Supplier D,Bengaluru WH,17-10-2025,October,519,493,48,19,128,9275,7017,336816,4.7,1,In Stock,No,945
53896,Product 4164,Beauty,Basic,Supplier D,Delhi WH,30-11-2025,November,823,487,519,9,165,8150,14699,7628781,4.2,15,In Stock,No,782
53897,Product 5260,Home,Basic,Supplier E,Bengaluru WH,12-09-2025,September,711,159,660,33,122,1107,12336,8141760,4.9,5,In Stock,No,177
53898,Product 5017,Sports,Basic,Supplier A,Delhi WH,13-09-2025,September,838,0,352,17,63,8399,7400,2604800,2.9,13,Low Stock,No,469
53899,Product 1308,Home,Standard,Supplier A,Hyderabad WH,11-07-2025,July,341,157,336,8,85,2294,4954,1664544,4.8,16,In Stock,Yes,154
53900,Product 5953,Grocery,Basic,Supplier B,Delhi WH,27-03-2025,March,488,465,665,13,89,3844,11793,7842345,4.7,9,In Stock,No,275
53901,Product 1142,Electronics,Standard,Supplier D,Pune WH,25-10-2025,October,487,326,247,27,133,649,5013,1238211,4.1,9,In Stock,No,539
53902,Product 6979,Fashion,Standard,Supplier D,Delhi WH,17-06-2025,June,534,60,566,31,119,1112,13340,7550440,3.9,3,Low Stock,Yes,-3
53903,Product 3554,Electronics,Standard,Supplier C,Pune WH,30-03-2025,March,846,269,468,11,32,6548,11348,5310864,2.6,5,Low Stock,Yes,636
53904,Product 3807,Beauty,Special,Supplier A,Delhi WH,05-04-2025,April,491,300,436,31,92,2515,4688,2043968,4.1,10,In Stock,Yes,324
53905,Product 5692,Fashion,Basic,Supplier D,Delhi WH,15-05-2025,May,181,31,619,21,95,377,13187,8162753,4.3,13,In Stock,Yes,-428
53906,Product 5616,Fashion,Standard,Supplier C,Pune WH,20-01-2025,January,932,160,2,36,45,1760,9529,19058,4.4,20,In Stock,Yes,1054
53907,Product 5937,Electronics,Special,Supplier A,Pune WH,24-06-2025,June,307,63,692,28,69,8269,338,233896,4,12,In Stock,Yes,-350
53908,Product 6481,Beauty,Basic,Supplier C,Delhi WH,11-04-2025,April,795,255,589,7,83,7910,9485,5586665,3,1,In Stock,No,454
53909,Product 6431,Fashion,Standard,Supplier C,Delhi WH,25-08-2025,August,802,39,42,49,32,133,7748,325416,4.1,4,In Stock,Yes,750
53910,Product 1344,Electronics,Standard,Supplier C,Delhi WH,03-07-2025,July,136,244,112,40,55,5281,11316,1267392,3.8,13,In Stock,No,228
53911,Product 4504,Fashion,Premium,Supplier B,Hyderabad WH,15-01-2025,January,943,483,150,30,55,4114,584,87600,3.4,6,In Stock,No,1246
53912,Product 2494,Beauty,Premium,Supplier D,Mumbai WH,17-06-2025,June,196,287,365,50,37,133,6276,2290740,3.6,13,Out of Stock,Yes,68
53913,Product 1318,Home,Special,Supplier E,Delhi WH,15-01-2025,January,578,311,170,32,133,9960,12072,2052240,3.7,16,In Stock,No,687
53914,Product 4503,Home,Special,Supplier A,Hyderabad WH,18-12-2025,December,173,270,206,2,168,5199,11629,2395574,3.5,4,In Stock,No,235
53915,Product 8434,Electronics,Basic,Supplier B,Mumbai WH,10-07-2025,July,669,168,699,3,180,4475,6215,4344285,4.5,17,Low Stock,No,135
53916,Product 3141,Beauty,Special,Supplier D,Delhi WH,08-10-2025,October,199,401,410,15,134,5257,14502,5945820,4,12,In Stock,No,175
53917,Product 4533,Sports,Special,Supplier E,Pune WH,27-10-2025,October,478,426,305,3,44,9098,6517,1987685,4.9,7,In Stock,Yes,596
53918,Product 4229,Fashion,Standard,Supplier C,Delhi WH,01-06-2025,June,750,190,129,0,129,1099,10780,1390620,4,1,In Stock,No,811
53919,Product 8191,Electronics,Standard,Supplier B,Pune WH,14-05-2025,May,534,419,503,37,66,8109,3343,1681529,3.2,18,In Stock,No,413
53920,Product 6133,Sports,Premium,Supplier B,Delhi WH,12-09-2025,September,594,145,35,36,183,7659,4331,151585,2.8,9,In Stock,Yes,668
53921,Product 5827,Electronics,Special,Supplier A,Hyderabad WH,22-05-2025,May,148,222,72,46,77,6150,2290,164880,4,1,In Stock,Yes,252
53922,Product 1698,Grocery,Premium,Supplier D,Mumbai WH,07-02-2025,February,259,398,160,0,101,4593,2945,471200,3.9,5,In Stock,No,497
53923,Product 7245,Fashion,Standard,Supplier B,Bengaluru WH,06-06-2025,June,955,59,56,39,75,1732,8501,476056,3.6,5,Low Stock,No,919
53924,Product 7884,Home,Special,Supplier B,Delhi WH,09-12-2025,December,501,234,353,25,59,5758,1397,493141,4.1,17,In Stock,No,357
53925,Product 6631,Electronics,Basic,Supplier D,Bengaluru WH,27-01-2025,January,674,182,214,18,40,8375,7736,1655504,4.6,20,In Stock,No,624
53926,Product 9250,Grocery,Premium,Supplier B,Hyderabad WH,05-07-2025,July,948,369,466,49,36,6075,2698,1257268,5,11,Low Stock,Yes,802
53927,Product 6792,Grocery,Premium,Supplier E,Delhi WH,27-07-2025,July,179,458,65,50,46,4988,6683,434395,4.5,18,Out of Stock,Yes,522
53928,Product 1236,Sports,Standard,Supplier B,Delhi WH,26-03-2025,March,510,414,437,0,121,857,14316,6256092,3.3,3,In Stock,No,487
53929,Product 1712,Sports,Special,Supplier C,Delhi WH,09-03-2025,March,543,279,515,9,173,7851,14326,7377890,4.3,13,Out of Stock,No,298
53930,Product 8458,Beauty,Special,Supplier D,Pune WH,17-06-2025,June,555,125,183,33,117,1537,11311,2069913,4.5,9,In Stock,No,464
53931,Product 7575,Beauty,Standard,Supplier D,Bengaluru WH,14-02-2025,February,508,458,33,37,82,4290,926,30558,2.9,20,Low Stock,Yes,896
53932,Product 3881,Fashion,Basic,Supplier A,Delhi WH,30-09-2025,September,425,379,198,39,33,5974,13348,2642904,4.3,20,Low Stock,No,567
53933,Product 1240,Grocery,Basic,Supplier D,Pune WH,18-03-2025,March,504,29,376,49,95,1175,12352,4644352,4.5,10,In Stock,No,108
53934,Product 6899,Sports,Basic,Supplier E,Delhi WH,19-10-2025,October,550,353,57,20,87,4087,9088,518016,3.8,3,In Stock,No,826
53935,Product 9330,Beauty,Basic,Supplier E,Delhi WH,30-04-2025,April,784,242,660,1,88,7865,2869,1893540,4.7,15,In Stock,No,365
53936,Product 5690,Beauty,Premium,Supplier B,Bengaluru WH,25-11-2025,November,333,70,162,7,29,5310,14030,2272860,4.1,10,In Stock,No,234
53937,Product 6920,Beauty,Basic,Supplier B,Pune WH,25-06-2025,June,893,135,144,16,63,4622,2418,348192,4.1,12,In Stock,No,868
53938,Product 2952,Beauty,Standard,Supplier C,Hyderabad WH,11-05-2025,May,834,364,683,24,121,2946,461,314863,2.9,16,In Stock,No,491
53939,Product 8338,Home,Basic,Supplier C,Bengaluru WH,06-10-2025,October,327,212,109,33,58,4684,5525,602225,4.2,4,In Stock,No,397
53940,Product 5645,Electronics,Premium,Supplier A,Bengaluru WH,02-09-2025,September,653,434,401,14,125,4283,8288,3323488,3.7,1,In Stock,No,672
53941,Product 8677,Sports,Standard,Supplier D,Mumbai WH,23-02-2025,February,619,335,510,42,50,9976,7821,3988710,2.9,6,Low Stock,No,402
53942,Product 1365,Fashion,Basic,Supplier D,Hyderabad WH,24-06-2025,June,672,307,696,4,129,4389,11707,8148072,3.4,16,Low Stock,No,279
53943,Product 6531,Beauty,Standard,Supplier A,Mumbai WH,10-07-2025,July,547,245,334,43,112,3867,13609,4545406,3.3,11,Low Stock,Yes,415
53944,Product 5933,Sports,Special,Supplier C,Bengaluru WH,01-09-2025,September,195,120,535,40,72,4807,6584,3522440,4.8,9,In Stock,No,-260
53945,Product 1352,Fashion,Basic,Supplier B,Bengaluru WH,11-04-2025,April,806,399,219,26,46,7792,6251,1368969,2.7,1,In Stock,No,960
53946,Product 6755,Beauty,Basic,Supplier C,Delhi WH,15-04-2025,April,624,406,519,27,99,169,12748,6616212,2.5,1,In Stock,No,484
53947,Product 7482,Fashion,Premium,Supplier E,Hyderabad WH,11-02-2025,February,332,58,473,1,134,2584,331,156563,3.2,4,In Stock,No,-84
53948,Product 1893,Grocery,Premium,Supplier B,Hyderabad WH,25-05-2025,May,617,8,217,2,184,898,1492,323764,4.6,5,Low Stock,No,406
53949,Product 6441,Beauty,Premium,Supplier A,Delhi WH,08-08-2025,August,208,239,558,47,169,4604,6540,3649320,2.7,14,Low Stock,No,-158
53950,Product 4625,Fashion,Basic,Supplier D,Delhi WH,17-10-2025,October,61,325,21,26,43,542,9884,207564,4.8,17,Low Stock,No,339
53951,Product 7691,Beauty,Special,Supplier B,Hyderabad WH,15-08-2025,August,586,497,608,34,20,7688,1493,907744,4.4,5,In Stock,No,441
53952,Product 5590,Fashion,Standard,Supplier A,Mumbai WH,07-06-2025,June,318,337,691,25,56,6101,9493,6559663,5,9,In Stock,No,-61
53953,Product 1924,Sports,Standard,Supplier A,Bengaluru WH,06-10-2025,October,40,330,658,4,146,2617,4635,3049830,3.5,15,In Stock,No,-292
53954,Product 4433,Electronics,Standard,Supplier B,Delhi WH,03-09-2025,September,804,377,193,5,92,5336,11488,2217184,3.9,11,In Stock,No,983
53955,Product 6467,Grocery,Special,Supplier E,Mumbai WH,22-06-2025,June,799,325,236,19,35,9784,6803,1605508,3.2,10,In Stock,No,869
53956,Product 1894,Grocery,Standard,Supplier D,Bengaluru WH,15-10-2025,October,54,337,411,33,58,2533,2525,1037775,4.4,7,In Stock,No,-53
53957,Product 4623,Home,Special,Supplier B,Mumbai WH,17-01-2025,January,796,355,196,35,168,900,7313,1433348,2.9,9,In Stock,No,920
53958,Product 7113,Beauty,Premium,Supplier D,Delhi WH,21-04-2025,April,349,407,511,34,154,4663,11013,5627643,4.1,7,In Stock,No,211
53959,Product 5964,Fashion,Special,Supplier C,Hyderabad WH,14-06-2025,June,872,299,423,0,48,8508,12483,5280309,4.8,19,In Stock,Yes,748
53960,Product 9141,Home,Special,Supplier C,Hyderabad WH,15-04-2025,April,461,309,45,27,37,9654,9242,415890,5,2,Low Stock,No,698
53961,Product 1211,Sports,Standard,Supplier A,Bengaluru WH,25-02-2025,February,448,40,396,42,67,1505,6064,2401344,4.3,11,In Stock,No,50
53962,Product 9644,Home,Standard,Supplier B,Delhi WH,08-10-2025,October,807,280,315,23,135,4639,2676,842940,4.8,1,In Stock,No,749
53963,Product 9090,Grocery,Basic,Supplier C,Bengaluru WH,12-08-2025,August,253,211,578,10,137,4919,4090,2364020,2.6,15,Low Stock,No,-124
53964,Product 3824,Sports,Special,Supplier D,Pune WH,05-02-2025,February,691,322,33,4,114,9732,9085,299805,4.5,9,In Stock,Yes,976
53965,Product 6926,Fashion,Premium,Supplier D,Bengaluru WH,21-07-2025,July,289,4,316,37,134,1168,2274,718584,4.6,7,Low Stock,No,-60
53966,Product 6801,Sports,Special,Supplier B,Pune WH,21-12-2025,December,270,239,179,2,180,8301,7919,1417501,4.3,8,Low Stock,No,328
53967,Product 1490,Grocery,Special,Supplier D,Mumbai WH,14-11-2025,November,20,463,115,41,195,3653,10761,1237515,4.1,10,In Stock,No,327
53968,Product 3675,Home,Basic,Supplier C,Bengaluru WH,20-11-2025,November,39,477,440,20,111,3882,12262,5395280,4.5,14,Low Stock,No,56
53969,Product 4860,Home,Standard,Supplier E,Delhi WH,11-03-2025,March,294,485,366,1,165,811,3519,1287954,3.3,20,Low Stock,Yes,412
53970,Product 1921,Beauty,Basic,Supplier D,Mumbai WH,26-09-2025,September,354,345,121,44,194,9911,13722,1660362,2.8,6,Low Stock,No,534
53971,Product 7906,Sports,Basic,Supplier A,Delhi WH,03-12-2025,December,106,469,576,34,123,8111,335,192960,2.7,12,In Stock,No,-35
53972,Product 1833,Electronics,Special,Supplier A,Delhi WH,27-06-2025,June,485,217,103,24,68,6457,12502,1287706,4.9,9,Low Stock,No,575
53973,Product 9964,Beauty,Basic,Supplier C,Mumbai WH,24-02-2025,February,874,76,339,22,34,5464,9768,3311352,3.9,14,Low Stock,No,589
53974,Product 2604,Home,Standard,Supplier B,Delhi WH,08-01-2025,January,176,232,558,5,160,2129,3813,2127654,4.2,9,Low Stock,No,-155
53975,Product 1511,Beauty,Premium,Supplier A,Delhi WH,16-09-2025,September,372,73,94,11,84,820,5630,529220,3.1,9,Low Stock,No,340
53976,Product 7472,Grocery,Basic,Supplier A,Mumbai WH,22-07-2025,July,307,85,417,44,83,3027,1631,680127,4.4,5,Low Stock,No,-69
53977,Product 1028,Grocery,Basic,Supplier A,Hyderabad WH,24-02-2025,February,725,348,64,39,185,707,14301,915264,4.9,8,Low Stock,No,970
53978,Product 6403,Electronics,Basic,Supplier B,Delhi WH,28-02-2025,February,372,285,467,35,51,1276,2699,1260433,3.3,19,Low Stock,No,155
53979,Product 9352,Home,Special,Supplier E,Hyderabad WH,14-12-2025,December,523,44,423,31,130,9787,3590,1518570,4.6,1,In Stock,No,113
53980,Product 4017,Home,Premium,Supplier B,Pune WH,28-02-2025,February,97,314,221,0,79,2170,1239,273819,4.4,17,Low Stock,Yes,190
53981,Product 9863,Fashion,Special,Supplier E,Hyderabad WH,07-11-2025,November,565,371,673,37,163,3720,6455,4344215,3.4,19,In Stock,No,226
53982,Product 1233,Beauty,Special,Supplier B,Hyderabad WH,01-04-2025,April,662,237,368,12,136,6172,2250,828000,4.7,15,In Stock,No,519
53983,Product 2495,Beauty,Premium,Supplier C,Pune WH,28-10-2025,October,108,37,166,46,198,2073,12130,2013580,2.7,10,Low Stock,Yes,-67
53984,Product 4917,Beauty,Special,Supplier B,Delhi WH,07-03-2025,March,793,430,166,0,68,6621,2984,495344,3,13,In Stock,No,1057
53985,Product 4475,Home,Standard,Supplier E,Pune WH,14-04-2025,April,435,309,225,14,65,9562,706,158850,3.9,4,In Stock,Yes,505
53986,Product 5646,Electronics,Basic,Supplier B,Mumbai WH,13-09-2025,September,915,44,401,50,105,9131,7597,3046397,2.6,8,In Stock,No,508
53987,Product 4423,Sports,Basic,Supplier D,Hyderabad WH,28-06-2025,June,471,463,466,40,77,3215,12521,5834786,3.1,11,In Stock,No,428
53988,Product 2913,Sports,Standard,Supplier C,Delhi WH,08-07-2025,July,648,0,250,50,41,4965,10546,2636500,3,20,In Stock,No,348
53989,Product 9366,Home,Basic,Supplier E,Bengaluru WH,08-08-2025,August,381,42,531,3,157,979,14474,7685694,3.1,14,In Stock,No,-111
53990,Product 7399,Electronics,Premium,Supplier A,Pune WH,21-04-2025,April,355,237,550,26,173,9593,4991,2745050,4.2,10,In Stock,No,16
53991,Product 8101,Home,Premium,Supplier C,Hyderabad WH,21-04-2025,April,64,367,184,23,106,2304,13652,2511968,3.8,4,Low Stock,No,224
53992,Product 2124,Fashion,Special,Supplier C,Pune WH,01-11-2025,November,940,292,464,20,146,5172,2081,965584,5,4,In Stock,No,748
53993,Product 4772,Beauty,Basic,Supplier C,Mumbai WH,16-06-2025,June,764,433,668,8,37,3139,1462,976616,2.7,5,Low Stock,Yes,521
53994,Product 7781,Beauty,Premium,Supplier B,Mumbai WH,26-11-2025,November,355,437,390,16,86,2389,578,225420,4.4,7,Low Stock,No,386
53995,Product 7003,Beauty,Special,Supplier A,Hyderabad WH,05-01-2025,January,481,354,314,8,67,5798,977,306778,3.5,9,Out of Stock,No,513
53996,Product 6197,Beauty,Special,Supplier D,Delhi WH,22-05-2025,May,634,129,48,35,21,4260,12991,623568,3.1,17,In Stock,No,680
53997,Product 6307,Grocery,Basic,Supplier B,Delhi WH,13-04-2025,April,439,51,558,38,72,3563,2238,1248804,4.5,15,Out of Stock,No,-106
53998,Product 5730,Fashion,Standard,Supplier A,Hyderabad WH,07-10-2025,October,277,107,557,38,185,6007,1700,946900,3.8,16,In Stock,No,-211
53999,Product 7190,Beauty,Standard,Supplier B,Delhi WH,27-08-2025,August,38,385,505,2,30,9600,2909,1469045,3.1,1,In Stock,No,-84
54000,Product 7138,Electronics,Special,Supplier A,Hyderabad WH,22-05-2025,May,376,178,147,21,156,3628,5223,767781,4.2,13,In Stock,No,386
54001,Product 3396,Beauty,Special,Supplier C,Mumbai WH,04-04-2025,April,900,200,325,16,83,5432,11822,3842150,4.4,3,In Stock,No,759
54002,Product 2916,Beauty,Premium,Supplier D,Mumbai WH,14-03-2025,March,209,164,511,4,92,4940,3425,1750175,5,2,In Stock,No,-142
54003,Product 7253,Sports,Special,Supplier E,Pune WH,20-10-2025,October,198,464,163,25,151,7353,11416,1860808,3,10,Low Stock,No,474
54004,Product 3631,Fashion,Special,Supplier C,Hyderabad WH,22-12-2025,December,618,450,670,26,56,9454,7746,5189820,2.9,8,In Stock,No,372
54005,Product 9424,Sports,Standard,Supplier D,Hyderabad WH,27-05-2025,May,78,34,267,10,175,9614,11296,3016032,3.7,13,In Stock,Yes,-165
54006,Product 9139,Home,Premium,Supplier E,Bengaluru WH,23-04-2025,April,468,85,173,38,137,7134,11999,2075827,4,3,Low Stock,No,342
54007,Product 6032,Sports,Standard,Supplier D,Delhi WH,20-01-2025,January,342,475,442,5,185,9351,10622,4694924,4.6,17,In Stock,Yes,370
54008,Product 2218,Grocery,Basic,Supplier B,Pune WH,18-09-2025,September,88,145,609,41,103,993,12147,7397523,2.9,2,In Stock,Yes,-417
54009,Product 6612,Electronics,Standard,Supplier C,Pune WH,10-06-2025,June,698,285,198,4,100,3849,11541,2285118,2.6,5,In Stock,No,781
54010,Product 3147,Electronics,Premium,Supplier A,Mumbai WH,27-06-2025,June,78,115,655,47,170,4065,9319,6103945,4.7,17,Out of Stock,No,-509
54011,Product 2334,Grocery,Special,Supplier A,Pune WH,01-07-2025,July,833,30,648,25,40,5361,9072,5878656,4.4,4,In Stock,Yes,190
54012,Product 4333,Fashion,Standard,Supplier E,Bengaluru WH,09-04-2025,April,709,344,544,9,34,1829,6879,3742176,4.7,1,Low Stock,Yes,500
54013,Product 8803,Beauty,Special,Supplier D,Hyderabad WH,30-06-2025,June,187,90,118,38,37,8620,4008,472944,4.6,19,In Stock,No,121
54014,Product 7498,Fashion,Premium,Supplier D,Bengaluru WH,08-01-2025,January,677,133,605,26,70,9052,8663,5241115,4.7,12,Low Stock,Yes,179
54015,Product 8742,Electronics,Special,Supplier D,Delhi WH,07-12-2025,December,975,186,517,38,46,7579,5787,2991879,2.5,3,Out of Stock,Yes,606
54016,Product 4489,Beauty,Special,Supplier C,Hyderabad WH,01-09-2025,September,937,446,63,10,100,4310,1139,71757,3.1,12,In Stock,No,1310
54017,Product 8391,Electronics,Standard,Supplier E,Hyderabad WH,05-11-2025,November,955,83,3,31,114,8638,12351,37053,2.8,5,In Stock,No,1004
54018,Product 3525,Grocery,Standard,Supplier A,Bengaluru WH,11-03-2025,March,673,190,67,6,182,6742,2985,199995,4.5,6,Low Stock,No,790
54019,Product 6263,Fashion,Premium,Supplier D,Mumbai WH,29-03-2025,March,961,41,285,50,92,8925,1190,339150,4.7,20,In Stock,Yes,667
54020,Product 8208,Sports,Special,Supplier A,Mumbai WH,22-07-2025,July,307,467,551,35,20,1072,13994,7710694,4.2,10,In Stock,No,188
54021,Product 2878,Beauty,Basic,Supplier D,Mumbai WH,28-03-2025,March,101,50,93,16,170,6261,1140,106020,3.2,17,In Stock,Yes,42
54022,Product 8123,Home,Standard,Supplier A,Hyderabad WH,24-12-2025,December,932,361,457,8,35,3157,4743,2167551,4.6,13,In Stock,No,828
54023,Product 5548,Fashion,Standard,Supplier E,Hyderabad WH,25-02-2025,February,862,332,397,3,143,631,3395,1347815,4.9,18,In Stock,No,794
54024,Product 9749,Sports,Special,Supplier B,Pune WH,03-07-2025,July,907,332,264,12,182,1445,5911,1560504,3.9,13,In Stock,Yes,963
54025,Product 3708,Beauty,Basic,Supplier A,Delhi WH,08-01-2025,January,27,319,115,14,158,343,9909,1139535,4.8,19,In Stock,No,217
54026,Product 5690,Grocery,Special,Supplier C,Pune WH,22-05-2025,May,903,343,624,40,197,4184,9771,6097104,3.8,19,Low Stock,No,582
54027,Product 1497,Home,Special,Supplier D,Pune WH,02-08-2025,August,867,232,51,33,133,605,4114,209814,3,17,Out of Stock,No,1015
54028,Product 4655,Electronics,Standard,Supplier A,Delhi WH,03-11-2025,November,168,462,479,5,34,4761,10177,4874783,3,7,In Stock,Yes,146
54029,Product 7206,Home,Standard,Supplier C,Delhi WH,04-03-2025,March,286,300,510,0,69,3257,2526,1288260,4.4,19,Low Stock,Yes,76
54030,Product 6004,Home,Premium,Supplier D,Mumbai WH,22-11-2025,November,278,339,507,10,171,651,12142,6155994,4.1,20,In Stock,No,100
54031,Product 6025,Fashion,Special,Supplier B,Delhi WH,12-04-2025,April,776,406,696,4,75,155,9342,6502032,4.8,1,Low Stock,No,482
54032,Product 6741,Home,Basic,Supplier B,Mumbai WH,14-01-2025,January,92,299,68,24,148,8366,14799,1006332,4.8,13,In Stock,No,299
54033,Product 3069,Beauty,Basic,Supplier E,Mumbai WH,13-04-2025,April,829,120,95,2,178,9274,647,61465,4.6,7,In Stock,No,852
54034,Product 7195,Grocery,Standard,Supplier A,Pune WH,27-11-2025,November,520,413,420,32,31,5015,5937,2493540,4.6,20,In Stock,Yes,481
54035,Product 8389,Electronics,Special,Supplier A,Delhi WH,23-07-2025,July,234,58,231,45,98,5658,5517,1274427,4.8,11,In Stock,No,16
54036,Product 8768,Beauty,Special,Supplier A,Hyderabad WH,17-07-2025,July,560,149,151,1,119,8220,4328,653528,4.8,8,In Stock,No,557
54037,Product 4778,Electronics,Premium,Supplier D,Bengaluru WH,24-11-2025,November,556,425,200,34,154,4163,3222,644400,2.8,9,Low Stock,No,747
54038,Product 6180,Beauty,Premium,Supplier D,Hyderabad WH,17-01-2025,January,826,84,587,7,62,2456,4004,2350348,4.3,19,In Stock,No,316
54039,Product 2934,Fashion,Special,Supplier D,Hyderabad WH,05-03-2025,March,903,55,246,19,176,3836,2768,680928,4.7,7,Low Stock,Yes,693
54040,Product 5610,Sports,Basic,Supplier A,Bengaluru WH,28-05-2025,May,555,174,68,9,165,3806,9424,640832,3.4,16,In Stock,No,652
54041,Product 9264,Electronics,Standard,Supplier C,Hyderabad WH,03-12-2025,December,565,131,260,18,31,3966,12517,3254420,4.9,8,In Stock,No,418
54042,Product 9560,Grocery,Premium,Supplier B,Hyderabad WH,23-05-2025,May,192,67,19,49,195,2451,3937,74803,4.1,14,Low Stock,No,191
54043,Product 6768,Grocery,Basic,Supplier D,Bengaluru WH,21-04-2025,April,147,113,644,34,89,3163,1470,946680,2.8,2,Out of Stock,No,-418
54044,Product 6772,Electronics,Special,Supplier E,Delhi WH,19-02-2025,February,407,458,170,28,90,5160,6494,1103980,4.5,5,Low Stock,No,667
54045,Product 6148,Fashion,Basic,Supplier A,Delhi WH,03-02-2025,February,852,32,387,50,128,3741,8871,3433077,3.1,5,In Stock,No,447
54046,Product 6678,Sports,Standard,Supplier A,Bengaluru WH,15-05-2025,May,263,85,690,25,178,8720,13693,9448170,3,12,In Stock,No,-367
54047,Product 7043,Sports,Basic,Supplier C,Pune WH,11-03-2025,March,606,227,142,27,146,2965,11102,1576484,2.9,11,In Stock,No,664
54048,Product 4934,Beauty,Premium,Supplier A,Bengaluru WH,21-10-2025,October,276,386,42,33,141,8153,12708,533736,3.6,8,In Stock,Yes,587
54049,Product 1349,Grocery,Basic,Supplier B,Bengaluru WH,16-08-2025,August,86,232,84,47,132,630,13739,1154076,4.8,1,Out of Stock,No,187
54050,Product 6358,Electronics,Special,Supplier A,Mumbai WH,09-11-2025,November,417,201,201,36,183,9747,3772,758172,3.9,19,In Stock,No,381
54051,Product 3104,Grocery,Basic,Supplier C,Bengaluru WH,20-12-2025,December,954,198,148,32,143,2397,3391,501868,3.1,13,In Stock,Yes,972
54052,Product 2304,Fashion,Standard,Supplier C,Hyderabad WH,27-03-2025,March,411,113,634,15,196,4422,4187,2654558,2.9,18,Low Stock,No,-125
54053,Product 8223,Beauty,Special,Supplier B,Bengaluru WH,19-02-2025,February,701,319,573,31,43,261,14793,8476389,3.9,1,Low Stock,No,416
54054,Product 2079,Sports,Special,Supplier E,Hyderabad WH,19-06-2025,June,220,450,477,49,30,8517,3166,1510182,4.7,10,In Stock,No,144
54055,Product 4567,Sports,Standard,Supplier D,Bengaluru WH,24-02-2025,February,756,474,663,21,56,1791,1763,1168869,4.1,18,Low Stock,Yes,546
54056,Product 7203,Home,Premium,Supplier E,Mumbai WH,20-08-2025,August,313,8,671,36,69,3977,7176,4815096,4.7,2,Out of Stock,No,-386
54057,Product 3222,Sports,Premium,Supplier A,Mumbai WH,16-09-2025,September,655,253,475,44,74,8095,4739,2251025,4.9,5,In Stock,Yes,389
54058,Product 9057,Beauty,Basic,Supplier D,Pune WH,05-12-2025,December,776,264,609,36,69,3935,2388,1454292,3,13,In Stock,No,395
54059,Product 2330,Electronics,Special,Supplier A,Hyderabad WH,27-01-2025,January,101,384,94,28,86,9302,11019,1035786,2.8,11,Low Stock,No,363
54060,Product 7344,Home,Standard,Supplier A,Delhi WH,31-03-2025,March,831,14,450,47,38,6689,5861,2637450,4,11,In Stock,No,348
54061,Product 2781,Home,Premium,Supplier E,Hyderabad WH,18-10-2025,October,441,442,326,4,104,7280,14225,4637350,3.3,9,Low Stock,Yes,553
54062,Product 8376,Fashion,Special,Supplier C,Mumbai WH,14-11-2025,November,615,82,209,46,137,9089,3665,765985,4.4,14,Out of Stock,No,442
54063,Product 2957,Sports,Special,Supplier C,Pune WH,30-03-2025,March,81,88,602,1,95,1631,132,79464,3.3,10,In Stock,Yes,-434
54064,Product 3246,Fashion,Standard,Supplier B,Mumbai WH,24-07-2025,July,989,33,51,17,130,2473,4574,233274,4.2,12,In Stock,No,954
54065,Product 2818,Home,Basic,Supplier D,Pune WH,18-11-2025,November,194,303,459,10,190,1632,1305,598995,2.7,10,Out of Stock,No,28
54066,Product 2358,Beauty,Premium,Supplier D,Delhi WH,27-10-2025,October,361,44,343,9,58,3643,3083,1057469,3.2,15,Low Stock,Yes,53
54067,Product 4350,Fashion,Standard,Supplier B,Delhi WH,10-10-2025,October,440,124,74,30,154,8250,1123,83102,4.7,17,In Stock,Yes,460
54068,Product 9398,Fashion,Basic,Supplier A,Bengaluru WH,18-03-2025,March,659,311,49,43,68,623,2959,144991,3.3,9,In Stock,No,878
54069,Product 3862,Electronics,Premium,Supplier B,Hyderabad WH,15-02-2025,February,580,171,30,19,146,1634,11663,349890,2.6,16,Low Stock,No,702
54070,Product 6614,Grocery,Special,Supplier D,Pune WH,25-11-2025,November,168,96,235,15,158,6909,13272,3118920,4.1,9,Low Stock,No,14
54071,Product 1840,Fashion,Standard,Supplier D,Hyderabad WH,09-02-2025,February,691,124,7,39,107,9307,12926,90482,4.3,14,In Stock,No,769
54072,Product 8569,Beauty,Special,Supplier B,Pune WH,12-01-2025,January,590,204,432,19,87,9534,10173,4394736,3.1,9,In Stock,Yes,343
54073,Product 6512,Home,Standard,Supplier D,Hyderabad WH,15-07-2025,July,132,385,55,17,189,9707,10821,595155,4.6,20,In Stock,No,445
54074,Product 2608,Sports,Premium,Supplier A,Bengaluru WH,18-05-2025,May,501,283,169,24,87,9063,12551,2121119,2.6,4,In Stock,No,591
54075,Product 2207,Grocery,Basic,Supplier A,Mumbai WH,17-08-2025,August,291,372,420,20,154,1221,14824,6226080,3,2,In Stock,No,223
54076,Product 5819,Electronics,Standard,Supplier E,Bengaluru WH,05-04-2025,April,199,309,497,24,25,155,5661,2813517,4.3,11,In Stock,No,-13
54077,Product 9725,Grocery,Basic,Supplier A,Delhi WH,18-07-2025,July,374,334,121,6,156,3482,1795,217195,3.5,18,Out of Stock,No,581
54078,Product 1445,Beauty,Basic,Supplier D,Pune WH,18-08-2025,August,390,62,405,12,132,1617,3123,1264815,4.1,2,Low Stock,No,35
54079,Product 4018,Electronics,Premium,Supplier D,Mumbai WH,12-01-2025,January,919,118,350,22,187,8602,9519,3331650,5,4,Low Stock,No,665
54080,Product 7669,Grocery,Standard,Supplier C,Bengaluru WH,17-05-2025,May,367,150,127,18,94,8180,1559,197993,2.8,10,Low Stock,No,372
54081,Product 1761,Beauty,Standard,Supplier D,Bengaluru WH,04-01-2025,January,759,288,63,34,133,4815,2227,140301,3.4,2,In Stock,No,950
54082,Product 6949,Grocery,Standard,Supplier D,Mumbai WH,18-11-2025,November,809,459,547,36,109,3882,1341,733527,2.5,15,In Stock,Yes,685
54083,Product 9199,Beauty,Premium,Supplier A,Bengaluru WH,07-07-2025,July,975,284,469,47,124,3455,2650,1242850,4,14,Out of Stock,No,743
54084,Product 2793,Sports,Special,Supplier D,Delhi WH,05-12-2025,December,198,71,235,28,178,8357,9846,2313810,2.5,18,In Stock,No,6
54085,Product 6942,Electronics,Standard,Supplier A,Pune WH,20-03-2025,March,809,283,696,47,129,9458,1477,1027992,3,12,Low Stock,No,349
54086,Product 2846,Grocery,Basic,Supplier A,Bengaluru WH,11-03-2025,March,389,358,135,14,118,4642,7485,1010475,3.9,17,Low Stock,No,598
54087,Product 9534,Beauty,Basic,Supplier B,Delhi WH,04-03-2025,March,426,101,38,4,97,3756,9438,358644,3.1,8,In Stock,No,485
54088,Product 9193,Home,Special,Supplier C,Bengaluru WH,10-09-2025,September,193,207,304,34,36,2306,8739,2656656,4.6,4,Out of Stock,No,62
54089,Product 2406,Home,Special,Supplier C,Delhi WH,24-10-2025,October,897,43,671,25,38,354,912,611952,4,2,Out of Stock,No,244
54090,Product 7477,Electronics,Premium,Supplier D,Hyderabad WH,16-03-2025,March,659,57,570,18,33,2604,1746,995220,4.2,12,Out of Stock,No,128
54091,Product 1206,Fashion,Premium,Supplier E,Hyderabad WH,26-03-2025,March,767,116,375,5,79,805,1770,663750,4.1,1,Low Stock,No,503
54092,Product 9605,Home,Basic,Supplier A,Mumbai WH,17-07-2025,July,231,463,26,21,53,9293,3415,88790,3.5,19,In Stock,Yes,647
54093,Product 8988,Electronics,Premium,Supplier B,Delhi WH,19-09-2025,September,184,391,624,11,110,8569,2433,1518192,4.1,1,In Stock,No,-60
54094,Product 8093,Grocery,Premium,Supplier A,Mumbai WH,10-04-2025,April,791,363,405,40,42,651,13052,5286060,3.8,8,Low Stock,Yes,709
54095,Product 8977,Grocery,Basic,Supplier B,Delhi WH,04-08-2025,August,652,15,190,28,166,639,12003,2280570,3.5,15,In Stock,No,449
54096,Product 1476,Grocery,Premium,Supplier A,Delhi WH,03-02-2025,February,456,175,450,38,163,9176,9859,4436550,3.7,6,In Stock,Yes,143
54097,Product 6300,Fashion,Special,Supplier B,Bengaluru WH,03-02-2025,February,691,70,16,35,58,7420,12038,192608,4.1,10,In Stock,Yes,710
54098,Product 7810,Grocery,Special,Supplier D,Hyderabad WH,26-04-2025,April,234,500,208,16,176,2638,9773,2032784,4.6,20,In Stock,No,510
54099,Product 2758,Sports,Basic,Supplier A,Hyderabad WH,27-07-2025,July,147,319,576,26,195,695,12388,7135488,3.9,7,Low Stock,No,-136
54100,Product 9581,Electronics,Premium,Supplier D,Mumbai WH,29-05-2025,May,351,68,135,31,97,9853,8374,1130490,2.6,18,In Stock,No,253
54101,Product 8156,Beauty,Standard,Supplier C,Delhi WH,17-01-2025,January,599,259,216,11,139,2522,685,147960,3.8,5,Low Stock,No,631
54102,Product 3841,Fashion,Standard,Supplier E,Mumbai WH,13-12-2025,December,97,41,153,38,106,9123,14462,2212686,3.1,8,In Stock,No,-53
54103,Product 9245,Electronics,Special,Supplier A,Mumbai WH,21-06-2025,June,643,170,476,19,169,7661,7352,3499552,4.6,13,In Stock,No,318
54104,Product 8924,Sports,Basic,Supplier E,Hyderabad WH,04-03-2025,March,263,435,414,25,155,5112,9570,3961980,2.6,13,In Stock,Yes,259
54105,Product 7263,Sports,Standard,Supplier B,Hyderabad WH,28-11-2025,November,44,65,506,21,144,377,4687,2371622,3.5,7,Low Stock,Yes,-418
54106,Product 1184,Grocery,Premium,Supplier C,Mumbai WH,30-08-2025,August,597,120,39,14,185,7378,5636,219804,4.8,14,In Stock,Yes,664
54107,Product 5802,Fashion,Standard,Supplier E,Bengaluru WH,16-01-2025,January,859,287,112,36,82,9575,10484,1174208,4.6,15,Out of Stock,No,998
54108,Product 4324,Grocery,Special,Supplier B,Hyderabad WH,08-10-2025,October,287,18,326,2,125,9994,10052,3276952,4.9,14,In Stock,No,-23
54109,Product 7274,Electronics,Standard,Supplier A,Hyderabad WH,30-06-2025,June,430,45,691,26,71,718,8025,5545275,3.5,7,In Stock,No,-242
54110,Product 2685,Beauty,Premium,Supplier B,Mumbai WH,17-07-2025,July,693,244,643,47,134,7817,7529,4841147,2.8,14,Low Stock,No,247
54111,Product 1334,Home,Standard,Supplier B,Delhi WH,26-03-2025,March,479,337,231,16,140,6592,7436,1717716,4,5,In Stock,No,569
54112,Product 3042,Home,Basic,Supplier D,Pune WH,01-07-2025,July,653,15,234,15,129,9395,4346,1016964,2.8,17,Low Stock,Yes,419
54113,Product 2731,Sports,Special,Supplier E,Hyderabad WH,10-11-2025,November,25,399,280,28,148,1138,2298,643440,3.4,10,Low Stock,No,116
54114,Product 2621,Sports,Standard,Supplier C,Pune WH,08-09-2025,September,413,197,517,11,126,3436,11007,5690619,3.1,17,Out of Stock,No,82
54115,Product 9901,Home,Premium,Supplier B,Bengaluru WH,01-11-2025,November,455,374,618,49,189,9100,5309,3280962,3.3,17,In Stock,No,162
54116,Product 7600,Grocery,Standard,Supplier E,Bengaluru WH,27-03-2025,March,316,118,546,25,166,1982,10030,5476380,2.7,2,In Stock,Yes,-137
54117,Product 2469,Grocery,Special,Supplier E,Bengaluru WH,27-02-2025,February,952,410,444,50,56,4715,2045,907980,3.3,7,In Stock,Yes,868
54118,Product 8337,Fashion,Special,Supplier B,Bengaluru WH,07-07-2025,July,503,466,552,26,170,677,8762,4836624,2.7,17,Low Stock,Yes,391
54119,Product 9835,Home,Premium,Supplier E,Pune WH,08-08-2025,August,875,369,622,16,179,2194,8685,5402070,3.8,17,Low Stock,Yes,606
54120,Product 9273,Electronics,Premium,Supplier C,Delhi WH,09-11-2025,November,863,429,86,21,101,2142,10379,892594,2.6,1,In Stock,No,1185
54121,Product 4416,Sports,Basic,Supplier E,Hyderabad WH,26-07-2025,July,268,110,412,31,197,1409,13055,5378660,3.8,12,In Stock,No,-65
54122,Product 1279,Electronics,Premium,Supplier B,Hyderabad WH,28-11-2025,November,429,402,284,20,72,4116,8604,2443536,2.7,12,In Stock,No,527
54123,Product 1308,Fashion,Special,Supplier C,Pune WH,30-04-2025,April,719,402,144,30,66,7154,4762,685728,4.7,2,In Stock,No,947
54124,Product 1727,Beauty,Premium,Supplier A,Pune WH,04-04-2025,April,487,46,226,11,184,7372,4230,955980,3.4,18,In Stock,No,296
54125,Product 1161,Sports,Standard,Supplier E,Delhi WH,21-09-2025,September,706,67,115,3,189,3603,8705,1001075,3.5,1,In Stock,No,655
54126,Product 5116,Grocery,Premium,Supplier C,Delhi WH,27-03-2025,March,563,185,445,1,108,9604,13738,6113410,4.6,4,Low Stock,Yes,302
54127,Product 9835,Sports,Special,Supplier E,Mumbai WH,01-03-2025,March,704,442,228,17,152,4623,13651,3112428,3.4,18,In Stock,Yes,901
54128,Product 4285,Grocery,Basic,Supplier C,Hyderabad WH,10-09-2025,September,240,152,178,7,121,2546,2937,522786,4,14,Low Stock,No,207
54129,Product 7592,Home,Premium,Supplier D,Hyderabad WH,19-06-2025,June,338,454,123,2,92,7249,2479,304917,3.9,3,Out of Stock,Yes,667
54130,Product 3617,Electronics,Basic,Supplier B,Pune WH,30-11-2025,November,221,275,586,37,37,8369,2614,1531804,4.3,11,In Stock,No,-127
54131,Product 8309,Grocery,Premium,Supplier A,Delhi WH,28-11-2025,November,478,429,478,45,124,3824,2259,1079802,5,8,In Stock,No,384
54132,Product 4426,Beauty,Premium,Supplier B,Mumbai WH,04-10-2025,October,961,30,335,40,28,972,10655,3569425,4.8,13,In Stock,No,616
54133,Product 3868,Beauty,Special,Supplier A,Mumbai WH,07-10-2025,October,644,175,572,16,98,6524,3357,1920204,3.4,10,Low Stock,No,231
54134,Product 1000,Beauty,Basic,Supplier D,Mumbai WH,01-08-2025,August,871,378,189,12,103,4185,10226,1932714,4.2,3,In Stock,Yes,1048
54135,Product 8178,Beauty,Premium,Supplier C,Delhi WH,08-01-2025,January,607,145,538,11,195,7949,7767,4178646,3.9,1,In Stock,No,203
54136,Product 9334,Sports,Basic,Supplier A,Hyderabad WH,24-05-2025,May,438,29,70,0,87,2543,13685,957950,4.6,5,Low Stock,No,397
54137,Product 7875,Beauty,Standard,Supplier A,Delhi WH,08-08-2025,August,429,46,550,47,75,9970,732,402600,3.4,2,In Stock,Yes,-122
54138,Product 7367,Sports,Standard,Supplier A,Bengaluru WH,16-01-2025,January,92,187,387,37,61,9390,13441,5201667,3.3,15,In Stock,No,-145
54139,Product 9675,Electronics,Standard,Supplier B,Bengaluru WH,04-01-2025,January,318,329,121,36,154,1043,1403,169763,2.6,17,In Stock,No,490
54140,Product 1034,Sports,Premium,Supplier E,Delhi WH,20-02-2025,February,274,423,550,11,134,3598,6070,3338500,3.3,20,Low Stock,Yes,136
54141,Product 3968,Fashion,Special,Supplier D,Mumbai WH,03-03-2025,March,400,162,178,18,137,3079,1364,242792,2.5,11,Low Stock,Yes,366
54142,Product 7507,Beauty,Premium,Supplier B,Delhi WH,24-07-2025,July,171,192,541,19,60,2356,9262,5010742,3.4,6,In Stock,No,-197
54143,Product 6684,Beauty,Premium,Supplier A,Delhi WH,02-03-2025,March,851,500,58,26,191,785,13973,810434,3.4,12,In Stock,No,1267
54144,Product 4694,Beauty,Special,Supplier C,Delhi WH,09-01-2025,January,999,97,326,49,183,2609,212,69112,3.6,8,In Stock,No,721
54145,Product 8332,Fashion,Premium,Supplier C,Pune WH,18-09-2025,September,362,218,689,43,115,68,8187,5640843,2.9,16,In Stock,No,-152
54146,Product 9938,Grocery,Premium,Supplier E,Pune WH,25-07-2025,July,190,417,501,30,28,125,328,164328,3.7,4,Low Stock,No,76
54147,Product 7296,Sports,Basic,Supplier A,Hyderabad WH,16-12-2025,December,206,349,54,40,80,8402,10009,540486,4.7,8,In Stock,Yes,461
54148,Product 6436,Beauty,Premium,Supplier D,Bengaluru WH,30-11-2025,November,917,10,207,11,167,7875,7790,1612530,4.5,9,In Stock,No,709
54149,Product 4266,Sports,Special,Supplier C,Bengaluru WH,08-11-2025,November,708,4,504,30,56,5879,9149,4611096,3.5,11,In Stock,No,178
54150,Product 8507,Sports,Special,Supplier A,Bengaluru WH,04-09-2025,September,162,227,206,16,126,2394,4057,835742,4.1,18,In Stock,No,167
54151,Product 6546,Electronics,Basic,Supplier B,Mumbai WH,07-09-2025,September,748,107,316,7,20,8542,12144,3837504,4.9,13,Low Stock,No,532
54152,Product 6364,Electronics,Special,Supplier A,Hyderabad WH,14-04-2025,April,784,414,144,4,83,9158,10062,1448928,2.7,8,Low Stock,No,1050
54153,Product 6270,Grocery,Special,Supplier E,Pune WH,28-08-2025,August,327,10,436,45,64,7338,3141,1369476,5,2,In Stock,No,-144
54154,Product 4825,Home,Special,Supplier E,Pune WH,30-12-2025,December,90,389,223,14,52,7451,5069,1130387,4.7,8,In Stock,Yes,242
54155,Product 7238,Beauty,Standard,Supplier D,Mumbai WH,19-08-2025,August,649,210,194,9,78,434,6876,1333944,4.4,10,In Stock,No,656
54156,Product 8157,Beauty,Premium,Supplier B,Bengaluru WH,19-10-2025,October,376,134,367,13,119,3499,10916,4006172,4.8,9,In Stock,Yes,130
54157,Product 3024,Home,Premium,Supplier A,Pune WH,20-02-2025,February,862,319,456,18,111,9037,7052,3215712,3.1,17,Out of Stock,No,707
54158,Product 9917,Home,Standard,Supplier C,Hyderabad WH,11-10-2025,October,576,450,400,47,200,652,5166,2066400,3.4,18,In Stock,Yes,579
54159,Product 3702,Grocery,Premium,Supplier A,Bengaluru WH,27-08-2025,August,392,71,497,21,154,9049,6925,3441725,4.4,5,In Stock,No,-55
54160,Product 1996,Fashion,Special,Supplier D,Mumbai WH,28-04-2025,April,579,444,489,34,61,1252,6819,3334491,3.1,14,In Stock,Yes,500
54161,Product 6340,Fashion,Premium,Supplier B,Mumbai WH,29-05-2025,May,495,414,313,30,131,8702,8226,2574738,4.3,17,In Stock,Yes,566
54162,Product 7827,Home,Standard,Supplier E,Delhi WH,22-07-2025,July,395,445,344,13,30,4287,13877,4773688,4.4,5,Low Stock,No,483
54163,Product 4865,Home,Basic,Supplier D,Hyderabad WH,16-04-2025,April,505,185,615,13,178,8965,12112,7448880,4.9,13,In Stock,No,62
54164,Product 9916,Fashion,Standard,Supplier A,Pune WH,10-06-2025,June,625,254,428,2,147,4923,5889,2520492,4.7,5,Low Stock,No,449
54165,Product 6662,Beauty,Premium,Supplier A,Delhi WH,14-06-2025,June,134,226,237,44,29,4277,13281,3147597,2.8,17,Low Stock,No,79
54166,Product 1184,Beauty,Basic,Supplier B,Mumbai WH,22-05-2025,May,260,421,438,35,109,7573,11587,5075106,3.6,2,In Stock,No,208
54167,Product 5669,Grocery,Standard,Supplier E,Delhi WH,06-11-2025,November,113,253,693,46,189,6486,11611,8046423,4.6,3,In Stock,Yes,-373
54168,Product 6173,Home,Basic,Supplier D,Mumbai WH,16-04-2025,April,662,338,180,25,75,3537,9785,1761300,3.6,1,In Stock,No,795
54169,Product 3945,Beauty,Premium,Supplier B,Mumbai WH,14-11-2025,November,570,443,132,22,62,2693,4114,543048,4.7,20,In Stock,No,859
54170,Product 5719,Fashion,Premium,Supplier B,Pune WH,16-09-2025,September,723,254,327,11,180,3955,9086,2971122,2.5,2,In Stock,Yes,639
54171,Product 8739,Beauty,Special,Supplier B,Delhi WH,28-10-2025,October,397,168,585,28,70,538,8943,5231655,3.4,18,Low Stock,No,-48
54172,Product 1360,Fashion,Basic,Supplier B,Hyderabad WH,28-12-2025,December,856,93,346,28,112,4748,7499,2594654,2.5,6,Low Stock,No,575
54173,Product 2677,Home,Premium,Supplier A,Pune WH,08-11-2025,November,187,455,292,50,187,7267,5599,1634908,2.9,4,In Stock,No,300
54174,Product 6328,Fashion,Premium,Supplier A,Delhi WH,11-12-2025,December,524,357,624,48,145,7076,14058,8772192,4.7,13,In Stock,Yes,209
54175,Product 5949,Beauty,Standard,Supplier C,Delhi WH,22-11-2025,November,236,427,572,24,122,4038,3024,1729728,2.6,12,In Stock,Yes,67
54176,Product 7654,Sports,Standard,Supplier E,Pune WH,21-08-2025,August,221,442,570,38,36,5169,8627,4917390,4.1,10,In Stock,No,55
54177,Product 3519,Home,Basic,Supplier E,Bengaluru WH,30-03-2025,March,80,378,72,15,159,4937,430,30960,2.9,16,In Stock,No,371
54178,Product 4947,Fashion,Basic,Supplier B,Bengaluru WH,14-10-2025,October,881,256,486,37,39,4887,11252,5468472,3.3,2,In Stock,No,614
54179,Product 6704,Beauty,Premium,Supplier B,Pune WH,12-07-2025,July,559,463,219,26,125,9400,10870,2380530,2.6,5,In Stock,No,777
54180,Product 2094,Fashion,Standard,Supplier C,Pune WH,11-05-2025,May,279,447,362,36,125,143,2533,916946,4.7,10,In Stock,No,328
54181,Product 2740,Beauty,Basic,Supplier D,Delhi WH,06-04-2025,April,705,457,167,17,27,9069,3823,638441,3,2,Out of Stock,No,978
54182,Product 8584,Beauty,Special,Supplier B,Bengaluru WH,16-12-2025,December,601,143,651,15,109,8495,2181,1419831,2.9,14,In Stock,No,78
54183,Product 2811,Grocery,Basic,Supplier A,Hyderabad WH,08-09-2025,September,702,116,533,34,51,6342,1289,687037,3.9,9,Low Stock,Yes,251
54184,Product 9334,Home,Premium,Supplier A,Delhi WH,15-07-2025,July,445,279,159,48,39,3685,13133,2088147,4.9,7,In Stock,No,517
54185,Product 4125,Electronics,Standard,Supplier D,Bengaluru WH,20-07-2025,July,454,394,464,7,97,4477,13775,6391600,4,15,In Stock,No,377
54186,Product 4556,Grocery,Special,Supplier B,Pune WH,01-05-2025,May,55,387,581,25,182,6561,2470,1435070,4.6,15,In Stock,No,-164
54187,Product 2900,Beauty,Special,Supplier E,Delhi WH,18-07-2025,July,658,301,601,23,93,3399,9889,5943289,4.5,5,Low Stock,Yes,335
54188,Product 8851,Grocery,Special,Supplier A,Mumbai WH,22-06-2025,June,330,43,421,10,137,8897,6179,2601359,3.3,12,In Stock,No,-58
54189,Product 5067,Grocery,Standard,Supplier A,Bengaluru WH,28-09-2025,September,924,312,18,44,51,4715,552,9936,3.4,3,In Stock,No,1174
54190,Product 2412,Fashion,Basic,Supplier D,Bengaluru WH,26-02-2025,February,503,199,126,48,50,872,14723,1855098,3.4,7,Low Stock,No,528
54191,Product 5083,Sports,Basic,Supplier C,Mumbai WH,26-02-2025,February,222,115,29,48,26,5907,8936,259144,3.4,5,In Stock,No,260
54192,Product 4373,Beauty,Premium,Supplier B,Delhi WH,05-08-2025,August,140,238,660,45,185,8734,4683,3090780,3.3,14,In Stock,Yes,-327
54193,Product 4554,Electronics,Premium,Supplier E,Hyderabad WH,21-04-2025,April,551,20,316,46,143,3715,1038,328008,4.4,18,In Stock,No,209
54194,Product 6631,Beauty,Special,Supplier D,Bengaluru WH,11-01-2025,January,207,467,43,33,152,4486,7231,310933,4.2,12,In Stock,Yes,598
54195,Product 3212,Home,Special,Supplier D,Pune WH,23-09-2025,September,692,128,266,24,187,3090,4191,1114806,2.7,8,Low Stock,Yes,530
54196,Product 7543,Electronics,Standard,Supplier B,Bengaluru WH,12-08-2025,August,393,147,235,11,197,4419,3568,838480,2.7,16,In Stock,Yes,294
54197,Product 6405,Sports,Standard,Supplier C,Bengaluru WH,23-02-2025,February,210,310,112,41,47,8658,2885,323120,3.6,14,Out of Stock,Yes,367
54198,Product 2698,Beauty,Basic,Supplier D,Mumbai WH,06-06-2025,June,58,298,591,1,135,4766,11624,6869784,4,5,Low Stock,No,-236
54199,Product 9744,Electronics,Basic,Supplier B,Delhi WH,23-05-2025,May,821,55,446,38,37,336,1506,671676,3,17,Low Stock,No,392
54200,Product 2746,Sports,Special,Supplier A,Bengaluru WH,06-08-2025,August,848,330,592,30,176,2907,11964,7082688,2.6,7,In Stock,No,556
54201,Product 1646,Sports,Standard,Supplier E,Pune WH,21-10-2025,October,532,160,141,30,92,6942,1326,186966,2.6,6,Out of Stock,No,521
54202,Product 2851,Sports,Special,Supplier E,Pune WH,15-01-2025,January,507,229,211,9,85,183,3620,763820,4.1,1,Low Stock,No,516
54203,Product 7980,Fashion,Basic,Supplier B,Mumbai WH,10-10-2025,October,532,250,97,9,62,3338,14845,1439965,4.2,9,Low Stock,Yes,676
54204,Product 8687,Grocery,Premium,Supplier D,Pune WH,20-10-2025,October,643,184,687,16,25,8210,7239,4973193,2.8,1,Out of Stock,No,124
54205,Product 6948,Fashion,Premium,Supplier E,Pune WH,29-01-2025,January,838,323,348,13,28,9470,13872,4827456,2.8,4,In Stock,No,800
54206,Product 4050,Grocery,Premium,Supplier C,Mumbai WH,27-01-2025,January,899,0,498,44,97,5583,11244,5599512,4.4,10,In Stock,Yes,357
54207,Product 5138,Beauty,Premium,Supplier D,Bengaluru WH,19-06-2025,June,587,326,447,13,28,5147,13590,6074730,2.8,5,In Stock,No,453
54208,Product 5879,Home,Standard,Supplier B,Hyderabad WH,01-02-2025,February,863,500,639,48,71,2111,203,129717,4.5,17,Low Stock,No,676
54209,Product 2829,Fashion,Standard,Supplier C,Bengaluru WH,25-09-2025,September,633,428,253,37,102,1479,4613,1167089,4.8,2,In Stock,No,771
54210,Product 6507,Beauty,Standard,Supplier C,Pune WH,01-01-2025,January,353,202,540,21,179,9866,7221,3899340,4.5,14,In Stock,No,-6
54211,Product 1379,Beauty,Standard,Supplier A,Mumbai WH,09-04-2025,April,298,269,126,23,141,4462,12389,1561014,2.9,10,In Stock,No,418
54212,Product 8282,Home,Standard,Supplier D,Delhi WH,20-05-2025,May,757,386,629,14,189,1530,14254,8965766,4.6,1,In Stock,No,500
54213,Product 5890,Sports,Special,Supplier A,Hyderabad WH,18-01-2025,January,395,204,194,24,166,515,1433,278002,4.3,3,In Stock,No,381
54214,Product 4808,Beauty,Premium,Supplier D,Pune WH,07-09-2025,September,67,98,294,16,108,3226,8199,2410506,3.3,6,In Stock,No,-145
54215,Product 9476,Beauty,Basic,Supplier C,Mumbai WH,24-07-2025,July,298,6,135,40,136,9009,1068,144180,4.3,1,Out of Stock,Yes,129
54216,Product 7824,Electronics,Standard,Supplier A,Bengaluru WH,21-06-2025,June,812,330,56,24,51,1183,10975,614600,2.7,18,Out of Stock,No,1062
54217,Product 2067,Home,Basic,Supplier D,Delhi WH,07-12-2025,December,419,383,139,14,79,8994,620,86180,3.2,11,Out of Stock,Yes,649
54218,Product 7070,Grocery,Premium,Supplier D,Hyderabad WH,22-01-2025,January,570,101,246,0,106,1873,11738,2887548,4.7,5,In Stock,No,425
54219,Product 8176,Sports,Standard,Supplier D,Hyderabad WH,17-01-2025,January,595,324,264,8,50,8137,14291,3772824,2.7,4,In Stock,No,647
54220,Product 3825,Beauty,Standard,Supplier E,Delhi WH,06-11-2025,November,154,70,457,50,191,765,8993,4109801,4.1,12,In Stock,Yes,-283
54221,Product 3737,Home,Basic,Supplier C,Hyderabad WH,29-04-2025,April,520,390,193,43,38,1285,11458,2211394,4.4,16,Low Stock,No,674
54222,Product 1958,Grocery,Special,Supplier B,Hyderabad WH,05-05-2025,May,961,402,280,32,138,481,13050,3654000,3.5,4,In Stock,No,1051
54223,Product 2045,Home,Standard,Supplier D,Pune WH,11-11-2025,November,788,427,115,10,57,224,8551,983365,3.9,12,Low Stock,Yes,1090
54224,Product 2129,Fashion,Special,Supplier E,Bengaluru WH,25-01-2025,January,850,102,466,15,152,166,10569,4925154,3.9,3,In Stock,No,471
54225,Product 3830,Grocery,Premium,Supplier E,Hyderabad WH,07-12-2025,December,809,201,435,19,137,326,8692,3781020,4.3,19,Low Stock,Yes,556
54226,Product 5210,Sports,Basic,Supplier E,Bengaluru WH,29-09-2025,September,584,265,348,20,149,9763,14546,5062008,2.7,17,Low Stock,No,481
54227,Product 6226,Electronics,Basic,Supplier C,Delhi WH,17-03-2025,March,28,106,531,45,141,2006,5186,2753766,3.4,17,In Stock,No,-442
54228,Product 7563,Electronics,Basic,Supplier D,Bengaluru WH,12-02-2025,February,511,314,595,16,133,4354,7196,4281620,2.6,18,In Stock,No,214
54229,Product 4641,Home,Premium,Supplier E,Hyderabad WH,18-08-2025,August,156,61,312,34,161,8132,8488,2648256,3.7,14,In Stock,No,-129
54230,Product 9401,Sports,Standard,Supplier D,Hyderabad WH,22-06-2025,June,825,275,102,28,163,9919,14099,1438098,3.7,13,Out of Stock,No,970
54231,Product 3425,Electronics,Basic,Supplier C,Pune WH,11-12-2025,December,260,482,292,22,105,6678,6746,1969832,4,1,Low Stock,Yes,428
54232,Product 7750,Electronics,Standard,Supplier A,Hyderabad WH,15-10-2025,October,65,355,33,8,91,554,2975,98175,4.9,16,In Stock,Yes,379
54233,Product 1761,Sports,Special,Supplier A,Hyderabad WH,29-06-2025,June,574,456,47,46,172,7126,6435,302445,3.4,12,Out of Stock,No,937
54234,Product 7128,Grocery,Standard,Supplier D,Pune WH,04-08-2025,August,926,6,312,5,99,3745,379,118248,3.6,10,Low Stock,No,615
54235,Product 9364,Sports,Basic,Supplier E,Hyderabad WH,24-10-2025,October,505,140,274,42,179,2226,6463,1770862,3.8,10,In Stock,Yes,329
54236,Product 9956,Beauty,Special,Supplier A,Hyderabad WH,13-09-2025,September,947,384,656,45,96,4251,4934,3236704,4.7,17,In Stock,No,630
54237,Product 5364,Grocery,Special,Supplier D,Mumbai WH,18-09-2025,September,258,263,513,9,95,2498,2256,1157328,4.6,13,Out of Stock,Yes,-1
54238,Product 1679,Beauty,Standard,Supplier B,Delhi WH,25-07-2025,July,804,216,330,22,194,7199,1425,470250,3.6,10,In Stock,No,668
54239,Product 8269,Beauty,Premium,Supplier C,Hyderabad WH,10-09-2025,September,167,94,389,37,63,5002,1464,569496,3.8,16,In Stock,Yes,-165
54240,Product 9578,Electronics,Special,Supplier B,Bengaluru WH,08-08-2025,August,685,114,102,4,60,4807,6475,660450,3.7,7,Low Stock,No,693
54241,Product 9476,Home,Standard,Supplier D,Pune WH,03-09-2025,September,452,79,107,47,187,3372,4301,460207,3.6,20,Out of Stock,No,377
54242,Product 5669,Grocery,Special,Supplier A,Hyderabad WH,28-04-2025,April,343,191,228,30,192,1805,14560,3319680,3.4,13,Low Stock,No,276
54243,Product 4281,Beauty,Special,Supplier A,Pune WH,31-10-2025,October,432,474,620,2,158,7074,13088,8114560,4.9,19,In Stock,No,284
54244,Product 4939,Sports,Basic,Supplier C,Bengaluru WH,11-06-2025,June,554,28,107,34,160,7455,7959,851613,4.8,5,In Stock,No,441
54245,Product 5745,Electronics,Basic,Supplier D,Pune WH,04-09-2025,September,341,254,128,24,41,1450,7724,988672,4.2,17,In Stock,Yes,443
54246,Product 7350,Sports,Special,Supplier E,Pune WH,25-07-2025,July,128,24,692,15,176,8988,12975,8978700,3.8,3,In Stock,No,-555
54247,Product 4100,Beauty,Special,Supplier B,Hyderabad WH,01-01-2025,January,726,10,353,49,192,5359,6723,2373219,3.9,16,Low Stock,No,334
54248,Product 2480,Electronics,Basic,Supplier C,Pune WH,01-05-2025,May,578,54,332,22,24,5416,1314,436248,4.5,4,In Stock,No,278
54249,Product 1480,Grocery,Standard,Supplier A,Bengaluru WH,11-01-2025,January,627,308,635,39,198,397,6872,4363720,3.1,13,In Stock,No,261
54250,Product 1641,Home,Premium,Supplier A,Delhi WH,19-02-2025,February,841,253,399,31,121,3003,1006,401394,2.6,16,Low Stock,No,664
54251,Product 6395,Fashion,Basic,Supplier B,Pune WH,26-06-2025,June,336,338,34,18,114,8615,6349,215866,4.8,13,In Stock,No,622
54252,Product 4491,Grocery,Standard,Supplier D,Bengaluru WH,15-04-2025,April,778,288,473,6,179,8265,9048,4279704,2.7,18,In Stock,No,587
54253,Product 8391,Sports,Basic,Supplier C,Hyderabad WH,05-09-2025,September,985,192,346,32,73,5037,13231,4577926,4.7,19,In Stock,Yes,799
54254,Product 3447,Electronics,Premium,Supplier A,Bengaluru WH,25-07-2025,July,38,218,672,20,99,812,10876,7308672,5,10,Out of Stock,Yes,-436
54255,Product 1598,Sports,Basic,Supplier E,Bengaluru WH,06-01-2025,January,443,300,191,6,165,5463,10313,1969783,4.9,10,In Stock,No,546
54256,Product 4311,Home,Basic,Supplier A,Delhi WH,28-01-2025,January,879,276,441,12,91,5315,1447,638127,4,7,In Stock,No,702
54257,Product 2992,Home,Premium,Supplier E,Delhi WH,07-01-2025,January,716,345,144,30,188,691,13446,1936224,4.2,7,Low Stock,No,887
54258,Product 8375,Fashion,Premium,Supplier C,Bengaluru WH,10-08-2025,August,124,157,555,15,100,2146,3946,2190030,3.4,13,Low Stock,No,-289
54259,Product 9982,Electronics,Premium,Supplier D,Pune WH,08-03-2025,March,621,217,470,47,189,717,14790,6951300,4.3,11,In Stock,No,321
54260,Product 5995,Grocery,Basic,Supplier B,Bengaluru WH,21-10-2025,October,856,246,292,49,184,9672,9566,2793272,3.1,1,In Stock,No,761
54261,Product 3170,Grocery,Standard,Supplier E,Delhi WH,09-03-2025,March,584,33,473,5,133,7271,12359,5845807,4.5,9,In Stock,No,139
54262,Product 5512,Home,Basic,Supplier B,Bengaluru WH,19-10-2025,October,771,444,229,10,56,4270,1716,392964,2.8,19,In Stock,No,976
54263,Product 7199,Grocery,Basic,Supplier A,Pune WH,27-02-2025,February,585,89,56,24,123,2620,10054,563024,3.8,11,Low Stock,No,594
54264,Product 3824,Home,Basic,Supplier E,Bengaluru WH,10-08-2025,August,57,87,2,9,76,9623,3881,7762,2.5,20,Out of Stock,No,133
54265,Product 8258,Grocery,Standard,Supplier E,Bengaluru WH,30-10-2025,October,220,238,582,8,129,7308,7759,4515738,5,10,In Stock,No,-132
54266,Product 2524,Beauty,Premium,Supplier A,Mumbai WH,01-02-2025,February,707,144,72,13,40,4763,2012,144864,4.5,10,In Stock,No,766
54267,Product 7299,Grocery,Basic,Supplier A,Bengaluru WH,11-05-2025,May,914,311,438,1,51,8722,13467,5898546,4.6,13,In Stock,No,786
54268,Product 7246,Beauty,Standard,Supplier E,Mumbai WH,18-03-2025,March,701,344,22,41,46,2918,9248,203456,4.4,11,In Stock,Yes,982
54269,Product 1878,Home,Special,Supplier D,Hyderabad WH,19-07-2025,July,67,29,168,19,90,575,6535,1097880,3.8,14,In Stock,No,-91
54270,Product 7975,Grocery,Standard,Supplier E,Bengaluru WH,20-01-2025,January,803,229,373,17,54,7723,8264,3082472,3.7,5,In Stock,No,642
54271,Product 4895,Electronics,Standard,Supplier B,Hyderabad WH,31-12-2025,December,490,50,109,0,51,1145,13003,1417327,2.6,6,In Stock,No,431
54272,Product 3865,Home,Standard,Supplier E,Delhi WH,17-11-2025,November,189,408,328,9,161,7801,2465,808520,3.6,8,In Stock,No,260
54273,Product 7896,Fashion,Basic,Supplier B,Bengaluru WH,01-08-2025,August,611,377,668,39,114,6340,2763,1845684,3.3,12,In Stock,No,281
54274,Product 3064,Beauty,Premium,Supplier A,Delhi WH,27-05-2025,May,302,191,672,4,154,6392,13796,9270912,3.5,14,Low Stock,Yes,-183
54275,Product 6980,Home,Special,Supplier D,Delhi WH,10-04-2025,April,420,409,622,27,189,9061,6882,4280604,3.7,11,In Stock,No,180
54276,Product 2930,Home,Premium,Supplier E,Hyderabad WH,16-12-2025,December,960,291,446,9,126,1948,4030,1797380,3.5,17,Out of Stock,No,796
54277,Product 8376,Home,Basic,Supplier B,Bengaluru WH,10-09-2025,September,650,72,54,47,185,4178,11798,637092,4,5,Low Stock,No,621
54278,Product 7621,Grocery,Premium,Supplier C,Pune WH,29-10-2025,October,816,471,213,20,84,655,3805,810465,4.6,11,In Stock,No,1054
54279,Product 5134,Sports,Standard,Supplier B,Delhi WH,14-03-2025,March,21,328,54,18,139,3590,14593,788022,3,7,Low Stock,No,277
54280,Product 5959,Home,Standard,Supplier D,Hyderabad WH,03-11-2025,November,221,305,344,38,104,2322,13632,4689408,3.5,5,In Stock,Yes,144
54281,Product 8564,Home,Special,Supplier C,Mumbai WH,10-11-2025,November,585,120,115,46,40,7759,7310,840650,2.9,11,Low Stock,No,544
54282,Product 1147,Beauty,Basic,Supplier E,Hyderabad WH,12-08-2025,August,243,291,72,11,172,8048,13165,947880,3.7,19,Out of Stock,No,451
54283,Product 8248,Home,Basic,Supplier A,Pune WH,12-04-2025,April,151,113,574,27,133,98,5850,3357900,3.4,15,In Stock,No,-337
54284,Product 3499,Sports,Basic,Supplier D,Delhi WH,30-11-2025,November,475,481,251,39,166,9662,5285,1326535,2.8,8,In Stock,Yes,666
54285,Product 1948,Fashion,Standard,Supplier B,Hyderabad WH,28-09-2025,September,521,258,404,24,86,5611,2470,997880,3.7,5,Low Stock,Yes,351
54286,Product 7834,Sports,Basic,Supplier D,Pune WH,10-09-2025,September,344,36,129,21,108,8942,1869,241101,3.4,8,In Stock,Yes,230
54287,Product 7987,Fashion,Standard,Supplier B,Hyderabad WH,30-05-2025,May,792,107,437,8,99,9157,6949,3036713,4.7,7,In Stock,No,454
54288,Product 4291,Grocery,Premium,Supplier B,Pune WH,30-01-2025,January,518,444,643,47,168,8778,4573,2940439,3.7,12,Out of Stock,No,272
54289,Product 5080,Beauty,Premium,Supplier E,Mumbai WH,01-06-2025,June,371,54,698,9,135,4432,5991,4181718,4.2,4,Out of Stock,No,-282
54290,Product 5075,Electronics,Standard,Supplier C,Hyderabad WH,30-04-2025,April,505,270,692,41,135,260,8802,6090984,3.3,6,In Stock,No,42
54291,Product 9053,Electronics,Premium,Supplier A,Bengaluru WH,24-06-2025,June,187,130,590,41,191,3451,12053,7111270,3.5,3,Low Stock,No,-314
54292,Product 1184,Grocery,Special,Supplier B,Delhi WH,08-09-2025,September,30,147,259,47,131,8908,8240,2134160,4.5,6,Out of Stock,No,-129
54293,Product 2588,Grocery,Premium,Supplier C,Hyderabad WH,07-05-2025,May,990,278,347,39,178,3882,11482,3984254,3.9,1,In Stock,Yes,882
54294,Product 3215,Fashion,Special,Supplier B,Hyderabad WH,01-08-2025,August,48,260,52,23,196,5502,687,35724,4.6,19,In Stock,No,233
54295,Product 9190,Sports,Basic,Supplier E,Delhi WH,30-03-2025,March,569,291,499,49,186,1772,12135,6055365,4.6,2,Out of Stock,Yes,312
54296,Product 5246,Electronics,Special,Supplier D,Pune WH,12-05-2025,May,571,446,368,13,193,4417,8785,3232880,3.7,14,In Stock,No,636
54297,Product 4780,Electronics,Basic,Supplier C,Bengaluru WH,07-01-2025,January,125,81,161,0,113,1036,1508,242788,4.9,18,In Stock,No,45
54298,Product 6043,Grocery,Basic,Supplier A,Mumbai WH,09-01-2025,January,454,237,14,17,132,3101,13350,186900,3.3,18,Low Stock,No,660
54299,Product 6924,Sports,Premium,Supplier D,Bengaluru WH,11-03-2025,March,791,430,598,47,67,9598,983,587834,3.5,18,Out of Stock,No,576
54300,Product 3443,Sports,Standard,Supplier A,Hyderabad WH,17-02-2025,February,204,35,270,14,45,705,7483,2020410,4.8,13,In Stock,No,-45
54301,Product 9544,Fashion,Basic,Supplier E,Pune WH,19-11-2025,November,591,13,615,4,54,4996,8194,5039310,4.4,1,In Stock,Yes,-15
54302,Product 1804,Fashion,Standard,Supplier D,Hyderabad WH,03-01-2025,January,889,91,623,13,99,6015,1208,752584,4.2,3,In Stock,Yes,344
54303,Product 1483,Sports,Special,Supplier B,Delhi WH,10-02-2025,February,391,222,662,14,96,2306,989,654718,3.1,10,In Stock,No,-63
54304,Product 2012,Beauty,Basic,Supplier C,Bengaluru WH,15-12-2025,December,388,78,90,44,51,8648,1888,169920,5,8,Low Stock,No,332
54305,Product 6702,Home,Premium,Supplier B,Hyderabad WH,29-03-2025,March,824,188,471,10,66,9742,4176,1966896,3.7,3,In Stock,No,531
54306,Product 7666,Home,Basic,Supplier A,Delhi WH,16-12-2025,December,112,413,9,35,138,859,12151,109359,3.6,5,In Stock,Yes,481
54307,Product 5967,Fashion,Premium,Supplier B,Pune WH,26-05-2025,May,52,197,23,25,77,4374,12637,290651,3.5,17,Out of Stock,Yes,201
54308,Product 2259,Sports,Special,Supplier E,Delhi WH,15-12-2025,December,640,439,557,42,174,2310,11141,6205537,4.5,8,Out of Stock,Yes,480
54309,Product 4766,Home,Special,Supplier C,Hyderabad WH,06-10-2025,October,867,274,567,17,184,7495,3499,1983933,2.5,9,In Stock,No,557
54310,Product 7627,Electronics,Special,Supplier B,Mumbai WH,12-10-2025,October,897,476,563,32,75,7340,293,164959,3.1,20,In Stock,Yes,778
54311,Product 8578,Home,Premium,Supplier A,Hyderabad WH,09-05-2025,May,720,20,389,48,200,9458,3950,1536550,4.7,16,In Stock,Yes,303
54312,Product 9406,Beauty,Special,Supplier B,Mumbai WH,22-10-2025,October,431,495,327,48,109,3640,12607,4122489,4.4,13,In Stock,No,551
54313,Product 7414,Home,Basic,Supplier B,Bengaluru WH,02-07-2025,July,833,448,443,48,150,1721,891,394713,4.2,12,In Stock,No,790
54314,Product 8274,Beauty,Special,Supplier C,Mumbai WH,10-06-2025,June,356,40,637,32,171,8253,407,259259,4.6,19,In Stock,Yes,-273
54315,Product 6528,Fashion,Premium,Supplier E,Delhi WH,19-12-2025,December,799,135,671,27,189,4613,2283,1531893,3.1,8,In Stock,No,236
54316,Product 4088,Sports,Premium,Supplier C,Hyderabad WH,18-09-2025,September,134,26,586,10,174,8680,11355,6654030,3.1,6,Out of Stock,Yes,-436
54317,Product 2092,Electronics,Standard,Supplier A,Delhi WH,07-07-2025,July,899,25,456,0,183,8135,14223,6485688,4.8,13,In Stock,Yes,468
54318,Product 5810,Fashion,Standard,Supplier C,Hyderabad WH,23-07-2025,July,126,91,206,0,123,8263,1895,390370,2.6,13,In Stock,Yes,11
54319,Product 6172,Electronics,Standard,Supplier D,Mumbai WH,26-02-2025,February,614,288,178,41,28,9010,9971,1774838,4.1,6,In Stock,No,683
54320,Product 6995,Beauty,Special,Supplier A,Pune WH,06-06-2025,June,267,216,603,24,158,936,10158,6125274,3.1,8,In Stock,No,-144
54321,Product 6412,Home,Premium,Supplier B,Bengaluru WH,09-01-2025,January,827,278,167,44,41,9733,6009,1003503,3.5,1,In Stock,No,894
54322,Product 2219,Grocery,Basic,Supplier E,Hyderabad WH,19-05-2025,May,475,438,95,10,108,5103,9662,917890,2.6,3,In Stock,Yes,808
54323,Product 7915,Electronics,Standard,Supplier E,Mumbai WH,22-04-2025,April,324,468,642,30,74,5299,6461,4147962,3.3,4,In Stock,No,120
54324,Product 1125,Sports,Premium,Supplier E,Bengaluru WH,22-03-2025,March,475,230,98,48,28,5070,1842,180516,4.1,15,In Stock,Yes,559
54325,Product 6065,Sports,Special,Supplier D,Mumbai WH,10-05-2025,May,268,78,282,38,188,700,13986,3944052,4.4,12,Out of Stock,Yes,26
54326,Product 8161,Beauty,Basic,Supplier E,Mumbai WH,14-09-2025,September,637,488,270,21,92,947,7714,2082780,3,10,In Stock,Yes,834
54327,Product 6483,Home,Special,Supplier E,Delhi WH,07-01-2025,January,465,450,657,16,116,4488,2973,1953261,3.1,19,In Stock,Yes,242
54328,Product 4326,Beauty,Premium,Supplier B,Hyderabad WH,28-02-2025,February,728,430,234,2,32,3925,3499,818766,4.1,16,In Stock,No,922
54329,Product 4736,Electronics,Special,Supplier A,Pune WH,11-09-2025,September,877,219,648,25,116,5555,8566,5550768,4.1,16,In Stock,No,423
54330,Product 1978,Electronics,Standard,Supplier E,Mumbai WH,16-03-2025,March,555,233,173,38,191,3571,14393,2489989,4.2,16,Low Stock,No,577
54331,Product 9228,Sports,Premium,Supplier A,Pune WH,23-05-2025,May,837,42,280,40,181,5420,8610,2410800,2.7,4,In Stock,No,559
54332,Product 8058,Sports,Special,Supplier B,Bengaluru WH,15-02-2025,February,197,95,151,9,132,5547,4266,644166,4.5,15,In Stock,Yes,132
54333,Product 1610,Electronics,Special,Supplier C,Delhi WH,06-10-2025,October,838,436,24,32,79,5559,6898,165552,2.7,4,In Stock,No,1218
54334,Product 4523,Sports,Premium,Supplier C,Mumbai WH,24-08-2025,August,246,226,582,23,61,7118,9842,5728044,2.6,15,In Stock,No,-133
54335,Product 6946,Fashion,Standard,Supplier B,Mumbai WH,09-03-2025,March,494,237,31,27,95,1419,12233,379223,3.4,7,Low Stock,No,673
54336,Product 9941,Electronics,Premium,Supplier A,Bengaluru WH,28-09-2025,September,665,99,652,4,168,169,8050,5248600,4.4,12,In Stock,No,108
54337,Product 3649,Grocery,Premium,Supplier C,Bengaluru WH,15-01-2025,January,229,430,585,24,32,4316,2056,1202760,2.6,6,In Stock,No,50
54338,Product 3096,Home,Special,Supplier C,Bengaluru WH,17-08-2025,August,296,25,18,20,163,7359,8860,159480,3.4,1,Low Stock,No,283
54339,Product 3954,Fashion,Basic,Supplier D,Hyderabad WH,31-10-2025,October,1000,157,264,5,159,3230,14526,3834864,4.3,20,In Stock,No,888
54340,Product 4498,Electronics,Standard,Supplier E,Pune WH,22-03-2025,March,968,314,417,30,149,5114,5737,2392329,4.3,14,Out of Stock,No,835
54341,Product 3711,Electronics,Special,Supplier A,Delhi WH,13-09-2025,September,652,369,322,20,181,7273,8089,2604658,3.8,20,In Stock,No,679
54342,Product 1936,Sports,Special,Supplier C,Bengaluru WH,01-06-2025,June,140,112,493,27,83,7977,4995,2462535,3.5,14,In Stock,No,-268
54343,Product 6409,Beauty,Standard,Supplier B,Bengaluru WH,26-10-2025,October,431,175,356,8,22,1220,3869,1377364,4.2,7,Low Stock,Yes,242
54344,Product 7947,Beauty,Basic,Supplier C,Bengaluru WH,31-10-2025,October,281,334,55,37,130,930,12093,665115,2.5,4,Low Stock,No,523
54345,Product 6348,Fashion,Special,Supplier B,Pune WH,05-02-2025,February,175,290,602,33,119,7105,2962,1783124,3.7,19,In Stock,Yes,-170
54346,Product 2946,Beauty,Premium,Supplier B,Hyderabad WH,21-06-2025,June,166,325,686,28,136,9852,2147,1472842,4.4,12,In Stock,Yes,-223
54347,Product 7458,Beauty,Basic,Supplier B,Hyderabad WH,15-08-2025,August,450,68,621,42,195,6515,10250,6365250,5,14,Low Stock,No,-145
54348,Product 2159,Fashion,Special,Supplier D,Hyderabad WH,04-05-2025,May,464,115,486,17,200,5903,1261,612846,4.8,20,In Stock,No,76
54349,Product 8434,Fashion,Basic,Supplier D,Bengaluru WH,29-08-2025,August,295,221,433,29,91,3453,1952,845216,4.3,17,In Stock,Yes,54
54350,Product 1876,Home,Standard,Supplier C,Hyderabad WH,19-08-2025,August,806,141,647,19,73,6865,12628,8170316,2.6,17,In Stock,No,281
54351,Product 2192,Electronics,Premium,Supplier E,Pune WH,26-07-2025,July,159,295,533,29,78,9730,3585,1910805,3.5,6,In Stock,No,-108
54352,Product 7352,Fashion,Standard,Supplier B,Mumbai WH,31-01-2025,January,49,44,115,19,178,8648,11326,1302490,3.1,6,In Stock,No,-41
54353,Product 5477,Beauty,Premium,Supplier B,Delhi WH,09-07-2025,July,674,237,403,29,90,9899,12905,5200715,3.2,16,Low Stock,No,479
54354,Product 9539,Grocery,Basic,Supplier B,Mumbai WH,27-12-2025,December,893,228,145,40,56,9065,3345,485025,3.1,20,In Stock,Yes,936
54355,Product 2917,Electronics,Basic,Supplier E,Bengaluru WH,04-09-2025,September,75,168,442,27,80,7672,1612,712504,5,14,Out of Stock,No,-226
54356,Product 2023,Sports,Standard,Supplier D,Bengaluru WH,29-03-2025,March,695,114,437,14,57,6717,1886,824182,5,19,In Stock,No,358
54357,Product 3806,Grocery,Premium,Supplier C,Hyderabad WH,25-02-2025,February,286,323,139,43,130,2622,4771,663169,2.9,15,In Stock,Yes,427
54358,Product 1219,Home,Premium,Supplier C,Mumbai WH,20-08-2025,August,297,147,50,14,83,1791,3787,189350,4.7,12,In Stock,No,380
54359,Product 8700,Sports,Standard,Supplier E,Pune WH,28-01-2025,January,154,301,405,24,120,6447,13000,5265000,2.8,18,Low Stock,Yes,26
54360,Product 1738,Fashion,Special,Supplier A,Pune WH,14-03-2025,March,448,169,492,37,120,8540,12141,5973372,2.6,13,Low Stock,No,88
54361,Product 1503,Beauty,Premium,Supplier D,Bengaluru WH,03-03-2025,March,671,32,373,34,150,5138,14772,5509956,2.5,1,In Stock,No,296
54362,Product 9982,Home,Standard,Supplier A,Mumbai WH,28-10-2025,October,473,462,659,34,20,4209,14180,9344620,3.2,5,In Stock,No,242
54363,Product 8451,Beauty,Standard,Supplier B,Hyderabad WH,03-07-2025,July,566,145,489,23,28,2738,12414,6070446,4.6,19,In Stock,Yes,199
54364,Product 1840,Fashion,Basic,Supplier C,Mumbai WH,25-04-2025,April,645,286,394,29,67,2929,1978,779332,4.4,20,In Stock,Yes,508
54365,Product 9166,Beauty,Special,Supplier A,Pune WH,06-09-2025,September,660,118,11,38,70,7086,5535,60885,2.9,7,In Stock,Yes,729
54366,Product 7728,Home,Basic,Supplier B,Pune WH,10-09-2025,September,700,327,255,10,175,5359,5969,1522095,4.9,8,In Stock,No,762
54367,Product 6664,Sports,Premium,Supplier D,Bengaluru WH,03-12-2025,December,780,406,60,27,32,5825,3726,223560,4.9,4,Low Stock,No,1099
54368,Product 5352,Fashion,Special,Supplier C,Pune WH,27-07-2025,July,382,146,54,20,195,287,13571,732834,3.7,13,Out of Stock,No,454
54369,Product 2126,Home,Premium,Supplier E,Bengaluru WH,16-12-2025,December,59,371,335,28,68,4732,5924,1984540,4,1,In Stock,No,67
54370,Product 2485,Grocery,Basic,Supplier B,Pune WH,29-11-2025,November,87,248,114,10,28,8559,1249,142386,3.4,8,Low Stock,No,211
54371,Product 1515,Sports,Standard,Supplier D,Pune WH,03-06-2025,June,976,253,162,29,79,4888,12348,2000376,4.1,5,In Stock,No,1038
54372,Product 6172,Grocery,Standard,Supplier D,Bengaluru WH,02-09-2025,September,751,476,441,28,115,7431,6433,2836953,2.5,12,In Stock,No,758
54373,Product 5918,Beauty,Special,Supplier D,Bengaluru WH,18-11-2025,November,396,409,204,18,165,9904,13271,2707284,3.1,6,In Stock,No,583
54374,Product 5151,Beauty,Premium,Supplier A,Mumbai WH,22-02-2025,February,961,89,554,10,182,7027,4377,2424858,2.6,16,In Stock,No,486
54375,Product 3316,Electronics,Standard,Supplier E,Mumbai WH,09-07-2025,July,906,54,622,34,104,2915,4134,2571348,2.9,17,Low Stock,Yes,304
54376,Product 8685,Home,Standard,Supplier C,Delhi WH,19-06-2025,June,343,139,386,10,53,2305,11675,4506550,2.8,18,Low Stock,No,86
54377,Product 9582,Electronics,Premium,Supplier A,Mumbai WH,22-09-2025,September,708,113,73,8,85,9843,4929,359817,4.7,3,In Stock,No,740
54378,Product 6290,Fashion,Basic,Supplier C,Delhi WH,02-01-2025,January,865,435,432,31,102,761,7070,3054240,2.7,12,Low Stock,No,837
54379,Product 3983,Grocery,Standard,Supplier A,Pune WH,27-02-2025,February,959,325,78,10,22,8997,8106,632268,2.7,3,Low Stock,No,1196
54380,Product 5352,Grocery,Standard,Supplier A,Hyderabad WH,04-12-2025,December,810,280,552,14,131,7233,5288,2918976,2.6,15,Out of Stock,Yes,524
54381,Product 5667,Beauty,Special,Supplier C,Bengaluru WH,23-06-2025,June,182,204,37,30,172,1455,3821,141377,3,6,Low Stock,No,319
54382,Product 5754,Electronics,Standard,Supplier C,Pune WH,29-11-2025,November,803,13,41,31,71,8632,3473,142393,4,17,Low Stock,Yes,744
54383,Product 5763,Sports,Premium,Supplier A,Bengaluru WH,20-03-2025,March,964,415,467,15,169,9167,10116,4724172,3.8,16,In Stock,No,897
54384,Product 8180,Electronics,Premium,Supplier D,Hyderabad WH,06-01-2025,January,352,205,110,50,23,2516,2981,327910,3.5,20,In Stock,No,397
54385,Product 1678,Beauty,Premium,Supplier E,Hyderabad WH,13-08-2025,August,864,399,368,19,104,4129,5558,2045344,3.7,12,In Stock,Yes,876
54386,Product 7910,Fashion,Basic,Supplier E,Hyderabad WH,14-03-2025,March,262,305,216,1,66,5565,12230,2641680,3.5,16,In Stock,Yes,350
54387,Product 7038,Electronics,Standard,Supplier A,Hyderabad WH,18-04-2025,April,885,202,266,12,56,3034,9315,2477790,4.2,2,Out of Stock,No,809
54388,Product 6286,Grocery,Basic,Supplier D,Delhi WH,01-05-2025,May,692,134,419,27,195,2467,12740,5338060,4,16,Low Stock,Yes,380
54389,Product 5322,Grocery,Standard,Supplier D,Hyderabad WH,02-04-2025,April,267,293,429,2,147,328,668,286572,3.4,2,Low Stock,No,129
54390,Product 9293,Grocery,Basic,Supplier C,Hyderabad WH,08-10-2025,October,287,128,11,45,158,9554,2017,22187,4.6,17,In Stock,No,359
54391,Product 4367,Electronics,Basic,Supplier B,Bengaluru WH,16-01-2025,January,81,130,521,31,120,3485,8818,4594178,4.8,2,Out of Stock,No,-341
54392,Product 8510,Home,Basic,Supplier E,Hyderabad WH,09-11-2025,November,765,216,445,7,192,4352,8380,3729100,4.9,2,In Stock,No,529
54393,Product 5788,Fashion,Premium,Supplier C,Mumbai WH,30-08-2025,August,201,106,546,34,155,2470,3037,1658202,4.7,14,In Stock,No,-273
54394,Product 6288,Grocery,Standard,Supplier E,Hyderabad WH,29-03-2025,March,763,416,589,0,134,4152,7677,4521753,2.8,13,In Stock,No,590
54395,Product 7303,Home,Special,Supplier E,Delhi WH,20-03-2025,March,735,372,468,25,149,9834,13454,6296472,3.5,5,In Stock,No,614
54396,Product 8011,Home,Special,Supplier C,Delhi WH,15-12-2025,December,438,443,556,6,158,9425,13993,7780108,3.3,19,Low Stock,Yes,319
54397,Product 1652,Sports,Standard,Supplier C,Bengaluru WH,28-03-2025,March,634,80,139,40,111,649,7681,1067659,4.6,10,Low Stock,No,535
54398,Product 8004,Grocery,Special,Supplier A,Pune WH,30-10-2025,October,64,250,8,50,120,2122,5739,45912,4.5,10,Low Stock,No,256
54399,Product 2633,Fashion,Premium,Supplier A,Mumbai WH,30-07-2025,July,822,81,359,50,172,6448,5806,2084354,3.4,13,In Stock,Yes,494
54400,Product 1162,Sports,Standard,Supplier B,Hyderabad WH,07-11-2025,November,998,322,132,4,184,2262,13848,1827936,4.5,6,In Stock,Yes,1184
54401,Product 2101,Grocery,Premium,Supplier D,Bengaluru WH,13-10-2025,October,963,389,373,26,75,5425,3207,1196211,3.8,2,In Stock,No,953
54402,Product 2185,Home,Special,Supplier D,Pune WH,19-05-2025,May,184,169,497,45,98,497,1359,675423,4,6,Low Stock,No,-189
54403,Product 7567,Electronics,Special,Supplier A,Delhi WH,01-01-2025,January,291,154,462,38,75,9160,14597,6743814,4.1,4,Out of Stock,No,-55
54404,Product 3254,Home,Premium,Supplier B,Mumbai WH,07-07-2025,July,154,11,618,19,46,8868,1924,1189032,4.2,17,In Stock,Yes,-472
54405,Product 9228,Home,Standard,Supplier B,Delhi WH,12-10-2025,October,892,108,603,36,186,5321,2396,1444788,4.9,2,In Stock,No,361
54406,Product 1787,Electronics,Standard,Supplier E,Pune WH,20-09-2025,September,581,189,39,3,38,7316,5039,196521,4.8,4,In Stock,No,728
54407,Product 6327,Beauty,Standard,Supplier D,Mumbai WH,25-03-2025,March,436,104,57,14,127,4649,14567,830319,3.7,1,In Stock,No,469
54408,Product 9500,Electronics,Premium,Supplier D,Hyderabad WH,19-04-2025,April,652,101,131,5,159,7559,817,107027,4.1,15,Low Stock,No,617
54409,Product 9111,Fashion,Special,Supplier C,Mumbai WH,22-04-2025,April,827,123,41,2,159,9544,14133,579453,3.7,6,Low Stock,Yes,907
54410,Product 3179,Grocery,Standard,Supplier C,Bengaluru WH,23-02-2025,February,579,198,55,28,47,1960,6751,371305,3.3,1,In Stock,No,694
54411,Product 8799,Fashion,Basic,Supplier E,Bengaluru WH,25-04-2025,April,471,231,466,1,188,6855,9634,4489444,2.5,5,Low Stock,Yes,235
54412,Product 9791,Fashion,Standard,Supplier C,Bengaluru WH,11-04-2025,April,817,239,490,43,178,8966,1223,599270,4.5,13,In Stock,No,523
54413,Product 5293,Beauty,Basic,Supplier A,Mumbai WH,26-07-2025,July,745,475,8,6,108,6595,12628,101024,5,15,Out of Stock,Yes,1206
54414,Product 1970,Sports,Special,Supplier D,Bengaluru WH,10-03-2025,March,446,117,169,2,63,1675,5940,1003860,2.7,11,Low Stock,No,392
54415,Product 8305,Electronics,Basic,Supplier B,Hyderabad WH,07-09-2025,September,579,79,696,38,35,5202,11681,8129976,2.5,6,Out of Stock,Yes,-76
54416,Product 1516,Electronics,Basic,Supplier C,Mumbai WH,13-12-2025,December,148,154,29,2,21,8213,10086,292494,4.6,19,In Stock,No,271
54417,Product 3916,Home,Special,Supplier C,Mumbai WH,08-04-2025,April,770,362,618,48,92,6900,3947,2439246,3.5,15,In Stock,No,466
54418,Product 5224,Electronics,Basic,Supplier D,Pune WH,24-05-2025,May,591,226,491,25,186,2155,7791,3825381,3,16,In Stock,Yes,301
54419,Product 7383,Fashion,Standard,Supplier D,Bengaluru WH,03-10-2025,October,257,210,21,31,75,5493,4835,101535,4.2,7,Low Stock,No,415
54420,Product 1702,Beauty,Standard,Supplier A,Pune WH,27-06-2025,June,331,20,239,12,167,1125,13529,3233431,4.3,1,Out of Stock,No,100
54421,Product 7967,Sports,Standard,Supplier B,Hyderabad WH,02-11-2025,November,466,112,108,38,161,2996,14804,1598832,3.8,15,Low Stock,No,432
54422,Product 1695,Electronics,Standard,Supplier A,Mumbai WH,07-11-2025,November,186,175,389,3,132,4141,8790,3419310,4.7,14,Low Stock,No,-31
54423,Product 4978,Grocery,Standard,Supplier B,Hyderabad WH,21-07-2025,July,480,110,464,50,149,8003,14870,6899680,2.8,19,In Stock,No,76
54424,Product 7065,Fashion,Special,Supplier A,Hyderabad WH,01-07-2025,July,291,12,114,20,130,277,14582,1662348,4.8,2,In Stock,No,169
54425,Product 5280,Sports,Premium,Supplier E,Pune WH,23-05-2025,May,384,423,594,11,183,6934,4455,2646270,4.3,4,In Stock,No,202
54426,Product 8637,Home,Premium,Supplier D,Bengaluru WH,25-05-2025,May,848,54,453,30,62,3492,10453,4735209,4.5,17,In Stock,No,419
54427,Product 1236,Grocery,Basic,Supplier A,Delhi WH,22-06-2025,June,866,443,329,48,31,7196,6913,2274377,2.9,8,In Stock,No,932
54428,Product 3675,Electronics,Premium,Supplier E,Delhi WH,04-10-2025,October,844,14,264,13,126,6606,2372,626208,2.7,12,In Stock,No,581
54429,Product 4802,Home,Standard,Supplier E,Bengaluru WH,12-02-2025,February,688,455,180,31,73,8501,6677,1201860,2.7,20,In Stock,No,932
54430,Product 5782,Electronics,Standard,Supplier B,Mumbai WH,19-10-2025,October,506,70,260,47,124,3374,14444,3755440,3.8,17,In Stock,No,269
54431,Product 9550,Sports,Premium,Supplier C,Bengaluru WH,14-11-2025,November,88,152,24,36,113,5207,3079,73896,4.6,12,In Stock,Yes,180
54432,Product 6461,Electronics,Premium,Supplier E,Bengaluru WH,18-04-2025,April,495,276,341,44,104,2074,5226,1782066,3.7,14,Low Stock,Yes,386
54433,Product 8803,Fashion,Special,Supplier B,Bengaluru WH,29-11-2025,November,865,76,284,45,45,767,9646,2739464,3.2,12,In Stock,No,612
54434,Product 6994,Home,Premium,Supplier E,Pune WH,11-09-2025,September,140,187,255,34,43,6418,9666,2464830,3.6,14,In Stock,Yes,38
54435,Product 9904,Beauty,Standard,Supplier C,Pune WH,19-10-2025,October,883,430,431,40,24,3791,9593,4134583,4.8,4,Low Stock,No,842
54436,Product 6153,Electronics,Special,Supplier C,Pune WH,27-10-2025,October,487,441,634,42,141,6943,13733,8706722,2.7,7,In Stock,No,252
54437,Product 4753,Electronics,Standard,Supplier D,Delhi WH,09-01-2025,January,265,269,101,10,145,6956,162,16362,3.4,13,In Stock,No,423
54438,Product 6812,Home,Basic,Supplier B,Bengaluru WH,21-02-2025,February,113,347,103,45,105,6583,12125,1248875,3.6,2,In Stock,No,312
54439,Product 3960,Fashion,Basic,Supplier D,Mumbai WH,05-09-2025,September,834,204,349,9,164,3778,11929,4163221,2.8,1,In Stock,No,680
54440,Product 9177,Grocery,Basic,Supplier C,Delhi WH,29-11-2025,November,508,58,39,50,142,8001,14112,550368,3.4,17,Low Stock,Yes,477
54441,Product 4764,Beauty,Premium,Supplier C,Delhi WH,27-09-2025,September,445,188,488,9,39,1730,3913,1909544,3.4,4,Low Stock,No,136
54442,Product 9053,Sports,Basic,Supplier A,Pune WH,07-08-2025,August,523,359,573,7,73,5366,5463,3130299,3.9,18,Out of Stock,No,302
54443,Product 2231,Sports,Special,Supplier D,Pune WH,28-11-2025,November,640,21,663,10,59,705,4200,2784600,2.6,13,In Stock,Yes,-12
54444,Product 8882,Fashion,Basic,Supplier D,Bengaluru WH,27-10-2025,October,351,34,402,6,67,6901,445,178890,3.5,5,In Stock,Yes,-23
54445,Product 8196,Electronics,Basic,Supplier C,Delhi WH,09-02-2025,February,894,39,298,23,55,7308,8652,2578296,3.6,15,In Stock,No,612
54446,Product 4952,Fashion,Standard,Supplier A,Bengaluru WH,06-05-2025,May,411,460,226,2,162,5017,2889,652914,4.1,1,In Stock,Yes,643
54447,Product 3880,Home,Premium,Supplier C,Delhi WH,12-11-2025,November,769,142,384,20,75,538,1372,526848,3.4,10,In Stock,Yes,507
54448,Product 7550,Fashion,Standard,Supplier D,Hyderabad WH,03-04-2025,April,540,5,535,26,97,2758,11415,6107025,3.9,14,In Stock,No,-16
54449,Product 8790,Electronics,Premium,Supplier A,Bengaluru WH,17-07-2025,July,742,492,533,42,150,3063,9232,4920656,2.6,11,In Stock,No,659
54450,Product 7893,Sports,Standard,Supplier C,Mumbai WH,21-11-2025,November,506,258,106,13,47,1356,2555,270830,2.9,19,In Stock,No,645
54451,Product 8415,Home,Premium,Supplier C,Bengaluru WH,02-12-2025,December,377,321,259,48,72,8316,12257,3174563,3.7,16,In Stock,No,391
54452,Product 4738,Sports,Special,Supplier A,Delhi WH,21-07-2025,July,719,298,63,24,170,7166,6665,419895,2.9,7,In Stock,No,930
54453,Product 1776,Fashion,Premium,Supplier E,Pune WH,20-08-2025,August,336,236,273,9,178,1705,13390,3655470,4,1,In Stock,Yes,290
54454,Product 1425,Home,Premium,Supplier E,Bengaluru WH,19-12-2025,December,720,391,204,45,136,6679,537,109548,2.6,18,In Stock,Yes,862
54455,Product 3988,Electronics,Special,Supplier D,Delhi WH,26-11-2025,November,753,127,443,3,194,6360,7873,3487739,4.2,14,In Stock,No,434
54456,Product 3380,Home,Special,Supplier E,Mumbai WH,08-06-2025,June,892,18,461,5,145,193,11606,5350366,2.6,16,In Stock,No,444
54457,Product 8370,Electronics,Special,Supplier E,Mumbai WH,11-08-2025,August,63,496,682,15,117,8472,9065,6182330,3,18,Low Stock,No,-138
54458,Product 4516,Home,Special,Supplier E,Bengaluru WH,23-07-2025,July,152,169,184,49,127,7643,6876,1265184,3.9,14,Low Stock,No,88
54459,Product 6118,Sports,Basic,Supplier B,Bengaluru WH,03-12-2025,December,656,420,609,46,68,8336,10000,6090000,4.7,4,Low Stock,Yes,421
54460,Product 5889,Beauty,Standard,Supplier B,Bengaluru WH,22-01-2025,January,930,278,347,30,149,8158,14108,4895476,3,10,In Stock,No,831
54461,Product 8601,Sports,Premium,Supplier A,Hyderabad WH,17-05-2025,May,199,333,609,26,199,7457,13155,8011395,4.2,1,In Stock,No,-103
54462,Product 1183,Fashion,Basic,Supplier C,Hyderabad WH,25-06-2025,June,435,353,447,29,149,1894,5355,2393685,4.7,16,Low Stock,No,312
54463,Product 7854,Beauty,Standard,Supplier B,Bengaluru WH,27-04-2025,April,85,352,93,8,59,1964,5634,523962,2.8,6,Low Stock,No,336
54464,Product 3353,Sports,Standard,Supplier B,Pune WH,11-02-2025,February,488,492,162,50,58,6170,14276,2312712,2.8,2,In Stock,No,768
54465,Product 1341,Electronics,Basic,Supplier C,Mumbai WH,12-10-2025,October,645,236,105,20,132,5115,10038,1053990,4.7,13,In Stock,No,756
54466,Product 5819,Grocery,Basic,Supplier B,Bengaluru WH,23-07-2025,July,352,371,232,43,154,8209,2946,683472,4.9,14,In Stock,No,448
54467,Product 5059,Sports,Premium,Supplier D,Bengaluru WH,21-08-2025,August,978,9,363,45,108,4195,1996,724548,3.7,3,In Stock,Yes,579
54468,Product 4404,Electronics,Basic,Supplier B,Pune WH,26-01-2025,January,733,148,328,42,169,2224,5767,1891576,3.7,7,Low Stock,Yes,511
54469,Product 6872,Fashion,Standard,Supplier E,Bengaluru WH,12-07-2025,July,885,419,571,28,68,3955,14206,8111626,4.4,13,Low Stock,No,705
54470,Product 4743,Beauty,Standard,Supplier D,Bengaluru WH,06-05-2025,May,981,407,177,1,173,2281,8249,1460073,3.5,3,In Stock,No,1210
54471,Product 3150,Electronics,Standard,Supplier A,Bengaluru WH,12-04-2025,April,865,301,266,37,77,8293,14716,3914456,3.1,17,In Stock,No,863
54472,Product 9794,Home,Basic,Supplier D,Bengaluru WH,22-04-2025,April,452,309,140,26,104,6686,7050,987000,4.2,4,In Stock,Yes,595
54473,Product 6929,Home,Standard,Supplier C,Delhi WH,20-01-2025,January,205,62,23,42,46,3250,1038,23874,3.4,8,In Stock,No,202
54474,Product 2401,Electronics,Standard,Supplier A,Mumbai WH,29-03-2025,March,229,30,305,37,22,9682,10007,3052135,4.3,11,In Stock,Yes,-83
54475,Product 6953,Home,Basic,Supplier C,Bengaluru WH,04-07-2025,July,783,425,304,11,142,1467,1103,335312,3.4,20,In Stock,No,893
54476,Product 6945,Grocery,Special,Supplier B,Pune WH,19-02-2025,February,335,215,564,24,104,325,14821,8359044,4.2,8,In Stock,No,-38
54477,Product 9630,Electronics,Standard,Supplier B,Pune WH,25-06-2025,June,215,89,553,35,200,3971,1095,605535,3.7,15,In Stock,No,-284
54478,Product 9085,Fashion,Basic,Supplier C,Mumbai WH,30-07-2025,July,431,411,193,4,92,415,4504,869272,2.7,19,In Stock,No,645
54479,Product 3987,Fashion,Special,Supplier B,Hyderabad WH,23-05-2025,May,516,101,298,10,30,6002,3751,1117798,2.8,6,In Stock,No,309
54480,Product 7969,Grocery,Standard,Supplier B,Hyderabad WH,04-04-2025,April,116,449,32,46,74,2350,14563,466016,4.7,3,In Stock,No,487
54481,Product 3396,Home,Basic,Supplier D,Hyderabad WH,22-04-2025,April,560,303,626,23,159,4107,2299,1439174,5,16,In Stock,No,214
54482,Product 2679,Sports,Basic,Supplier B,Hyderabad WH,13-06-2025,June,399,430,311,28,159,330,4517,1404787,4.7,8,In Stock,No,490
54483,Product 6034,Fashion,Standard,Supplier E,Bengaluru WH,06-08-2025,August,435,439,483,0,64,2200,13423,6483309,4.3,20,Low Stock,No,391
54484,Product 9409,Sports,Premium,Supplier A,Mumbai WH,23-06-2025,June,168,383,223,34,88,5275,10298,2296454,2.6,12,In Stock,Yes,294
54485,Product 3898,Home,Premium,Supplier D,Delhi WH,04-05-2025,May,790,279,179,27,76,7558,531,95049,3,11,In Stock,Yes,863
54486,Product 1529,Home,Special,Supplier D,Delhi WH,03-02-2025,February,942,355,694,15,52,3052,10103,7011482,4.2,2,In Stock,No,588
54487,Product 3299,Grocery,Basic,Supplier B,Pune WH,10-05-2025,May,108,272,566,11,138,8172,14713,8327558,3.9,6,In Stock,No,-197
54488,Product 8457,Home,Premium,Supplier B,Bengaluru WH,26-02-2025,February,875,351,680,30,141,1881,13130,8928400,4.9,12,In Stock,No,516
54489,Product 9632,Beauty,Standard,Supplier C,Hyderabad WH,22-08-2025,August,796,251,536,25,22,3708,9366,5020176,2.9,17,In Stock,Yes,486
54490,Product 9381,Beauty,Basic,Supplier A,Hyderabad WH,24-05-2025,May,998,268,551,39,174,5049,4489,2473439,3.2,20,In Stock,No,676
54491,Product 8548,Fashion,Premium,Supplier C,Mumbai WH,06-07-2025,July,316,480,40,16,76,166,6109,244360,3.9,7,Out of Stock,No,740
54492,Product 8289,Sports,Special,Supplier A,Mumbai WH,06-06-2025,June,946,123,146,0,186,81,1225,178850,4,12,In Stock,No,923
54493,Product 1542,Sports,Standard,Supplier A,Hyderabad WH,15-06-2025,June,633,100,456,48,98,1246,6677,3044712,3.9,16,In Stock,No,229
54494,Product 8683,Grocery,Special,Supplier B,Hyderabad WH,08-04-2025,April,610,124,547,47,102,6150,14318,7831946,3,19,In Stock,Yes,140
54495,Product 7499,Beauty,Special,Supplier E,Pune WH,24-11-2025,November,620,28,446,15,78,2009,8749,3902054,4.4,3,In Stock,No,187
54496,Product 9944,Sports,Basic,Supplier A,Hyderabad WH,17-04-2025,April,531,315,220,25,45,8661,6990,1537800,4.1,15,Low Stock,No,601
54497,Product 2167,Electronics,Special,Supplier D,Pune WH,21-11-2025,November,387,247,278,4,43,8559,12799,3558122,4.3,17,Low Stock,No,352
54498,Product 1318,Home,Premium,Supplier B,Hyderabad WH,08-08-2025,August,567,28,501,36,136,3213,3836,1921836,3.4,20,In Stock,No,58
54499,Product 3943,Electronics,Premium,Supplier A,Bengaluru WH,07-09-2025,September,470,366,431,11,134,3189,7354,3169574,4.9,9,In Stock,No,394
54500,Product 4774,Sports,Basic,Supplier B,Hyderabad WH,09-12-2025,December,491,340,128,29,196,770,8473,1084544,3.5,18,In Stock,No,674
54501,Product 8827,Electronics,Premium,Supplier D,Delhi WH,02-09-2025,September,665,336,15,9,33,202,12836,192540,2.9,9,In Stock,Yes,977
54502,Product 2617,Fashion,Basic,Supplier E,Bengaluru WH,24-02-2025,February,385,103,129,41,32,4354,8714,1124106,2.9,3,In Stock,No,318
54503,Product 3501,Sports,Standard,Supplier C,Bengaluru WH,16-07-2025,July,587,106,294,43,122,3847,7910,2325540,2.9,14,In Stock,No,356
54504,Product 5300,Grocery,Special,Supplier D,Delhi WH,26-01-2025,January,808,437,608,9,133,5656,14129,8590432,4.3,11,In Stock,Yes,628
54505,Product 5214,Beauty,Premium,Supplier E,Pune WH,24-06-2025,June,882,244,300,26,113,5184,3757,1127100,4.6,15,In Stock,Yes,800
54506,Product 5352,Grocery,Premium,Supplier E,Mumbai WH,08-12-2025,December,626,162,140,50,53,314,11930,1670200,4.9,1,Low Stock,No,598
54507,Product 5253,Home,Basic,Supplier D,Bengaluru WH,22-12-2025,December,349,35,405,40,23,368,5792,2345760,3,6,In Stock,No,-61
54508,Product 3912,Electronics,Premium,Supplier A,Mumbai WH,28-05-2025,May,152,439,59,28,20,7027,3237,190983,5,14,In Stock,No,504
54509,Product 2088,Electronics,Premium,Supplier B,Delhi WH,11-10-2025,October,402,321,616,1,154,5426,12057,7427112,4.7,16,Low Stock,Yes,106
54510,Product 4571,Sports,Special,Supplier B,Bengaluru WH,12-10-2025,October,164,460,547,30,46,9476,5009,2739923,3.8,9,In Stock,No,47
54511,Product 9995,Home,Premium,Supplier D,Delhi WH,26-07-2025,July,454,464,230,43,147,3998,1549,356270,4.3,6,Low Stock,Yes,645
54512,Product 6486,Home,Basic,Supplier B,Mumbai WH,20-07-2025,July,389,98,266,6,79,3383,3245,863170,4.6,17,Out of Stock,Yes,215
54513,Product 9003,Fashion,Basic,Supplier C,Mumbai WH,23-12-2025,December,693,146,688,22,39,4904,14404,9909952,2.6,20,In Stock,No,129
54514,Product 3879,Home,Standard,Supplier D,Delhi WH,05-07-2025,July,663,71,299,20,182,3462,960,287040,3.3,15,Low Stock,Yes,415
54515,Product 4265,Sports,Standard,Supplier C,Mumbai WH,15-04-2025,April,226,121,151,25,66,7949,4193,633143,2.9,12,In Stock,No,171
54516,Product 8823,Home,Basic,Supplier B,Hyderabad WH,27-07-2025,July,555,250,443,3,99,2794,12711,5630973,3.8,19,Out of Stock,No,359
54517,Product 2431,Fashion,Special,Supplier E,Hyderabad WH,02-01-2025,January,154,324,643,15,196,501,484,311212,3.9,5,In Stock,Yes,-180
54518,Product 3928,Fashion,Basic,Supplier D,Hyderabad WH,14-03-2025,March,500,251,521,15,179,4252,12513,6519273,2.9,4,In Stock,No,215
54519,Product 3907,Fashion,Standard,Supplier B,Pune WH,08-02-2025,February,908,95,399,6,198,9653,10891,4345509,3.5,9,In Stock,No,598
54520,Product 6946,Grocery,Basic,Supplier C,Pune WH,05-04-2025,April,493,13,61,34,164,9916,2200,134200,3.3,9,In Stock,No,411
54521,Product 8727,Beauty,Standard,Supplier C,Pune WH,05-11-2025,November,201,42,65,44,77,1891,3830,248950,4.7,7,Low Stock,No,134
54522,Product 1896,Fashion,Basic,Supplier C,Mumbai WH,06-12-2025,December,193,195,55,23,95,9191,3102,170610,4.1,2,In Stock,No,310
54523,Product 8290,Grocery,Basic,Supplier B,Mumbai WH,15-06-2025,June,209,397,219,48,171,5143,297,65043,3.7,20,Out of Stock,Yes,339
54524,Product 2915,Electronics,Premium,Supplier E,Bengaluru WH,27-05-2025,May,735,106,552,15,70,9700,6039,3333528,4.8,6,Low Stock,Yes,274
54525,Product 3174,Sports,Premium,Supplier D,Hyderabad WH,19-02-2025,February,762,84,178,24,33,695,5359,953902,4.7,4,In Stock,No,644
54526,Product 5669,Grocery,Basic,Supplier E,Delhi WH,18-05-2025,May,407,204,541,29,108,491,9697,5246077,3.6,17,In Stock,Yes,41
54527,Product 4420,Sports,Premium,Supplier A,Mumbai WH,25-08-2025,August,691,240,400,24,105,782,12892,5156800,4.9,12,In Stock,No,507
54528,Product 3329,Fashion,Standard,Supplier E,Bengaluru WH,07-02-2025,February,120,499,698,7,27,3915,9141,6380418,3.9,13,Low Stock,Yes,-86
54529,Product 8458,Electronics,Premium,Supplier D,Mumbai WH,08-03-2025,March,661,500,479,42,138,7864,4150,1987850,2.8,12,In Stock,Yes,640
54530,Product 1779,Beauty,Premium,Supplier A,Pune WH,02-05-2025,May,63,233,559,4,200,1159,1991,1112969,3.1,6,In Stock,No,-267
54531,Product 1897,Grocery,Standard,Supplier E,Delhi WH,30-01-2025,January,929,167,188,22,82,5340,706,132728,4.9,18,In Stock,No,886
54532,Product 3780,Sports,Premium,Supplier C,Hyderabad WH,11-11-2025,November,933,143,694,39,143,205,12959,8993546,4.1,12,Low Stock,No,343
54533,Product 5883,Beauty,Standard,Supplier B,Delhi WH,04-01-2025,January,472,464,16,37,151,3898,4472,71552,2.7,18,In Stock,Yes,883
54534,Product 7202,Grocery,Premium,Supplier C,Mumbai WH,22-03-2025,March,814,498,681,33,106,1001,12376,8428056,3.5,4,In Stock,No,598
54535,Product 3985,Beauty,Standard,Supplier E,Delhi WH,13-06-2025,June,649,49,91,9,56,7176,8913,811083,3.5,14,In Stock,No,598
54536,Product 3973,Grocery,Premium,Supplier B,Hyderabad WH,19-03-2025,March,823,36,349,46,199,5687,10240,3573760,4.4,2,In Stock,No,464
54537,Product 2957,Grocery,Premium,Supplier D,Pune WH,14-11-2025,November,262,414,361,9,47,8044,14004,5055444,2.7,10,Low Stock,No,306
54538,Product 7121,Sports,Basic,Supplier D,Pune WH,07-05-2025,May,253,257,645,14,66,7468,3299,2127855,4.7,1,Low Stock,No,-149
54539,Product 4946,Home,Standard,Supplier B,Pune WH,21-06-2025,June,759,264,296,3,112,1590,7960,2356160,4.5,13,In Stock,No,724
54540,Product 9595,Sports,Premium,Supplier B,Mumbai WH,17-10-2025,October,143,497,384,7,183,83,10403,3994752,3.1,11,In Stock,No,249
54541,Product 6094,Beauty,Standard,Supplier C,Bengaluru WH,17-11-2025,November,44,292,2,20,165,4219,6731,13462,3.8,5,Low Stock,No,314
54542,Product 9558,Beauty,Standard,Supplier B,Hyderabad WH,14-01-2025,January,32,459,74,8,169,1246,8671,641654,4.9,16,In Stock,No,409
54543,Product 4786,Home,Basic,Supplier E,Delhi WH,15-04-2025,April,795,164,69,44,89,1665,5273,363837,3.2,19,Low Stock,No,846
54544,Product 5434,Fashion,Premium,Supplier C,Hyderabad WH,01-06-2025,June,747,13,335,6,194,5066,13623,4563705,3.4,1,In Stock,Yes,419
54545,Product 4942,Grocery,Basic,Supplier C,Delhi WH,11-04-2025,April,128,168,173,12,193,5092,3444,595812,2.7,20,In Stock,No,111
54546,Product 9767,Fashion,Special,Supplier E,Pune WH,06-02-2025,February,102,374,169,19,128,300,9280,1568320,4,18,Low Stock,No,288
54547,Product 9673,Grocery,Special,Supplier B,Delhi WH,05-04-2025,April,499,442,621,47,140,466,380,235980,4.3,6,In Stock,Yes,273
54548,Product 7929,Grocery,Basic,Supplier D,Delhi WH,02-11-2025,November,654,94,151,18,76,2342,625,94375,3.1,1,In Stock,No,579
54549,Product 6064,Sports,Standard,Supplier D,Mumbai WH,05-05-2025,May,340,61,294,6,28,6368,6435,1891890,2.7,19,In Stock,No,101
54550,Product 4204,Beauty,Standard,Supplier D,Bengaluru WH,05-06-2025,June,293,114,62,10,52,4119,1413,87606,4.8,19,Low Stock,No,335
54551,Product 9005,Electronics,Standard,Supplier B,Delhi WH,23-05-2025,May,665,141,601,7,186,5782,2014,1210414,4.6,13,Low Stock,No,198
54552,Product 6260,Beauty,Special,Supplier A,Hyderabad WH,10-11-2025,November,285,276,688,3,51,5112,14625,10062000,4,9,In Stock,No,-130
54553,Product 1880,Sports,Standard,Supplier C,Delhi WH,14-03-2025,March,594,352,533,6,97,9733,1802,960466,3.1,8,Low Stock,No,407
54554,Product 4159,Grocery,Special,Supplier A,Mumbai WH,06-11-2025,November,783,44,216,24,167,4024,588,127008,4.5,1,In Stock,Yes,587
54555,Product 5228,Beauty,Standard,Supplier E,Hyderabad WH,10-02-2025,February,60,24,267,25,79,6321,10559,2819253,3.5,16,Low Stock,No,-208
54556,Product 6784,Sports,Premium,Supplier A,Delhi WH,15-05-2025,May,975,23,524,41,114,1010,14058,7366392,3.2,15,Out of Stock,No,433
54557,Product 6329,Grocery,Basic,Supplier C,Hyderabad WH,29-10-2025,October,214,478,267,10,172,6450,12505,3338835,4.9,2,In Stock,No,415
54558,Product 2137,Home,Premium,Supplier B,Delhi WH,29-12-2025,December,819,216,590,18,95,9729,1619,955210,2.6,4,Low Stock,No,427
54559,Product 9239,Fashion,Premium,Supplier E,Hyderabad WH,18-04-2025,April,889,2,378,0,138,8296,5622,2125116,2.7,11,In Stock,No,513
54560,Product 6181,Electronics,Standard,Supplier D,Pune WH,10-02-2025,February,541,163,141,48,159,8646,4881,688221,4.4,1,In Stock,No,515
54561,Product 8846,Grocery,Standard,Supplier B,Pune WH,03-09-2025,September,642,356,317,31,36,6291,10368,3286656,3,3,Low Stock,No,650
54562,Product 3940,Electronics,Premium,Supplier E,Bengaluru WH,23-10-2025,October,31,78,161,35,128,6164,8633,1389913,3.1,14,In Stock,Yes,-87
54563,Product 6897,Sports,Standard,Supplier E,Mumbai WH,16-05-2025,May,824,101,649,9,24,3640,5650,3666850,4.5,6,In Stock,No,267
54564,Product 3467,Home,Special,Supplier C,Hyderabad WH,12-03-2025,March,729,432,501,49,81,599,3951,1979451,4.1,10,Out of Stock,Yes,611
54565,Product 4455,Grocery,Premium,Supplier D,Pune WH,03-04-2025,April,267,438,218,10,111,8550,3570,778260,3.8,7,Low Stock,No,477
54566,Product 8372,Beauty,Standard,Supplier B,Pune WH,16-07-2025,July,894,495,346,46,31,5941,7995,2766270,4.5,14,In Stock,No,997
54567,Product 4144,Beauty,Standard,Supplier B,Delhi WH,29-04-2025,April,624,170,377,46,198,6090,6666,2513082,3.3,14,In Stock,No,371
54568,Product 4741,Sports,Premium,Supplier C,Hyderabad WH,08-07-2025,July,464,419,159,28,194,2844,10965,1743435,3.7,16,In Stock,No,696
54569,Product 7508,Beauty,Premium,Supplier B,Pune WH,26-03-2025,March,959,173,340,50,120,4209,14442,4910280,2.6,15,In Stock,No,742
54570,Product 2844,Sports,Premium,Supplier A,Pune WH,16-12-2025,December,413,481,458,24,136,5370,6153,2818074,3.2,1,In Stock,No,412
54571,Product 5124,Beauty,Basic,Supplier E,Hyderabad WH,16-12-2025,December,269,462,114,47,167,6490,212,24168,4.2,3,Low Stock,Yes,570
54572,Product 2948,Sports,Basic,Supplier C,Bengaluru WH,09-04-2025,April,510,158,561,19,97,3433,2336,1310496,3.9,13,Low Stock,No,88
54573,Product 9941,Sports,Special,Supplier B,Delhi WH,24-09-2025,September,554,427,559,4,190,2666,14153,7911527,3.3,10,In Stock,Yes,418
54574,Product 6082,Fashion,Special,Supplier E,Delhi WH,31-05-2025,May,653,480,117,11,70,8602,10730,1255410,4.7,2,In Stock,Yes,1005
54575,Product 2248,Electronics,Basic,Supplier A,Hyderabad WH,14-09-2025,September,667,430,495,46,114,5389,8011,3965445,4.1,10,Low Stock,No,556
54576,Product 3879,Grocery,Special,Supplier D,Bengaluru WH,09-02-2025,February,800,110,196,37,188,7517,9772,1915312,3.5,4,Out of Stock,No,677
54577,Product 4774,Electronics,Basic,Supplier D,Hyderabad WH,02-12-2025,December,529,479,393,6,95,9417,3426,1346418,3,15,In Stock,No,609
54578,Product 6150,Fashion,Basic,Supplier B,Pune WH,22-04-2025,April,302,312,252,7,156,1437,9101,2293452,2.6,4,In Stock,No,355
54579,Product 3779,Electronics,Standard,Supplier A,Pune WH,10-05-2025,May,913,300,279,9,39,308,684,190836,3.1,17,In Stock,No,925
54580,Product 4311,Sports,Basic,Supplier D,Hyderabad WH,03-01-2025,January,987,362,575,35,35,8281,12196,7012700,2.6,11,Low Stock,No,739
54581,Product 9875,Fashion,Standard,Supplier E,Hyderabad WH,13-08-2025,August,273,290,540,29,104,2998,8999,4859460,4.4,12,Out of Stock,No,-6
54582,Product 7161,Sports,Standard,Supplier A,Mumbai WH,23-09-2025,September,731,298,80,16,108,2825,4654,372320,3.6,18,Low Stock,Yes,933
54583,Product 7567,Home,Standard,Supplier C,Mumbai WH,29-03-2025,March,79,113,438,47,30,8830,4610,2019180,3.4,19,In Stock,Yes,-293
54584,Product 8840,Beauty,Special,Supplier D,Pune WH,07-02-2025,February,589,174,660,41,136,3437,11668,7700880,4.5,4,In Stock,No,62
54585,Product 1261,Sports,Standard,Supplier A,Mumbai WH,13-11-2025,November,713,322,24,1,78,3159,9033,216792,4.4,18,In Stock,Yes,1010
54586,Product 9660,Grocery,Special,Supplier D,Delhi WH,12-11-2025,November,671,232,618,42,54,4019,2830,1748940,3.5,5,In Stock,No,243
54587,Product 7302,Grocery,Premium,Supplier A,Hyderabad WH,11-02-2025,February,883,69,639,2,42,5522,2123,1356597,2.8,11,In Stock,No,311
54588,Product 1689,Beauty,Premium,Supplier A,Mumbai WH,23-02-2025,February,138,162,85,16,91,2638,13341,1133985,2.9,11,In Stock,No,199
54589,Product 3314,Fashion,Special,Supplier C,Pune WH,06-04-2025,April,586,94,675,20,65,8432,1253,845775,4.5,16,Low Stock,No,-15
54590,Product 5099,Home,Premium,Supplier A,Bengaluru WH,20-05-2025,May,554,87,675,10,153,7539,9370,6324750,4.7,2,In Stock,Yes,-44
54591,Product 6430,Fashion,Standard,Supplier A,Pune WH,20-12-2025,December,564,243,415,6,77,9094,7010,2909150,4.1,11,In Stock,Yes,386
54592,Product 1681,Electronics,Premium,Supplier E,Pune WH,04-12-2025,December,131,363,179,45,112,4352,2267,405793,3.8,6,Low Stock,No,270
54593,Product 3800,Electronics,Basic,Supplier B,Mumbai WH,24-07-2025,July,528,427,54,17,25,2150,14649,791046,2.8,15,In Stock,No,884
54594,Product 7082,Beauty,Standard,Supplier B,Mumbai WH,23-05-2025,May,541,24,113,41,101,2136,5952,672576,4.3,12,In Stock,Yes,411
54595,Product 8517,Fashion,Special,Supplier B,Bengaluru WH,05-12-2025,December,438,287,519,19,168,235,10390,5392410,2.5,11,Out of Stock,Yes,187
54596,Product 3984,Electronics,Premium,Supplier A,Bengaluru WH,07-12-2025,December,252,379,681,7,175,7543,4598,3131238,3.7,18,In Stock,Yes,-57
54597,Product 8760,Beauty,Special,Supplier B,Bengaluru WH,03-11-2025,November,899,360,397,48,44,5815,11241,4462677,4.1,15,In Stock,Yes,814
54598,Product 1807,Fashion,Basic,Supplier D,Bengaluru WH,12-03-2025,March,715,192,98,44,25,55,4430,434140,4.7,3,In Stock,No,765
54599,Product 7633,Sports,Premium,Supplier B,Bengaluru WH,08-12-2025,December,970,415,482,12,84,1251,9267,4466694,4.5,10,Out of Stock,No,891
54600,Product 1140,Electronics,Special,Supplier E,Delhi WH,01-10-2025,October,519,414,87,30,162,5004,3224,280488,3.5,1,In Stock,Yes,816
54601,Product 4880,Home,Special,Supplier A,Pune WH,08-10-2025,October,45,170,86,36,159,1479,13273,1141478,4.6,2,Out of Stock,No,93
54602,Product 8872,Electronics,Standard,Supplier E,Pune WH,03-10-2025,October,901,337,440,22,157,554,339,149160,3.3,1,Low Stock,Yes,776
54603,Product 4653,Home,Premium,Supplier D,Hyderabad WH,15-11-2025,November,55,62,425,2,197,2620,7982,3392350,3.6,12,Low Stock,No,-310
54604,Product 9412,Fashion,Standard,Supplier D,Pune WH,23-08-2025,August,550,471,465,0,200,5381,8899,4138035,4.9,2,In Stock,No,556
54605,Product 8594,Home,Premium,Supplier C,Pune WH,21-06-2025,June,937,66,361,24,40,4102,3860,1393460,4,20,In Stock,No,618
54606,Product 9953,Sports,Basic,Supplier C,Pune WH,10-02-2025,February,839,35,268,25,129,6182,136,36448,4,7,In Stock,No,581
54607,Product 1546,Sports,Standard,Supplier C,Delhi WH,23-05-2025,May,413,132,281,35,160,9748,555,155955,4.6,5,In Stock,No,229
54608,Product 1079,Sports,Basic,Supplier C,Mumbai WH,23-05-2025,May,252,129,688,12,191,8111,6461,4445168,3.5,16,In Stock,No,-319
54609,Product 5010,Grocery,Special,Supplier D,Mumbai WH,10-08-2025,August,217,203,319,49,156,8668,12009,3830871,3.7,14,Low Stock,No,52
54610,Product 3804,Beauty,Premium,Supplier B,Hyderabad WH,14-01-2025,January,841,86,247,10,41,3433,1908,471276,4.9,19,In Stock,No,670
54611,Product 5748,Grocery,Basic,Supplier A,Delhi WH,21-03-2025,March,112,67,41,9,186,2884,4690,192290,3.5,2,In Stock,No,129
54612,Product 5744,Grocery,Special,Supplier C,Hyderabad WH,04-02-2025,February,423,452,430,4,54,6420,5689,2446270,3.6,17,In Stock,No,441
54613,Product 2653,Electronics,Standard,Supplier B,Mumbai WH,05-09-2025,September,742,327,265,38,30,9075,3627,961155,4.2,11,In Stock,No,766
54614,Product 4441,Fashion,Standard,Supplier B,Bengaluru WH,06-06-2025,June,890,143,401,36,131,754,1680,673680,3.3,8,In Stock,No,596
54615,Product 8143,Electronics,Standard,Supplier D,Delhi WH,03-06-2025,June,332,474,356,20,106,9402,3297,1173732,4.7,7,In Stock,No,430
54616,Product 8757,Beauty,Basic,Supplier A,Hyderabad WH,24-08-2025,August,249,148,533,18,79,206,5256,2801448,3.2,10,Out of Stock,No,-154
54617,Product 2589,Grocery,Basic,Supplier D,Bengaluru WH,27-08-2025,August,978,408,401,49,196,9900,3473,1392673,5,16,In Stock,Yes,936
54618,Product 3685,Grocery,Special,Supplier A,Hyderabad WH,23-09-2025,September,448,15,308,44,120,2853,6352,1956416,4.6,4,Low Stock,No,111
54619,Product 7193,Grocery,Standard,Supplier A,Delhi WH,14-07-2025,July,61,105,83,46,177,8905,8113,673379,3.6,12,In Stock,Yes,37
54620,Product 1718,Grocery,Basic,Supplier C,Delhi WH,05-06-2025,June,157,386,375,36,34,6448,9397,3523875,4.1,3,In Stock,No,132
54621,Product 2297,Grocery,Premium,Supplier D,Mumbai WH,28-05-2025,May,863,224,667,48,155,993,9887,6594629,3,4,In Stock,Yes,372
54622,Product 3511,Grocery,Standard,Supplier A,Delhi WH,29-06-2025,June,743,320,47,43,147,919,13925,654475,3.9,7,In Stock,No,973
54623,Product 3749,Grocery,Special,Supplier B,Mumbai WH,08-05-2025,May,942,126,415,36,189,2314,5504,2284160,4.5,9,In Stock,No,617
54624,Product 4767,Home,Special,Supplier E,Bengaluru WH,15-01-2025,January,120,280,400,44,66,421,11922,4768800,4,19,In Stock,No,-44
54625,Product 4652,Beauty,Standard,Supplier B,Pune WH,28-07-2025,July,707,7,580,12,21,3759,8047,4667260,3.6,5,In Stock,No,122
54626,Product 5492,Fashion,Premium,Supplier B,Mumbai WH,30-12-2025,December,998,169,349,43,33,5216,7549,2634601,4.8,13,In Stock,No,775
54627,Product 8254,Fashion,Basic,Supplier D,Pune WH,15-09-2025,September,435,307,407,20,109,2677,11839,4818473,3.9,20,In Stock,No,315
54628,Product 3753,Sports,Premium,Supplier C,Delhi WH,13-09-2025,September,986,207,16,42,182,4792,9258,148128,3.1,19,In Stock,No,1135
54629,Product 6338,Sports,Special,Supplier D,Hyderabad WH,22-01-2025,January,80,427,467,39,189,6578,7083,3307761,3.7,4,Low Stock,No,1
54630,Product 8116,Electronics,Basic,Supplier E,Bengaluru WH,14-11-2025,November,976,494,598,17,173,5228,5697,3406806,4.7,7,In Stock,No,855
54631,Product 4670,Home,Special,Supplier B,Bengaluru WH,23-07-2025,July,856,303,488,12,129,3885,11477,5600776,4,4,Low Stock,No,659
54632,Product 3952,Home,Special,Supplier A,Pune WH,17-10-2025,October,26,57,322,27,105,2545,1914,616308,4.6,7,In Stock,No,-266
54633,Product 1037,Sports,Premium,Supplier E,Hyderabad WH,23-10-2025,October,664,390,519,7,126,9193,13242,6872598,3.4,4,Low Stock,No,528
54634,Product 9680,Grocery,Basic,Supplier D,Delhi WH,20-03-2025,March,822,224,222,39,131,3009,4464,991008,2.5,18,In Stock,No,785
54635,Product 8348,Electronics,Special,Supplier D,Pune WH,02-06-2025,June,184,436,51,15,29,8978,14204,724404,4.7,2,In Stock,Yes,554
54636,Product 7956,Sports,Standard,Supplier A,Pune WH,04-04-2025,April,215,247,256,48,56,6094,11855,3034880,2.8,14,In Stock,Yes,158
54637,Product 3590,Beauty,Special,Supplier C,Mumbai WH,22-02-2025,February,876,237,262,50,163,5438,10822,2835364,2.9,10,In Stock,No,801
54638,Product 5155,Fashion,Basic,Supplier B,Delhi WH,25-06-2025,June,92,494,94,2,191,8429,11688,1098672,4.6,14,Out of Stock,No,490
54639,Product 9134,Fashion,Basic,Supplier C,Mumbai WH,21-07-2025,July,289,181,584,39,121,2737,3768,2200512,3.9,8,In Stock,No,-153
54640,Product 2270,Fashion,Standard,Supplier E,Bengaluru WH,29-01-2025,January,907,359,635,22,82,8520,1486,943610,3.7,14,In Stock,No,609
54641,Product 1446,Grocery,Special,Supplier D,Delhi WH,25-06-2025,June,101,283,575,8,136,1603,6794,3906550,4.5,9,In Stock,Yes,-199
54642,Product 5467,Electronics,Special,Supplier A,Bengaluru WH,22-08-2025,August,945,40,331,4,107,2342,12166,4026946,4,13,Low Stock,No,650
54643,Product 2997,Sports,Premium,Supplier E,Mumbai WH,21-11-2025,November,844,66,221,46,75,9077,8169,1805349,3.2,7,Low Stock,Yes,643
54644,Product 7070,Sports,Standard,Supplier B,Hyderabad WH,07-10-2025,October,45,454,152,35,145,6050,13720,2085440,2.8,18,In Stock,No,312
54645,Product 7406,Sports,Premium,Supplier D,Mumbai WH,27-07-2025,July,737,44,275,6,193,4673,7580,2084500,3.9,12,In Stock,No,500
54646,Product 6189,Fashion,Standard,Supplier D,Pune WH,28-05-2025,May,535,170,150,40,71,7496,1123,168450,3.8,3,In Stock,Yes,515
54647,Product 1199,Home,Special,Supplier E,Delhi WH,05-02-2025,February,153,239,104,3,180,5863,1895,197080,3.1,18,Out of Stock,No,285
54648,Product 8597,Sports,Basic,Supplier D,Bengaluru WH,06-02-2025,February,401,338,446,9,193,5355,4668,2081928,4.8,18,In Stock,No,284
54649,Product 9718,Home,Standard,Supplier E,Bengaluru WH,26-01-2025,January,685,402,501,8,44,4185,13963,6995463,4,3,In Stock,Yes,578
54650,Product 8986,Electronics,Basic,Supplier E,Mumbai WH,31-08-2025,August,424,120,674,6,29,1942,9974,6722476,3.6,3,Out of Stock,No,-136
54651,Product 8129,Beauty,Standard,Supplier B,Pune WH,18-06-2025,June,29,391,69,8,181,1929,3522,243018,4.9,5,In Stock,Yes,343
54652,Product 8676,Grocery,Premium,Supplier A,Mumbai WH,24-04-2025,April,733,208,290,37,187,7007,10496,3043840,2.9,10,Low Stock,No,614
54653,Product 2847,Sports,Premium,Supplier E,Bengaluru WH,12-02-2025,February,492,188,115,21,132,3491,10974,1262010,3.4,9,In Stock,No,544
54654,Product 6725,Fashion,Basic,Supplier C,Mumbai WH,02-10-2025,October,439,43,554,39,149,3278,4813,2666402,3.9,3,In Stock,No,-111
54655,Product 6380,Beauty,Standard,Supplier A,Delhi WH,31-08-2025,August,991,154,240,4,174,8915,10753,2580720,4.8,12,In Stock,No,901
54656,Product 9275,Fashion,Basic,Supplier B,Delhi WH,25-03-2025,March,862,217,298,32,59,2755,2226,663348,2.8,18,In Stock,Yes,749
54657,Product 4518,Sports,Basic,Supplier B,Mumbai WH,23-03-2025,March,896,25,200,29,48,5448,4130,826000,4.4,14,Low Stock,Yes,692
54658,Product 8896,Grocery,Basic,Supplier B,Hyderabad WH,25-02-2025,February,579,315,516,15,160,4771,11684,6028944,4.5,17,Low Stock,No,363
54659,Product 2501,Electronics,Special,Supplier C,Bengaluru WH,27-01-2025,January,903,286,217,31,25,2439,13493,2927981,4,15,In Stock,No,941
54660,Product 4265,Electronics,Standard,Supplier E,Pune WH,29-05-2025,May,144,364,628,17,190,3230,2827,1775356,3.4,8,Low Stock,No,-137
54661,Product 9655,Fashion,Premium,Supplier A,Pune WH,08-09-2025,September,891,10,134,16,79,6837,1845,247230,3.1,20,Low Stock,No,751
54662,Product 5481,Electronics,Standard,Supplier E,Pune WH,04-02-2025,February,489,155,342,7,133,8320,1837,628254,4.5,12,In Stock,No,295
54663,Product 8950,Sports,Standard,Supplier A,Delhi WH,31-12-2025,December,82,53,656,26,27,1404,13023,8543088,2.7,18,In Stock,No,-547
54664,Product 7242,Fashion,Standard,Supplier B,Bengaluru WH,27-02-2025,February,90,439,316,27,143,8928,13602,4298232,5,15,Low Stock,No,186
54665,Product 2849,Sports,Premium,Supplier E,Mumbai WH,26-06-2025,June,384,215,608,39,168,4240,10474,6368192,3.1,11,In Stock,Yes,-48
54666,Product 4198,Electronics,Special,Supplier B,Hyderabad WH,18-08-2025,August,41,63,490,9,99,6835,2516,1232840,4.1,11,In Stock,Yes,-395
54667,Product 6379,Sports,Special,Supplier B,Bengaluru WH,25-11-2025,November,712,138,29,40,174,6370,382,11078,2.8,17,In Stock,Yes,781
54668,Product 4885,Fashion,Basic,Supplier E,Pune WH,22-09-2025,September,775,201,638,23,169,4367,11275,7193450,4.3,13,In Stock,Yes,315
54669,Product 1747,Home,Standard,Supplier D,Hyderabad WH,02-10-2025,October,574,98,681,27,33,3732,12433,8466873,3.7,4,Low Stock,No,-36
54670,Product 3676,Electronics,Special,Supplier A,Delhi WH,01-02-2025,February,544,201,5,14,139,2448,10689,53445,2.7,6,Low Stock,No,726
54671,Product 6340,Fashion,Premium,Supplier A,Pune WH,02-02-2025,February,206,440,617,19,47,2942,7525,4642925,3.5,20,In Stock,No,10
54672,Product 9454,Sports,Standard,Supplier C,Mumbai WH,17-03-2025,March,269,450,398,33,63,5722,7025,2795950,3.8,8,In Stock,No,288
54673,Product 2556,Electronics,Premium,Supplier C,Mumbai WH,18-08-2025,August,793,217,158,2,33,9338,10018,1582844,4.2,7,In Stock,No,850
54674,Product 5035,Beauty,Basic,Supplier D,Delhi WH,19-04-2025,April,571,192,565,27,30,7304,5452,3080380,4.9,11,In Stock,No,171
54675,Product 7533,Grocery,Basic,Supplier D,Bengaluru WH,27-03-2025,March,818,485,145,3,142,4608,9218,1336610,2.5,1,Low Stock,No,1155
54676,Product 6343,Electronics,Basic,Supplier E,Hyderabad WH,28-04-2025,April,371,292,170,3,57,8998,14482,2461940,4.3,1,In Stock,No,490
54677,Product 1870,Beauty,Basic,Supplier B,Bengaluru WH,12-05-2025,May,357,234,185,48,143,4370,10299,1905315,4.6,10,Out of Stock,Yes,358
54678,Product 3887,Home,Basic,Supplier B,Hyderabad WH,10-10-2025,October,28,59,234,47,171,8789,6144,1437696,4.2,2,Low Stock,No,-194
54679,Product 2880,Grocery,Premium,Supplier E,Delhi WH,28-03-2025,March,710,413,506,15,200,128,9157,4633442,4.2,20,Low Stock,Yes,602
54680,Product 7980,Grocery,Premium,Supplier C,Mumbai WH,23-02-2025,February,321,53,428,9,133,344,4113,1760364,3.7,10,In Stock,No,-63
54681,Product 8094,Fashion,Basic,Supplier A,Bengaluru WH,06-04-2025,April,837,104,310,45,68,5030,1355,420050,4.8,20,Low Stock,No,586
54682,Product 4316,Grocery,Standard,Supplier E,Mumbai WH,12-04-2025,April,527,285,417,10,142,2876,13825,5765025,3.1,5,In Stock,No,385
54683,Product 7445,Beauty,Special,Supplier D,Bengaluru WH,04-09-2025,September,436,319,147,14,137,2802,9897,1454859,3.4,1,In Stock,No,594
54684,Product 4598,Electronics,Special,Supplier B,Hyderabad WH,18-02-2025,February,686,364,356,8,78,4878,3071,1093276,2.8,6,Low Stock,No,686
54685,Product 1825,Sports,Premium,Supplier A,Pune WH,17-01-2025,January,779,476,399,14,42,6947,14736,5879664,2.8,3,Out of Stock,No,842
54686,Product 1963,Fashion,Standard,Supplier D,Hyderabad WH,28-11-2025,November,956,159,353,19,75,5925,2563,904739,4.9,6,In Stock,No,743
54687,Product 1117,Fashion,Special,Supplier D,Hyderabad WH,22-05-2025,May,105,267,77,17,60,4844,10688,822976,3.6,2,Low Stock,Yes,278
54688,Product 9211,Fashion,Premium,Supplier B,Bengaluru WH,05-05-2025,May,629,48,493,43,181,8799,10241,5048813,4.2,1,In Stock,No,141
54689,Product 4963,Fashion,Basic,Supplier D,Hyderabad WH,29-08-2025,August,709,427,327,25,63,222,8866,2899182,2.9,3,In Stock,No,784
54690,Product 7216,Home,Basic,Supplier E,Mumbai WH,28-04-2025,April,490,193,116,27,45,4065,5432,630112,4,10,Low Stock,Yes,540
54691,Product 1117,Sports,Premium,Supplier B,Delhi WH,11-10-2025,October,62,71,105,28,80,2161,1413,148365,3,14,In Stock,Yes,0
54692,Product 3057,Grocery,Standard,Supplier E,Bengaluru WH,09-07-2025,July,242,39,12,15,56,1685,13732,164784,4,8,In Stock,No,254
54693,Product 3163,Fashion,Basic,Supplier B,Bengaluru WH,05-04-2025,April,315,9,18,38,121,2541,3999,71982,3.7,16,In Stock,No,268
54694,Product 5291,Grocery,Standard,Supplier D,Pune WH,21-12-2025,December,660,454,596,32,72,5115,7604,4531984,3.7,7,Low Stock,No,486
54695,Product 3660,Fashion,Special,Supplier B,Hyderabad WH,26-10-2025,October,374,283,377,44,188,7212,13681,5157737,4.7,14,Low Stock,Yes,236
54696,Product 7755,Grocery,Premium,Supplier D,Delhi WH,18-07-2025,July,208,157,90,32,159,8061,12876,1158840,2.6,12,Low Stock,No,243
54697,Product 8443,Fashion,Basic,Supplier A,Delhi WH,20-12-2025,December,954,136,415,19,175,3250,11379,4722285,2.6,7,In Stock,No,656
54698,Product 7571,Sports,Premium,Supplier A,Pune WH,19-08-2025,August,596,184,641,35,110,9869,8636,5535676,3.6,8,In Stock,No,104
54699,Product 1168,Home,Premium,Supplier D,Delhi WH,02-09-2025,September,699,445,613,14,93,902,2539,1556407,4.8,6,In Stock,Yes,517
54700,Product 2763,Grocery,Basic,Supplier A,Delhi WH,13-12-2025,December,993,169,281,47,66,6700,4868,1367908,2.7,12,In Stock,No,834
54701,Product 1682,Electronics,Standard,Supplier D,Pune WH,05-11-2025,November,580,52,100,4,141,9758,10797,1079700,4.1,11,Out of Stock,No,528
54702,Product 3975,Home,Standard,Supplier A,Delhi WH,12-06-2025,June,446,162,210,44,95,5358,11660,2448600,4.3,5,In Stock,No,354
54703,Product 8308,Electronics,Basic,Supplier B,Bengaluru WH,23-08-2025,August,20,73,266,29,77,5120,4185,1113210,4.2,11,In Stock,Yes,-202
54704,Product 6254,Home,Basic,Supplier C,Mumbai WH,31-07-2025,July,479,403,256,44,168,4387,9132,2337792,2.9,14,Low Stock,No,582
54705,Product 9653,Fashion,Premium,Supplier E,Mumbai WH,11-07-2025,July,323,411,281,46,98,163,11199,3146919,2.7,5,In Stock,No,407
54706,Product 3024,Grocery,Premium,Supplier D,Pune WH,02-02-2025,February,291,284,513,38,68,1368,9333,4787829,2.6,17,In Stock,Yes,24
54707,Product 6737,Fashion,Standard,Supplier B,Hyderabad WH,26-08-2025,August,294,263,409,29,95,8682,4288,1753792,3.1,17,Low Stock,No,119
54708,Product 2338,Sports,Special,Supplier A,Bengaluru WH,01-04-2025,April,901,413,361,48,56,4379,11405,4117205,4.7,17,Out of Stock,No,905
54709,Product 1597,Home,Premium,Supplier C,Hyderabad WH,25-02-2025,February,686,88,606,49,177,7763,3240,1963440,4.5,1,Out of Stock,Yes,119
54710,Product 8918,Electronics,Standard,Supplier C,Pune WH,18-12-2025,December,839,174,451,7,109,3771,479,216029,4.2,14,In Stock,No,555
54711,Product 8284,Electronics,Basic,Supplier D,Mumbai WH,07-06-2025,June,718,500,580,26,175,1860,7266,4214280,2.9,18,Low Stock,Yes,612
54712,Product 8145,Home,Premium,Supplier D,Pune WH,11-07-2025,July,333,179,415,10,190,3720,9581,3976115,4.5,2,In Stock,No,87
54713,Product 2141,Grocery,Special,Supplier E,Bengaluru WH,22-06-2025,June,990,182,601,32,36,4808,8521,5121121,4,20,In Stock,Yes,539
54714,Product 4446,Electronics,Basic,Supplier D,Delhi WH,28-11-2025,November,156,7,520,39,72,3825,11581,6022120,2.8,8,In Stock,No,-396
54715,Product 9311,Fashion,Standard,Supplier A,Pune WH,09-10-2025,October,581,251,84,33,163,7573,10288,864192,3.3,17,In Stock,No,715
54716,Product 9470,Home,Premium,Supplier B,Bengaluru WH,12-07-2025,July,253,5,627,6,172,8625,3614,2265978,5,14,Low Stock,Yes,-375
54717,Product 4328,Electronics,Standard,Supplier D,Mumbai WH,17-10-2025,October,26,287,360,27,152,8080,7829,2818440,3.9,3,Low Stock,No,-74
54718,Product 3698,Home,Special,Supplier A,Hyderabad WH,30-08-2025,August,721,439,390,21,186,4812,6547,2553330,4.4,12,In Stock,No,749
54719,Product 4757,Sports,Special,Supplier E,Mumbai WH,05-06-2025,June,714,59,620,23,167,9836,10697,6632140,3.8,6,Low Stock,No,130
54720,Product 9429,Grocery,Basic,Supplier E,Bengaluru WH,10-02-2025,February,969,272,495,21,95,8442,14394,7125030,3.6,16,In Stock,No,725
54721,Product 2719,Electronics,Basic,Supplier A,Mumbai WH,14-05-2025,May,665,207,330,10,83,6280,1760,580800,2.5,16,In Stock,No,532
54722,Product 7414,Sports,Basic,Supplier A,Delhi WH,20-02-2025,February,843,150,604,3,128,7723,8401,5074204,4.1,12,In Stock,No,386
54723,Product 7032,Sports,Premium,Supplier B,Mumbai WH,11-05-2025,May,101,272,442,37,148,8431,11217,4957914,4.9,15,Out of Stock,No,-106
54724,Product 4296,Electronics,Premium,Supplier A,Pune WH,24-04-2025,April,323,234,492,6,67,3495,6222,3061224,4,15,In Stock,No,59
54725,Product 5916,Grocery,Premium,Supplier B,Delhi WH,29-04-2025,April,175,493,353,50,148,6461,14294,5045782,3.9,18,Out of Stock,No,265
54726,Product 8898,Electronics,Basic,Supplier E,Bengaluru WH,01-10-2025,October,26,476,477,22,36,8708,7571,3611367,4.5,9,In Stock,No,3
54727,Product 7264,Electronics,Special,Supplier C,Pune WH,19-10-2025,October,729,105,41,49,71,8492,8177,335257,4.3,19,Low Stock,No,744
54728,Product 3351,Beauty,Premium,Supplier D,Delhi WH,20-10-2025,October,666,477,301,20,186,2995,14859,4472559,4.5,10,Low Stock,Yes,822
54729,Product 4050,Beauty,Standard,Supplier D,Hyderabad WH,06-09-2025,September,75,403,565,50,22,1395,10657,6021205,3.5,16,In Stock,No,-137
54730,Product 8656,Fashion,Special,Supplier C,Delhi WH,10-03-2025,March,390,446,85,37,83,2716,565,48025,2.7,12,Low Stock,No,714
54731,Product 6689,Sports,Standard,Supplier B,Bengaluru WH,14-10-2025,October,738,45,205,49,166,645,1599,327795,3,5,In Stock,No,529
54732,Product 6644,Sports,Special,Supplier B,Pune WH,05-10-2025,October,184,126,165,20,188,5960,13384,2208360,4.7,20,Out of Stock,No,125
54733,Product 1149,Beauty,Special,Supplier C,Hyderabad WH,04-05-2025,May,294,439,268,48,63,9929,7619,2041892,4.8,7,In Stock,Yes,417
54734,Product 5906,Grocery,Special,Supplier E,Bengaluru WH,03-11-2025,November,973,353,460,27,137,9453,3463,1592980,3.3,14,In Stock,Yes,839
54735,Product 9264,Beauty,Standard,Supplier E,Mumbai WH,09-04-2025,April,190,165,508,30,161,4598,7584,3852672,3.9,12,Out of Stock,No,-183
54736,Product 7973,Grocery,Premium,Supplier B,Delhi WH,16-07-2025,July,351,43,318,21,93,3403,3695,1175010,2.5,11,Low Stock,No,55
54737,Product 4795,Beauty,Special,Supplier C,Hyderabad WH,20-07-2025,July,88,83,373,32,107,293,8161,3044053,2.9,1,In Stock,No,-234
54738,Product 2961,Grocery,Premium,Supplier C,Bengaluru WH,04-01-2025,January,968,230,562,35,41,3948,1585,890770,4,12,In Stock,No,601
54739,Product 4985,Beauty,Basic,Supplier E,Mumbai WH,25-08-2025,August,292,369,249,23,182,2617,12674,3155826,2.7,5,In Stock,Yes,389
54740,Product 8769,Sports,Basic,Supplier C,Pune WH,06-11-2025,November,559,191,44,41,35,6658,139,6116,3.4,8,Low Stock,Yes,665
54741,Product 5778,Beauty,Special,Supplier E,Hyderabad WH,10-07-2025,July,297,459,342,22,177,1083,9019,3084498,2.7,1,In Stock,No,392
54742,Product 2171,Sports,Premium,Supplier B,Delhi WH,21-05-2025,May,642,165,564,33,20,9102,8558,4826712,2.9,20,In Stock,No,210
54743,Product 1623,Home,Special,Supplier D,Hyderabad WH,16-04-2025,April,305,348,250,32,48,9770,1100,275000,3.8,11,In Stock,No,371
54744,Product 7590,Beauty,Basic,Supplier D,Mumbai WH,04-02-2025,February,865,252,582,28,177,3128,4356,2535192,2.8,3,Low Stock,No,507
54745,Product 2959,Beauty,Standard,Supplier E,Hyderabad WH,05-11-2025,November,353,233,357,49,85,4147,3833,1368381,3.4,13,In Stock,Yes,180
54746,Product 5542,Electronics,Basic,Supplier A,Mumbai WH,20-07-2025,July,567,380,417,21,196,216,14779,6162843,3.2,5,In Stock,No,509
54747,Product 5615,Grocery,Basic,Supplier E,Delhi WH,27-08-2025,August,381,387,355,9,20,6385,13278,4713690,4.4,12,In Stock,No,404
54748,Product 1395,Grocery,Premium,Supplier D,Hyderabad WH,25-02-2025,February,513,281,308,24,103,5014,6042,1860936,2.9,11,In Stock,No,462
54749,Product 2714,Grocery,Premium,Supplier C,Pune WH,23-08-2025,August,102,110,227,29,31,1483,6476,1470052,4.4,13,In Stock,No,-44
54750,Product 1336,Sports,Special,Supplier E,Delhi WH,11-04-2025,April,463,496,686,14,114,1196,14995,10286570,3.3,9,In Stock,Yes,259
54751,Product 1368,Grocery,Standard,Supplier B,Pune WH,30-06-2025,June,767,313,166,40,41,5625,2867,475922,3.7,7,Out of Stock,Yes,874
54752,Product 3460,Grocery,Premium,Supplier E,Pune WH,04-05-2025,May,605,192,310,7,139,3172,7069,2191390,2.6,4,In Stock,No,480
54753,Product 3435,Sports,Premium,Supplier A,Delhi WH,07-04-2025,April,553,48,152,31,70,4573,13007,1977064,4.7,10,Low Stock,No,418
54754,Product 7232,Grocery,Standard,Supplier E,Hyderabad WH,01-11-2025,November,286,217,485,16,62,1984,8081,3919285,4,7,Out of Stock,No,2
54755,Product 1078,Sports,Standard,Supplier C,Mumbai WH,20-07-2025,July,859,370,372,35,153,9075,317,117924,2.9,4,Low Stock,Yes,822
54756,Product 7129,Beauty,Special,Supplier A,Mumbai WH,03-04-2025,April,136,350,541,10,75,4497,4806,2600046,4.5,18,In Stock,No,-65
54757,Product 1136,Electronics,Standard,Supplier C,Bengaluru WH,30-10-2025,October,375,429,131,6,192,5109,4398,576138,5,18,Low Stock,No,667
54758,Product 5226,Electronics,Special,Supplier D,Bengaluru WH,18-12-2025,December,871,108,33,47,40,9544,13265,437745,2.9,1,Low Stock,No,899
54759,Product 9089,Fashion,Special,Supplier B,Bengaluru WH,03-12-2025,December,858,306,23,50,194,4572,9862,226826,4.4,13,In Stock,No,1091
54760,Product 9416,Fashion,Basic,Supplier D,Pune WH,13-04-2025,April,755,53,283,42,127,5319,6078,1720074,4.5,3,In Stock,Yes,483
54761,Product 5161,Fashion,Basic,Supplier A,Hyderabad WH,14-01-2025,January,361,4,238,27,130,6887,8875,2112250,4.6,17,Low Stock,No,100
54762,Product 3471,Grocery,Basic,Supplier B,Delhi WH,12-05-2025,May,27,319,173,14,102,485,10489,1814597,4.1,2,In Stock,Yes,159
54763,Product 5947,Sports,Premium,Supplier A,Delhi WH,23-02-2025,February,901,49,578,39,142,2373,8021,4636138,3.4,1,In Stock,No,333
54764,Product 5726,Electronics,Special,Supplier D,Bengaluru WH,17-11-2025,November,974,309,670,19,63,1367,14415,9658050,4.2,2,In Stock,No,594
54765,Product 3233,Electronics,Basic,Supplier A,Pune WH,31-05-2025,May,647,269,114,49,110,3957,5588,637032,3,1,Low Stock,No,753
54766,Product 2883,Beauty,Premium,Supplier B,Mumbai WH,18-01-2025,January,134,308,304,31,23,1040,5059,1537936,3.6,11,In Stock,No,107
54767,Product 9113,Sports,Special,Supplier E,Hyderabad WH,06-03-2025,March,148,189,21,16,76,2415,591,12411,4.4,16,In Stock,Yes,300
54768,Product 7138,Home,Premium,Supplier C,Mumbai WH,02-11-2025,November,881,103,404,19,97,4697,6982,2820728,2.9,2,Low Stock,Yes,561
54769,Product 5444,Electronics,Special,Supplier B,Bengaluru WH,10-08-2025,August,977,132,515,43,98,4379,14815,7629725,3,12,In Stock,No,551
54770,Product 1128,Home,Special,Supplier E,Mumbai WH,26-12-2025,December,210,211,127,31,200,2555,12246,1555242,2.9,16,In Stock,No,263
54771,Product 6260,Home,Basic,Supplier E,Pune WH,10-02-2025,February,761,4,218,42,98,5506,3703,807254,4.6,10,In Stock,No,505
54772,Product 5921,Electronics,Premium,Supplier D,Mumbai WH,18-03-2025,March,979,379,4,31,127,1953,10281,41124,4.9,14,In Stock,No,1323
54773,Product 1526,Grocery,Basic,Supplier E,Pune WH,19-11-2025,November,159,443,88,41,38,2197,10748,945824,4.1,20,In Stock,Yes,473
54774,Product 8392,Fashion,Premium,Supplier A,Delhi WH,30-07-2025,July,297,143,678,20,50,5799,14315,9705570,4.6,16,In Stock,No,-258
54775,Product 2241,Grocery,Standard,Supplier C,Mumbai WH,31-12-2025,December,746,212,552,0,199,7279,3130,1727760,3.7,5,Low Stock,No,406
54776,Product 3334,Sports,Standard,Supplier B,Mumbai WH,21-11-2025,November,376,97,438,43,116,6485,10912,4779456,2.8,11,In Stock,Yes,-8
54777,Product 2253,Grocery,Special,Supplier D,Mumbai WH,18-09-2025,September,995,491,97,22,166,5904,12653,1227341,4.4,1,In Stock,No,1367
54778,Product 8874,Grocery,Premium,Supplier B,Mumbai WH,09-02-2025,February,956,281,244,23,147,3069,4986,1216584,2.6,18,In Stock,No,970
54779,Product 8803,Beauty,Basic,Supplier A,Pune WH,21-08-2025,August,926,119,480,6,156,6339,9942,4772160,4.2,19,In Stock,No,559
54780,Product 8280,Home,Special,Supplier B,Pune WH,24-10-2025,October,962,204,159,26,173,7743,2195,349005,4.7,13,In Stock,No,981
54781,Product 5488,Fashion,Basic,Supplier C,Pune WH,12-07-2025,July,805,443,576,37,147,9341,8659,4987584,2.9,1,In Stock,Yes,635
54782,Product 4734,Beauty,Basic,Supplier B,Bengaluru WH,06-10-2025,October,893,454,347,32,74,5384,6230,2161810,3.5,13,In Stock,No,968
54783,Product 2542,Beauty,Standard,Supplier E,Delhi WH,19-02-2025,February,271,18,375,21,97,6656,12913,4842375,3,17,In Stock,No,-107
54784,Product 1680,Fashion,Basic,Supplier C,Pune WH,26-10-2025,October,485,201,138,3,184,7762,9462,1305756,4.7,8,In Stock,No,545
54785,Product 9807,Beauty,Special,Supplier B,Mumbai WH,30-07-2025,July,393,90,401,16,136,7701,12933,5186133,3.9,10,Low Stock,No,66
54786,Product 8572,Beauty,Special,Supplier D,Delhi WH,28-12-2025,December,142,481,381,12,134,7385,3722,1418082,2.6,16,In Stock,No,230
54787,Product 1963,Sports,Premium,Supplier B,Hyderabad WH,15-01-2025,January,614,299,135,30,135,8840,121,16335,4.5,13,In Stock,No,748
54788,Product 3576,Grocery,Premium,Supplier A,Delhi WH,26-01-2025,January,965,150,278,11,87,6008,12615,3506970,4.8,4,Low Stock,No,826
54789,Product 5030,Fashion,Standard,Supplier B,Hyderabad WH,14-10-2025,October,404,218,140,34,45,6077,1991,278740,4.5,1,In Stock,No,448
54790,Product 2167,Home,Standard,Supplier B,Hyderabad WH,25-01-2025,January,927,78,71,24,39,388,4505,319855,3.2,5,In Stock,No,910
54791,Product 9990,Sports,Premium,Supplier A,Mumbai WH,10-04-2025,April,367,332,688,42,163,7744,13471,9268048,4.8,9,Low Stock,Yes,-31
54792,Product 1766,Home,Basic,Supplier B,Pune WH,19-02-2025,February,777,60,334,29,51,164,856,285904,2.8,4,Low Stock,No,474
54793,Product 9224,Beauty,Basic,Supplier B,Bengaluru WH,16-06-2025,June,77,211,611,15,158,7117,1617,987987,3.4,16,In Stock,No,-338
54794,Product 7456,Sports,Premium,Supplier C,Mumbai WH,08-07-2025,July,615,278,68,1,84,1923,1062,72216,4.5,9,In Stock,No,824
54795,Product 6370,Beauty,Premium,Supplier B,Pune WH,30-09-2025,September,462,185,108,27,96,7725,8006,864648,3.2,5,In Stock,No,512
54796,Product 2600,Home,Standard,Supplier C,Hyderabad WH,28-08-2025,August,118,395,696,26,172,4718,1387,965352,3.5,3,Low Stock,Yes,-209
54797,Product 5657,Fashion,Basic,Supplier C,Hyderabad WH,23-02-2025,February,247,368,60,13,154,1710,8415,504900,4.9,7,In Stock,No,542
54798,Product 9044,Electronics,Basic,Supplier C,Pune WH,12-05-2025,May,895,61,408,43,55,5771,8793,3587544,4.4,9,In Stock,Yes,505
54799,Product 3327,Sports,Basic,Supplier C,Bengaluru WH,27-05-2025,May,232,248,473,0,87,4459,10965,5186445,2.5,1,Low Stock,No,7
54800,Product 4869,Sports,Premium,Supplier A,Delhi WH,30-05-2025,May,138,87,77,1,69,7282,12240,942480,3.6,4,In Stock,Yes,147
54801,Product 6307,Home,Premium,Supplier D,Bengaluru WH,19-05-2025,May,289,387,581,46,48,1633,7488,4350528,5,16,In Stock,No,49
54802,Product 9463,Home,Standard,Supplier C,Mumbai WH,05-03-2025,March,843,320,480,30,116,5433,7778,3733440,4.2,8,In Stock,No,653
54803,Product 5708,Sports,Special,Supplier B,Bengaluru WH,26-02-2025,February,765,278,680,48,53,6601,11239,7642520,3,15,In Stock,No,315
54804,Product 7460,Beauty,Basic,Supplier E,Bengaluru WH,12-09-2025,September,592,23,438,29,49,4666,465,203670,4.6,13,In Stock,No,148
54805,Product 4005,Electronics,Special,Supplier B,Pune WH,02-09-2025,September,460,448,422,39,184,6472,10674,4504428,3,5,In Stock,No,447
54806,Product 4931,Sports,Premium,Supplier A,Delhi WH,02-08-2025,August,254,156,402,39,44,9205,4392,1765584,2.5,13,In Stock,No,-31
54807,Product 6057,Sports,Special,Supplier A,Hyderabad WH,15-07-2025,July,85,309,44,19,166,8007,12945,569580,4.3,1,In Stock,Yes,331
54808,Product 5165,Fashion,Standard,Supplier A,Mumbai WH,20-08-2025,August,917,338,296,13,109,4994,1102,326192,4.6,13,In Stock,Yes,946
54809,Product 3960,Home,Premium,Supplier A,Delhi WH,25-05-2025,May,765,154,461,10,126,9710,1772,816892,4.7,5,In Stock,No,448
54810,Product 7794,Home,Standard,Supplier E,Mumbai WH,27-12-2025,December,842,233,316,50,129,5538,12706,4015096,4.5,6,In Stock,No,709
54811,Product 9804,Fashion,Basic,Supplier D,Pune WH,10-06-2025,June,602,187,527,29,155,245,12597,6638619,4,5,Out of Stock,No,233
54812,Product 7576,Grocery,Premium,Supplier A,Mumbai WH,03-09-2025,September,50,7,696,14,122,342,14785,10290360,2.6,14,In Stock,No,-653
54813,Product 1467,Grocery,Premium,Supplier D,Hyderabad WH,02-01-2025,January,43,199,599,2,172,1609,12646,7574954,4.5,9,In Stock,No,-359
54814,Product 1633,Beauty,Standard,Supplier C,Bengaluru WH,23-04-2025,April,333,262,543,7,80,778,5902,3204786,3.5,8,In Stock,Yes,45
54815,Product 3968,Sports,Premium,Supplier A,Delhi WH,26-08-2025,August,75,7,698,16,200,2666,8130,5674740,3.4,12,In Stock,No,-632
54816,Product 4694,Home,Standard,Supplier D,Mumbai WH,24-04-2025,April,533,37,143,20,108,7943,12682,1813526,4.7,18,Out of Stock,No,407
54817,Product 8758,Fashion,Special,Supplier B,Delhi WH,30-04-2025,April,181,358,625,20,122,86,1065,665625,4.4,4,In Stock,Yes,-106
54818,Product 1207,Electronics,Basic,Supplier A,Bengaluru WH,23-04-2025,April,820,495,103,39,153,9253,951,97953,4.2,10,In Stock,No,1173
54819,Product 5123,Sports,Basic,Supplier C,Pune WH,02-05-2025,May,436,250,237,43,152,1490,6391,1514667,4.1,15,In Stock,Yes,406
54820,Product 3607,Fashion,Basic,Supplier C,Delhi WH,05-04-2025,April,225,87,457,33,59,2740,5024,2295968,3.4,20,In Stock,No,-178
54821,Product 1165,Beauty,Special,Supplier A,Pune WH,13-07-2025,July,339,426,599,12,157,4092,180,107820,3.3,2,In Stock,No,154
54822,Product 1391,Sports,Standard,Supplier A,Pune WH,13-04-2025,April,464,230,56,21,46,1372,6847,383432,4.3,3,In Stock,Yes,617
54823,Product 3893,Sports,Basic,Supplier B,Delhi WH,06-02-2025,February,727,373,643,29,192,5428,3710,2385530,3.8,12,Low Stock,No,428
54824,Product 7736,Fashion,Standard,Supplier C,Pune WH,20-11-2025,November,972,365,291,50,40,4848,11002,3201582,4.2,6,Out of Stock,No,996
54825,Product 3087,Fashion,Basic,Supplier D,Bengaluru WH,24-01-2025,January,887,364,604,31,81,4567,5207,3145028,3.6,16,In Stock,No,616
54826,Product 7901,Beauty,Premium,Supplier E,Mumbai WH,01-10-2025,October,441,212,445,16,152,8125,5929,2638405,3,5,Low Stock,No,192
54827,Product 3039,Electronics,Standard,Supplier E,Hyderabad WH,27-10-2025,October,932,311,297,2,130,8126,364,108108,3.8,9,In Stock,No,944
54828,Product 2964,Grocery,Premium,Supplier D,Mumbai WH,01-10-2025,October,785,113,266,41,164,8713,4490,1194340,3.4,12,In Stock,No,591
54829,Product 7916,Grocery,Special,Supplier C,Delhi WH,07-05-2025,May,254,459,397,4,49,7698,3730,1480810,3.2,4,In Stock,No,312
54830,Product 6121,Grocery,Basic,Supplier C,Hyderabad WH,13-09-2025,September,388,486,67,1,156,4905,164,10988,2.8,13,In Stock,Yes,806
54831,Product 1154,Grocery,Special,Supplier D,Delhi WH,16-02-2025,February,652,262,654,46,59,143,6173,4037142,3.9,16,In Stock,No,214
54832,Product 1243,Sports,Special,Supplier E,Hyderabad WH,11-09-2025,September,773,153,227,2,70,1828,8841,2006907,4.6,18,Low Stock,No,697
54833,Product 9483,Sports,Premium,Supplier D,Pune WH,22-09-2025,September,649,84,640,19,113,3207,10118,6475520,3.1,8,Low Stock,No,74
54834,Product 3213,Beauty,Special,Supplier C,Mumbai WH,16-09-2025,September,928,311,448,10,58,1529,13801,6182848,3,15,In Stock,No,781
54835,Product 2168,Sports,Basic,Supplier E,Mumbai WH,02-02-2025,February,424,287,311,39,52,3027,2187,680157,2.8,12,Out of Stock,Yes,361
54836,Product 1616,Fashion,Special,Supplier D,Pune WH,14-04-2025,April,143,423,378,34,137,2800,547,206766,2.9,15,Low Stock,No,154
54837,Product 4645,Beauty,Basic,Supplier E,Delhi WH,25-05-2025,May,50,458,531,34,116,9508,1051,558081,3.2,14,Low Stock,No,-57
54838,Product 1663,Sports,Special,Supplier D,Hyderabad WH,17-09-2025,September,596,170,635,22,139,5315,11884,7546340,4.8,10,In Stock,No,109
54839,Product 6640,Fashion,Premium,Supplier E,Hyderabad WH,18-05-2025,May,774,10,427,11,119,4394,10976,4686752,3.1,13,In Stock,No,346
54840,Product 4568,Grocery,Premium,Supplier C,Bengaluru WH,01-07-2025,July,332,75,118,10,193,1449,9376,1106368,3,4,Out of Stock,No,279
54841,Product 7355,Electronics,Premium,Supplier A,Hyderabad WH,11-08-2025,August,38,241,159,7,34,4405,8566,1361994,3.9,8,In Stock,No,113
54842,Product 5124,Beauty,Standard,Supplier B,Delhi WH,28-02-2025,February,315,103,30,15,23,1848,4109,123270,3.2,7,Low Stock,No,373
54843,Product 6544,Electronics,Special,Supplier C,Delhi WH,27-01-2025,January,400,3,114,0,20,8859,3043,346902,3.7,1,In Stock,Yes,289
54844,Product 9541,Sports,Premium,Supplier D,Pune WH,15-04-2025,April,170,308,568,36,88,2162,9964,5659552,2.8,14,In Stock,Yes,-126
54845,Product 7693,Sports,Special,Supplier B,Hyderabad WH,17-01-2025,January,167,54,691,10,161,2912,2341,1617631,4.4,14,In Stock,No,-480
54846,Product 6952,Fashion,Standard,Supplier E,Delhi WH,02-12-2025,December,169,447,699,48,106,7660,10978,7673622,3.2,16,Out of Stock,No,-131
54847,Product 5375,Fashion,Special,Supplier A,Hyderabad WH,04-11-2025,November,662,440,312,5,200,3262,13831,4315272,4.8,9,In Stock,No,785
54848,Product 6161,Home,Standard,Supplier E,Hyderabad WH,02-01-2025,January,440,477,444,39,180,825,393,174492,3.8,10,Low Stock,No,434
54849,Product 7371,Beauty,Basic,Supplier A,Delhi WH,07-11-2025,November,631,342,639,27,198,3598,9817,6273063,4.7,7,Low Stock,No,307
54850,Product 4705,Grocery,Standard,Supplier E,Bengaluru WH,16-10-2025,October,152,140,289,13,39,3108,1377,397953,4.2,16,In Stock,No,-10
54851,Product 1478,Sports,Premium,Supplier A,Mumbai WH,09-11-2025,November,395,496,370,2,113,5211,6657,2463090,3.8,5,In Stock,No,519
54852,Product 3711,Home,Special,Supplier C,Pune WH,14-12-2025,December,268,65,572,29,159,5990,13826,7908472,4.4,10,Out of Stock,No,-268
54853,Product 5662,Beauty,Premium,Supplier E,Mumbai WH,19-08-2025,August,735,33,44,18,22,8809,3007,132308,5,14,In Stock,No,706
54854,Product 1975,Fashion,Basic,Supplier D,Bengaluru WH,14-11-2025,November,97,336,542,17,132,407,191,103522,4.3,1,In Stock,No,-126
54855,Product 7595,Grocery,Premium,Supplier E,Delhi WH,30-06-2025,June,478,109,3,12,146,9246,8607,25821,4.9,9,In Stock,No,572
54856,Product 1320,Beauty,Basic,Supplier C,Hyderabad WH,14-02-2025,February,593,204,216,7,88,6310,12358,2669328,3,14,Low Stock,No,574
54857,Product 1652,Home,Premium,Supplier E,Mumbai WH,24-09-2025,September,715,53,147,43,26,9969,564,82908,4.2,9,In Stock,Yes,578
54858,Product 7949,Grocery,Premium,Supplier A,Mumbai WH,01-12-2025,December,994,208,199,20,168,6215,10288,2047312,4.3,5,Low Stock,Yes,983
54859,Product 1571,Home,Premium,Supplier D,Hyderabad WH,06-05-2025,May,156,310,229,12,70,1289,755,172895,2.9,15,In Stock,Yes,225
54860,Product 9792,Grocery,Basic,Supplier C,Hyderabad WH,27-02-2025,February,307,45,246,22,152,8106,2782,684372,4,12,In Stock,No,84
54861,Product 1766,Grocery,Special,Supplier D,Hyderabad WH,18-07-2025,July,589,1,229,0,33,1049,7178,1643762,3.4,12,Low Stock,No,361
54862,Product 2385,Beauty,Special,Supplier C,Mumbai WH,24-10-2025,October,795,386,454,49,127,2445,12571,5707234,3.4,18,In Stock,No,678
54863,Product 4800,Sports,Basic,Supplier A,Mumbai WH,14-06-2025,June,388,248,204,14,175,526,8976,1831104,4.6,13,In Stock,No,418
54864,Product 7172,Beauty,Basic,Supplier D,Pune WH,08-07-2025,July,45,354,634,47,168,3314,164,103976,2.8,9,In Stock,No,-282
54865,Product 6426,Home,Basic,Supplier E,Hyderabad WH,09-11-2025,November,473,39,617,1,25,9479,11871,7324407,3.8,16,Low Stock,No,-106
54866,Product 8760,Electronics,Basic,Supplier D,Hyderabad WH,28-09-2025,September,418,226,165,41,111,8498,10718,1768470,4.2,1,Out of Stock,No,438
54867,Product 5325,Fashion,Premium,Supplier C,Bengaluru WH,22-04-2025,April,392,352,511,18,116,8389,1766,902426,2.8,6,In Stock,Yes,215
54868,Product 4573,Grocery,Basic,Supplier C,Delhi WH,12-03-2025,March,567,446,446,14,39,697,4780,2131880,3.5,9,In Stock,No,553
54869,Product 4864,Beauty,Basic,Supplier B,Hyderabad WH,30-03-2025,March,994,78,43,49,38,2783,6329,272147,4.5,6,Low Stock,No,980
54870,Product 6301,Beauty,Premium,Supplier A,Bengaluru WH,03-08-2025,August,680,268,79,48,136,4234,14879,1175441,3.3,13,Low Stock,Yes,821
54871,Product 5497,Beauty,Premium,Supplier A,Mumbai WH,10-06-2025,June,285,432,97,25,156,4624,1964,190508,3.4,12,In Stock,No,595
54872,Product 9343,Electronics,Special,Supplier C,Hyderabad WH,04-04-2025,April,713,306,403,22,160,4814,8307,3347721,3.8,9,Out of Stock,No,594
54873,Product 6916,Electronics,Premium,Supplier B,Hyderabad WH,06-06-2025,June,797,176,82,13,144,5172,9036,740952,3.7,18,Low Stock,No,878
54874,Product 5076,Sports,Special,Supplier D,Delhi WH,23-07-2025,July,385,77,107,27,85,5532,5053,540671,3.3,10,In Stock,Yes,328
54875,Product 1071,Fashion,Standard,Supplier E,Pune WH,02-05-2025,May,525,164,554,50,175,2114,9063,5020902,3,17,In Stock,No,85
54876,Product 6799,Grocery,Premium,Supplier E,Bengaluru WH,23-07-2025,July,224,58,695,9,59,1242,1899,1319805,2.9,8,In Stock,No,-422
54877,Product 2036,Sports,Premium,Supplier A,Mumbai WH,17-06-2025,June,543,57,183,15,146,7472,6239,1141737,3,9,In Stock,Yes,402
54878,Product 4105,Fashion,Standard,Supplier D,Hyderabad WH,11-03-2025,March,495,25,629,13,66,7906,11665,7337285,3.1,3,Low Stock,No,-122
54879,Product 6682,Grocery,Special,Supplier B,Delhi WH,12-07-2025,July,974,447,426,4,75,4491,11432,4870032,3.2,2,Low Stock,No,991
54880,Product 5440,Home,Premium,Supplier B,Bengaluru WH,18-10-2025,October,448,396,276,15,21,9411,1634,450984,3.8,2,Low Stock,No,553
54881,Product 9921,Home,Special,Supplier B,Delhi WH,20-08-2025,August,168,35,88,48,38,9248,10612,933856,2.8,15,In Stock,No,67
54882,Product 1399,Sports,Standard,Supplier A,Hyderabad WH,13-03-2025,March,75,165,449,48,158,2326,4087,1835063,3.6,1,Low Stock,No,-257
54883,Product 8317,Beauty,Special,Supplier A,Delhi WH,16-03-2025,March,477,124,551,13,109,6301,1634,900334,3.6,3,Low Stock,No,37
54884,Product 5894,Electronics,Standard,Supplier B,Bengaluru WH,09-05-2025,May,782,302,43,41,92,3388,13343,573749,4.3,12,Out of Stock,No,1000
54885,Product 9087,Beauty,Standard,Supplier B,Delhi WH,23-06-2025,June,644,456,502,8,167,9734,7753,3892006,3.1,13,In Stock,No,590
54886,Product 7724,Grocery,Premium,Supplier E,Pune WH,17-04-2025,April,330,343,55,44,182,4115,8092,445060,3.1,7,In Stock,No,574
54887,Product 8159,Grocery,Premium,Supplier A,Delhi WH,18-05-2025,May,67,337,318,22,30,4008,11680,3714240,3.2,13,In Stock,No,64
54888,Product 6936,Grocery,Premium,Supplier D,Pune WH,18-11-2025,November,269,167,258,13,77,664,7304,1884432,3.8,8,In Stock,No,165
54889,Product 8970,Fashion,Standard,Supplier B,Bengaluru WH,28-12-2025,December,385,107,299,28,124,1994,249,74451,3.1,1,In Stock,No,165
54890,Product 5683,Home,Standard,Supplier A,Mumbai WH,04-03-2025,March,841,418,656,31,94,2505,10542,6915552,3.2,19,In Stock,No,572
54891,Product 9583,Beauty,Standard,Supplier E,Hyderabad WH,10-02-2025,February,282,326,679,8,192,3081,14881,10104199,4.8,12,In Stock,Yes,-79
54892,Product 5351,Fashion,Premium,Supplier C,Hyderabad WH,12-07-2025,July,717,346,182,46,22,6599,14074,2561468,3.2,16,In Stock,No,835
54893,Product 7901,Sports,Premium,Supplier D,Bengaluru WH,20-11-2025,November,630,483,59,12,137,9804,5102,301018,3.9,20,Low Stock,No,1042
54894,Product 4634,Sports,Special,Supplier E,Bengaluru WH,21-01-2025,January,934,360,586,34,108,7943,13071,7659606,3,8,In Stock,Yes,674
54895,Product 1930,Sports,Standard,Supplier D,Bengaluru WH,26-06-2025,June,905,394,109,29,81,4940,2233,243397,4.5,8,In Stock,No,1161
54896,Product 5044,Grocery,Premium,Supplier B,Delhi WH,21-02-2025,February,309,478,103,44,50,2455,6945,715335,5,11,In Stock,No,640
54897,Product 1121,Home,Standard,Supplier D,Delhi WH,09-12-2025,December,660,120,674,43,83,2847,9165,6177210,3.6,9,In Stock,No,63
54898,Product 5912,Sports,Basic,Supplier D,Pune WH,13-09-2025,September,334,78,422,25,139,3929,11943,5039946,3,6,In Stock,Yes,-35
54899,Product 5907,Grocery,Standard,Supplier C,Bengaluru WH,02-08-2025,August,790,313,113,40,136,3110,4698,530874,2.6,6,Low Stock,No,950
54900,Product 5049,Electronics,Standard,Supplier B,Pune WH,29-09-2025,September,196,36,595,47,166,8039,11812,7028140,3.9,12,In Stock,No,-410
54901,Product 8850,Fashion,Standard,Supplier B,Bengaluru WH,11-07-2025,July,826,395,450,34,189,5599,8264,3718800,3.6,17,Low Stock,No,737
54902,Product 6126,Electronics,Standard,Supplier D,Pune WH,21-01-2025,January,102,316,199,10,176,1973,8322,1656078,3.4,13,In Stock,Yes,209
54903,Product 8483,Sports,Premium,Supplier D,Pune WH,05-12-2025,December,140,2,516,25,94,1174,10412,5372592,4.4,4,In Stock,Yes,-399
54904,Product 7755,Fashion,Basic,Supplier E,Delhi WH,24-09-2025,September,288,349,46,38,37,416,12175,560050,3.9,1,In Stock,No,553
54905,Product 7218,Home,Premium,Supplier C,Hyderabad WH,25-03-2025,March,281,327,74,20,93,9868,12211,903614,3.8,12,Low Stock,No,514
54906,Product 9967,Grocery,Special,Supplier D,Delhi WH,12-03-2025,March,449,147,635,16,102,4897,8599,5460365,4.2,17,Low Stock,No,-55
54907,Product 9473,Grocery,Special,Supplier E,Bengaluru WH,14-01-2025,January,89,436,57,43,52,2191,8522,485754,4.9,4,In Stock,Yes,425
54908,Product 8218,Grocery,Standard,Supplier B,Delhi WH,17-12-2025,December,861,50,657,47,37,5795,1649,1083393,4.5,15,In Stock,No,207
54909,Product 3423,Grocery,Basic,Supplier E,Hyderabad WH,13-08-2025,August,682,473,259,22,74,3939,7593,1966587,3,6,In Stock,No,874
54910,Product 9606,Fashion,Special,Supplier C,Hyderabad WH,14-10-2025,October,873,161,12,36,25,6169,1374,16488,3.7,2,In Stock,No,986
54911,Product 9606,Electronics,Premium,Supplier C,Bengaluru WH,29-05-2025,May,817,140,254,13,71,4597,1115,283210,3.3,4,In Stock,Yes,690
54912,Product 7507,Home,Special,Supplier E,Delhi WH,28-07-2025,July,963,274,46,0,93,1105,11992,551632,2.6,10,In Stock,Yes,1191
54913,Product 6235,Sports,Special,Supplier E,Hyderabad WH,05-01-2025,January,932,263,47,28,176,9510,8351,392497,2.9,7,In Stock,Yes,1120
54914,Product 4156,Home,Standard,Supplier E,Pune WH,09-09-2025,September,243,77,131,43,148,1953,747,97857,4.3,10,In Stock,No,146
54915,Product 8437,Grocery,Standard,Supplier D,Delhi WH,12-05-2025,May,96,226,609,48,24,6641,6128,3731952,4.3,12,In Stock,Yes,-335
54916,Product 2561,Grocery,Special,Supplier D,Bengaluru WH,31-10-2025,October,806,399,183,29,109,6870,2328,426024,3.2,12,In Stock,No,993
54917,Product 3331,Fashion,Premium,Supplier D,Pune WH,25-04-2025,April,234,329,411,1,120,4310,1637,672807,3.6,6,In Stock,Yes,151
54918,Product 9261,Fashion,Basic,Supplier E,Pune WH,04-07-2025,July,23,42,697,47,116,1251,5315,3704555,4.2,15,In Stock,No,-679
54919,Product 8596,Beauty,Standard,Supplier A,Hyderabad WH,02-07-2025,July,886,73,543,47,178,2370,14198,7709514,4.5,8,Low Stock,No,369
54920,Product 7872,Grocery,Standard,Supplier E,Pune WH,14-07-2025,July,169,346,298,50,140,9012,7483,2229934,3.8,2,In Stock,No,167
54921,Product 2851,Home,Standard,Supplier B,Mumbai WH,10-12-2025,December,901,482,157,43,176,147,3411,535527,4.3,14,Low Stock,No,1183
54922,Product 2523,Fashion,Special,Supplier A,Mumbai WH,23-05-2025,May,736,45,25,0,35,1791,4919,122975,2.8,4,In Stock,No,756
54923,Product 8805,Sports,Basic,Supplier B,Mumbai WH,09-09-2025,September,612,35,633,28,197,3926,10971,6944643,4.4,1,Low Stock,No,-14
54924,Product 9319,Grocery,Basic,Supplier E,Pune WH,01-08-2025,August,822,258,647,1,126,5814,11132,7202404,4.6,8,In Stock,No,432
54925,Product 4885,Electronics,Basic,Supplier D,Mumbai WH,21-11-2025,November,835,3,593,0,127,9660,13620,8076660,3.1,12,Low Stock,Yes,245
54926,Product 6954,Electronics,Basic,Supplier C,Pune WH,17-10-2025,October,39,491,68,43,78,6319,11189,760852,2.7,9,In Stock,No,419
54927,Product 1616,Home,Standard,Supplier D,Mumbai WH,07-01-2025,January,223,366,582,5,194,2554,6613,3848766,2.7,17,In Stock,No,2
54928,Product 8832,Home,Standard,Supplier E,Bengaluru WH,06-12-2025,December,96,439,396,36,47,2293,6563,2598948,3.9,9,In Stock,No,103
54929,Product 4165,Fashion,Special,Supplier B,Bengaluru WH,04-04-2025,April,363,331,4,35,163,8212,3376,13504,2.8,11,Low Stock,Yes,655
54930,Product 9673,Grocery,Special,Supplier E,Delhi WH,23-10-2025,October,531,378,246,40,100,2727,4457,1096422,4.9,2,Low Stock,No,623
54931,Product 5052,Home,Basic,Supplier C,Pune WH,03-12-2025,December,744,481,6,24,179,4886,14825,88950,2.7,3,In Stock,No,1195
54932,Product 7432,Fashion,Standard,Supplier D,Delhi WH,06-02-2025,February,720,130,336,33,162,4552,6917,2324112,2.6,3,Low Stock,No,481
54933,Product 2403,Fashion,Basic,Supplier D,Pune WH,30-04-2025,April,723,246,686,2,178,2446,7002,4803372,3.7,11,Low Stock,No,281
54934,Product 7964,Beauty,Standard,Supplier D,Delhi WH,16-07-2025,July,554,280,469,29,162,8318,5580,2617020,3.4,10,In Stock,No,336
54935,Product 3125,Sports,Premium,Supplier D,Bengaluru WH,14-05-2025,May,611,10,326,46,200,1863,7204,2348504,3.1,16,Low Stock,No,249
54936,Product 1752,Electronics,Special,Supplier E,Delhi WH,07-09-2025,September,635,456,667,30,64,7276,5189,3461063,3.7,17,In Stock,No,394
54937,Product 9927,Home,Premium,Supplier D,Mumbai WH,12-04-2025,April,252,280,417,45,128,8515,10476,4368492,4.9,18,In Stock,No,70
54938,Product 4455,Home,Standard,Supplier D,Bengaluru WH,17-08-2025,August,266,485,514,3,131,1804,11441,5880674,3.7,14,Low Stock,Yes,234
54939,Product 3472,Beauty,Special,Supplier C,Bengaluru WH,17-03-2025,March,161,378,228,37,113,3053,7812,1781136,3.1,15,Low Stock,Yes,274
54940,Product 1920,Fashion,Premium,Supplier A,Pune WH,08-08-2025,August,864,441,229,28,100,2560,1586,363194,4.6,16,In Stock,No,1048
54941,Product 2457,Home,Special,Supplier E,Mumbai WH,02-06-2025,June,150,460,342,35,94,2847,11337,3877254,4.3,8,In Stock,No,233
54942,Product 2764,Sports,Standard,Supplier A,Delhi WH,11-03-2025,March,874,23,243,1,35,169,12306,2990358,3,15,Low Stock,No,653
54943,Product 1669,Electronics,Standard,Supplier D,Hyderabad WH,17-01-2025,January,607,2,464,29,24,209,6105,2832720,2.7,5,In Stock,Yes,116
54944,Product 2887,Sports,Premium,Supplier D,Delhi WH,18-07-2025,July,794,236,46,5,169,7863,11128,511888,2.9,20,In Stock,No,979
54945,Product 8132,Fashion,Special,Supplier C,Hyderabad WH,24-12-2025,December,598,117,268,7,118,153,2358,631944,2.7,19,Out of Stock,No,440
54946,Product 9791,Electronics,Standard,Supplier D,Mumbai WH,02-10-2025,October,601,229,535,32,88,8961,14207,7600745,2.9,11,Low Stock,No,263
54947,Product 8746,Grocery,Standard,Supplier E,Hyderabad WH,20-06-2025,June,483,306,378,42,45,8458,12635,4776030,2.7,9,Out of Stock,No,369
54948,Product 1952,Fashion,Premium,Supplier E,Mumbai WH,20-11-2025,November,735,220,367,19,40,2753,11775,4321425,3.4,1,Low Stock,Yes,569
54949,Product 6399,Home,Special,Supplier C,Pune WH,23-08-2025,August,164,82,266,41,31,6355,9231,2455446,4.7,17,In Stock,No,-61
54950,Product 6021,Beauty,Special,Supplier B,Bengaluru WH,08-07-2025,July,585,339,435,46,180,7276,7583,3298605,3,9,Low Stock,No,443
54951,Product 4338,Sports,Premium,Supplier D,Delhi WH,27-04-2025,April,413,177,618,8,25,1474,14216,8785488,3.7,13,Out of Stock,Yes,-36
54952,Product 8023,Grocery,Special,Supplier E,Pune WH,28-07-2025,July,805,348,500,46,173,5459,6259,3129500,4.2,1,In Stock,No,607
54953,Product 9538,Fashion,Premium,Supplier A,Bengaluru WH,22-06-2025,June,643,121,455,26,28,2368,3288,1496040,2.8,20,In Stock,No,283
54954,Product 6125,Home,Premium,Supplier B,Hyderabad WH,08-04-2025,April,146,245,525,15,187,466,13576,7127400,4.8,6,In Stock,Yes,-149
54955,Product 1205,Electronics,Premium,Supplier A,Hyderabad WH,17-03-2025,March,517,254,452,0,80,2867,1919,867388,2.6,20,Low Stock,No,319
54956,Product 1755,Sports,Special,Supplier B,Hyderabad WH,06-07-2025,July,556,285,479,29,183,4357,9874,4729646,4.4,3,In Stock,No,333
54957,Product 3003,Grocery,Standard,Supplier A,Bengaluru WH,21-03-2025,March,614,251,87,11,170,263,9108,792396,3.1,6,Low Stock,No,767
54958,Product 4976,Electronics,Premium,Supplier C,Delhi WH,10-03-2025,March,941,467,357,33,165,5108,12923,4613511,3.3,5,In Stock,No,1018
54959,Product 8345,Home,Premium,Supplier D,Mumbai WH,14-03-2025,March,245,93,135,3,68,5043,8550,1154250,4.8,8,Low Stock,No,200
54960,Product 8307,Home,Special,Supplier C,Pune WH,13-06-2025,June,529,392,209,16,25,5097,10982,2295238,4.9,6,In Stock,Yes,696
54961,Product 9359,Home,Basic,Supplier B,Delhi WH,25-01-2025,January,920,433,354,6,52,7052,8739,3093606,4.4,8,In Stock,No,993
54962,Product 9964,Electronics,Special,Supplier E,Mumbai WH,06-03-2025,March,28,261,321,17,176,7272,5399,1733079,4.5,18,Out of Stock,No,-49
54963,Product 3188,Home,Special,Supplier B,Pune WH,04-02-2025,February,175,488,120,7,114,7417,8521,1022520,4.1,12,In Stock,Yes,536
54964,Product 6119,Electronics,Standard,Supplier E,Mumbai WH,04-08-2025,August,601,104,205,36,130,8344,4333,888265,2.9,2,In Stock,No,464
54965,Product 2108,Fashion,Premium,Supplier A,Bengaluru WH,20-06-2025,June,522,49,19,17,156,5534,10338,196422,4.8,18,In Stock,No,535
54966,Product 7042,Home,Special,Supplier C,Hyderabad WH,19-11-2025,November,914,349,614,20,47,1507,12754,7830956,3.2,5,Out of Stock,No,629
54967,Product 7289,Electronics,Special,Supplier C,Bengaluru WH,14-05-2025,May,680,468,614,44,24,7291,10469,6427966,2.6,18,Out of Stock,No,490
54968,Product 7440,Sports,Standard,Supplier C,Mumbai WH,07-11-2025,November,449,478,36,38,85,5839,6998,251928,4.8,20,In Stock,No,853
54969,Product 5708,Sports,Special,Supplier C,Bengaluru WH,14-07-2025,July,754,139,167,0,135,3606,12649,2112383,4.5,15,In Stock,Yes,726
54970,Product 2340,Electronics,Premium,Supplier D,Mumbai WH,28-03-2025,March,731,264,422,2,172,479,13852,5845544,2.9,9,In Stock,No,571
54971,Product 7964,Sports,Basic,Supplier C,Delhi WH,12-01-2025,January,327,224,509,5,121,7011,9735,4955115,3.6,1,In Stock,Yes,37
54972,Product 8250,Home,Premium,Supplier A,Bengaluru WH,14-08-2025,August,972,464,125,24,48,631,10560,1320000,4,20,In Stock,Yes,1287
54973,Product 5107,Grocery,Standard,Supplier D,Pune WH,12-12-2025,December,204,400,374,38,119,2305,11418,4270332,4.7,18,Low Stock,No,192
54974,Product 7513,Grocery,Special,Supplier E,Hyderabad WH,17-12-2025,December,409,107,185,46,128,5812,1414,261590,4,15,Low Stock,Yes,285
54975,Product 5730,Sports,Standard,Supplier A,Hyderabad WH,02-03-2025,March,255,125,224,18,112,9512,13700,3068800,2.8,4,Low Stock,Yes,138
54976,Product 4822,Home,Special,Supplier D,Pune WH,19-12-2025,December,533,372,64,24,55,2744,13755,880320,3.3,9,Low Stock,No,817
54977,Product 3275,Grocery,Basic,Supplier E,Pune WH,17-10-2025,October,884,257,4,37,67,5178,10085,40340,3.1,9,In Stock,No,1100
54978,Product 4515,Electronics,Special,Supplier A,Bengaluru WH,18-05-2025,May,96,221,173,23,74,258,7696,1331408,2.8,15,In Stock,No,121
54979,Product 3758,Electronics,Special,Supplier B,Bengaluru WH,21-09-2025,September,845,460,130,45,31,7671,3994,519220,3.3,19,In Stock,No,1130
54980,Product 7111,Electronics,Premium,Supplier B,Pune WH,17-07-2025,July,91,362,635,29,200,805,3707,2353945,4.7,18,Low Stock,Yes,-211
54981,Product 4237,Fashion,Standard,Supplier D,Pune WH,19-09-2025,September,386,396,686,46,122,8139,6375,4373250,3.8,19,In Stock,No,50
54982,Product 7927,Electronics,Standard,Supplier B,Bengaluru WH,20-05-2025,May,437,307,596,26,98,7754,4795,2857820,3.8,5,In Stock,No,122
54983,Product 7104,Grocery,Basic,Supplier C,Pune WH,20-04-2025,April,511,150,153,38,50,9536,4920,752760,2.6,12,Out of Stock,No,470
54984,Product 4179,Sports,Premium,Supplier C,Delhi WH,16-10-2025,October,146,354,315,27,200,5413,7267,2289105,3.5,9,Low Stock,No,158
54985,Product 1153,Beauty,Premium,Supplier E,Mumbai WH,15-01-2025,January,875,450,544,16,80,4976,11431,6218464,2.9,7,In Stock,Yes,765
54986,Product 8203,Beauty,Basic,Supplier B,Delhi WH,30-03-2025,March,305,200,147,45,55,9078,9487,1394589,4.4,20,In Stock,No,313
54987,Product 4274,Beauty,Basic,Supplier B,Bengaluru WH,05-12-2025,December,225,477,493,38,177,9358,10902,5374686,2.9,19,Low Stock,Yes,171
54988,Product 3979,Home,Special,Supplier A,Mumbai WH,12-06-2025,June,105,201,504,35,42,3119,845,425880,2.9,15,Out of Stock,No,-233
54989,Product 1802,Grocery,Basic,Supplier C,Hyderabad WH,10-05-2025,May,519,410,313,47,79,781,4301,1346213,2.8,3,In Stock,No,569
54990,Product 2790,Beauty,Premium,Supplier B,Pune WH,21-06-2025,June,292,316,311,35,107,5326,7236,2250396,4.2,18,In Stock,No,262
54991,Product 4350,Home,Premium,Supplier D,Delhi WH,25-07-2025,July,744,211,253,20,169,9008,14610,3696330,2.6,6,In Stock,No,682
54992,Product 2390,Electronics,Basic,Supplier D,Bengaluru WH,25-03-2025,March,657,153,335,23,50,5535,5196,1740660,3.1,4,Low Stock,No,452
54993,Product 3782,Grocery,Basic,Supplier D,Pune WH,28-04-2025,April,94,329,450,12,169,6523,8303,3736350,4.2,15,In Stock,Yes,-39
54994,Product 7220,Electronics,Special,Supplier C,Hyderabad WH,09-08-2025,August,664,9,557,21,107,7561,4791,2668587,4.7,4,In Stock,No,95
54995,Product 1988,Electronics,Premium,Supplier C,Bengaluru WH,10-06-2025,June,33,240,492,36,41,8123,6077,2989884,3.2,13,Low Stock,Yes,-255
54996,Product 2529,Fashion,Standard,Supplier A,Delhi WH,08-05-2025,May,692,495,479,11,171,5532,1175,562825,2.7,11,Low Stock,Yes,697
54997,Product 4574,Fashion,Premium,Supplier A,Bengaluru WH,06-04-2025,April,871,160,225,45,138,7541,5687,1279575,3.6,6,In Stock,No,761
54998,Product 5587,Home,Standard,Supplier C,Mumbai WH,16-02-2025,February,872,211,272,20,184,8553,4196,1141312,3.4,16,In Stock,No,791
54999,Product 2529,Home,Premium,Supplier B,Hyderabad WH,20-06-2025,June,214,474,594,20,153,8012,8765,5206410,3.1,19,Low Stock,No,74
55000,Product 7401,Home,Standard,Supplier C,Hyderabad WH,29-07-2025,July,622,205,253,27,85,9722,7092,1794276,4.4,5,Low Stock,No,547
